"ID","loan_status"
0,"Yes"
1,"Yes"
2,"No"
3,"Yes"
4,"No"
5,"Yes"
6,"Yes"
7,"Yes"
8,"Yes"
9,"Yes"
10,"No"
11,"No"
12,"No"
13,"No"
14,"No"
15,"No"
16,"No"
17,"No"
18,"No"
19,"Yes"
20,"No"
21,"Yes"
22,"No"
23,"No"
24,"Yes"
25,"No"
26,"No"
27,"No"
28,"Yes"
29,"No"
30,"No"
31,"Yes"
32,"No"
33,"No"
34,"No"
35,"Yes"
36,"No"
37,"No"
38,"No"
39,"No"
40,"No"
41,"No"
42,"Yes"
43,"No"
44,"No"
45,"No"
46,"No"
47,"Yes"
48,"No"
49,"No"
50,"Yes"
51,"No"
52,"No"
53,"Yes"
54,"No"
55,"No"
56,"No"
57,"Yes"
58,"No"
59,"No"
60,"No"
61,"No"
62,"Yes"
63,"No"
64,"No"
65,"Yes"
66,"No"
67,"No"
68,"No"
69,"Yes"
70,"No"
71,"No"
72,"No"
73,"Yes"
74,"No"
75,"No"
76,"No"
77,"No"
78,"Yes"
79,"No"
80,"No"
81,"No"
82,"No"
83,"No"
84,"No"
85,"No"
86,"No"
87,"Yes"
88,"Yes"
89,"Yes"
90,"No"
91,"Yes"
92,"No"
93,"Yes"
94,"Yes"
95,"Yes"
96,"Yes"
97,"Yes"
98,"No"
99,"Yes"
100,"No"
101,"No"
102,"No"
103,"No"
104,"No"
105,"No"
106,"Yes"
107,"No"
108,"No"
109,"No"
110,"No"
111,"Yes"
112,"Yes"
113,"Yes"
114,"No"
115,"No"
116,"No"
117,"No"
118,"No"
119,"No"
120,"No"
121,"No"
122,"Yes"
123,"No"
124,"No"
125,"Yes"
126,"No"
127,"No"
128,"No"
129,"No"
130,"No"
131,"Yes"
132,"Yes"
133,"No"
134,"No"
135,"No"
136,"Yes"
137,"Yes"
138,"No"
139,"No"
140,"No"
141,"Yes"
142,"No"
143,"No"
144,"No"
145,"No"
146,"Yes"
147,"Yes"
148,"No"
149,"No"
150,"No"
151,"No"
152,"No"
153,"Yes"
154,"No"
155,"Yes"
156,"Yes"
157,"No"
158,"No"
159,"No"
160,"Yes"
161,"Yes"
162,"No"
163,"No"
164,"No"
165,"No"
166,"Yes"
167,"Yes"
168,"No"
169,"Yes"
170,"Yes"
171,"No"
172,"No"
173,"No"
174,"No"
175,"Yes"
176,"No"
177,"No"
178,"Yes"
179,"Yes"
180,"No"
181,"No"
182,"No"
183,"No"
184,"No"
185,"No"
186,"Yes"
187,"No"
188,"Yes"
189,"Yes"
190,"Yes"
191,"No"
192,"No"
193,"Yes"
194,"Yes"
195,"No"
196,"No"
197,"Yes"
198,"No"
199,"No"
200,"Yes"
201,"Yes"
202,"No"
203,"No"
204,"No"
205,"No"
206,"No"
207,"No"
208,"No"
209,"Yes"
210,"No"
211,"No"
212,"No"
213,"No"
214,"No"
215,"Yes"
216,"No"
217,"No"
218,"No"
219,"No"
220,"No"
221,"No"
222,"No"
223,"No"
224,"No"
225,"No"
226,"No"
227,"No"
228,"No"
229,"No"
230,"No"
231,"No"
232,"No"
233,"Yes"
234,"No"
235,"Yes"
236,"No"
237,"No"
238,"No"
239,"Yes"
240,"No"
241,"No"
242,"No"
243,"No"
244,"No"
245,"No"
246,"No"
247,"No"
248,"Yes"
249,"No"
250,"No"
251,"Yes"
252,"Yes"
253,"No"
254,"No"
255,"No"
256,"No"
257,"No"
258,"No"
259,"No"
260,"No"
261,"Yes"
262,"No"
263,"Yes"
264,"Yes"
265,"No"
266,"Yes"
267,"Yes"
268,"Yes"
269,"Yes"
270,"No"
271,"No"
272,"Yes"
273,"Yes"
274,"Yes"
275,"Yes"
276,"No"
277,"Yes"
278,"No"
279,"No"
280,"No"
281,"No"
282,"Yes"
283,"No"
284,"Yes"
285,"Yes"
286,"Yes"
287,"No"
288,"Yes"
289,"Yes"
290,"Yes"
291,"No"
292,"No"
293,"Yes"
294,"No"
295,"Yes"
296,"Yes"
297,"Yes"
298,"Yes"
299,"No"
300,"No"
301,"Yes"
302,"No"
303,"No"
304,"No"
305,"Yes"
306,"No"
307,"Yes"
308,"Yes"
309,"Yes"
310,"No"
311,"No"
312,"Yes"
313,"No"
314,"No"
315,"No"
316,"No"
317,"No"
318,"No"
319,"Yes"
320,"Yes"
321,"No"
322,"No"
323,"No"
324,"No"
325,"No"
326,"No"
327,"No"
328,"Yes"
329,"No"
330,"No"
331,"No"
332,"No"
333,"Yes"
334,"No"
335,"No"
336,"No"
337,"Yes"
338,"No"
339,"Yes"
340,"No"
341,"Yes"
342,"No"
343,"Yes"
344,"Yes"
345,"Yes"
346,"No"
347,"No"
348,"No"
349,"No"
350,"Yes"
351,"Yes"
352,"Yes"
353,"Yes"
354,"No"
355,"No"
356,"No"
357,"No"
358,"No"
359,"No"
360,"Yes"
361,"No"
362,"Yes"
363,"No"
364,"Yes"
365,"No"
366,"Yes"
367,"Yes"
368,"No"
369,"No"
370,"No"
371,"Yes"
372,"No"
373,"No"
374,"Yes"
375,"No"
376,"Yes"
377,"No"
378,"No"
379,"No"
380,"No"
381,"No"
382,"No"
383,"No"
384,"Yes"
385,"No"
386,"Yes"
387,"No"
388,"No"
389,"Yes"
390,"Yes"
391,"No"
392,"Yes"
393,"No"
394,"Yes"
395,"No"
396,"No"
397,"No"
398,"Yes"
399,"No"
400,"No"
401,"Yes"
402,"No"
403,"No"
404,"No"
405,"No"
406,"No"
407,"Yes"
408,"Yes"
409,"Yes"
410,"Yes"
411,"No"
412,"No"
413,"No"
414,"No"
415,"No"
416,"No"
417,"Yes"
418,"No"
419,"No"
420,"No"
421,"No"
422,"No"
423,"No"
424,"No"
425,"No"
426,"Yes"
427,"No"
428,"No"
429,"No"
430,"No"
431,"No"
432,"Yes"
433,"No"
434,"Yes"
435,"Yes"
436,"Yes"
437,"No"
438,"No"
439,"Yes"
440,"No"
441,"No"
442,"Yes"
443,"No"
444,"Yes"
445,"No"
446,"No"
447,"No"
448,"No"
449,"Yes"
450,"No"
451,"No"
452,"No"
453,"Yes"
454,"No"
455,"No"
456,"Yes"
457,"No"
458,"Yes"
459,"No"
460,"No"
461,"Yes"
462,"No"
463,"No"
464,"No"
465,"No"
466,"No"
467,"Yes"
468,"Yes"
469,"No"
470,"No"
471,"Yes"
472,"No"
473,"Yes"
474,"No"
475,"No"
476,"Yes"
477,"Yes"
478,"Yes"
479,"Yes"
480,"No"
481,"No"
482,"No"
483,"No"
484,"Yes"
485,"No"
486,"Yes"
487,"No"
488,"Yes"
489,"No"
490,"No"
491,"No"
492,"Yes"
493,"No"
494,"No"
495,"No"
496,"Yes"
497,"No"
498,"No"
499,"No"
500,"No"
501,"No"
502,"No"
503,"Yes"
504,"No"
505,"No"
506,"No"
507,"No"
508,"Yes"
509,"No"
510,"No"
511,"No"
512,"No"
513,"No"
514,"No"
515,"No"
516,"No"
517,"No"
518,"No"
519,"Yes"
520,"Yes"
521,"No"
522,"No"
523,"No"
524,"No"
525,"No"
526,"No"
527,"Yes"
528,"No"
529,"No"
530,"Yes"
531,"No"
532,"Yes"
533,"Yes"
534,"Yes"
535,"No"
536,"No"
537,"No"
538,"No"
539,"No"
540,"Yes"
541,"Yes"
542,"No"
543,"Yes"
544,"No"
545,"Yes"
546,"No"
547,"Yes"
548,"Yes"
549,"No"
550,"Yes"
551,"No"
552,"Yes"
553,"No"
554,"No"
555,"No"
556,"No"
557,"No"
558,"Yes"
559,"No"
560,"No"
561,"No"
562,"No"
563,"No"
564,"No"
565,"Yes"
566,"No"
567,"No"
568,"Yes"
569,"No"
570,"No"
571,"No"
572,"No"
573,"No"
574,"Yes"
575,"No"
576,"No"
577,"Yes"
578,"Yes"
579,"No"
580,"Yes"
581,"No"
582,"No"
583,"Yes"
584,"No"
585,"No"
586,"Yes"
587,"Yes"
588,"No"
589,"Yes"
590,"No"
591,"Yes"
592,"Yes"
593,"No"
594,"No"
595,"No"
596,"Yes"
597,"Yes"
598,"No"
599,"No"
600,"No"
601,"Yes"
602,"No"
603,"Yes"
604,"Yes"
605,"No"
606,"No"
607,"No"
608,"No"
609,"No"
610,"Yes"
611,"No"
612,"No"
613,"Yes"
614,"No"
615,"Yes"
616,"No"
617,"Yes"
618,"No"
619,"Yes"
620,"Yes"
621,"No"
622,"Yes"
623,"Yes"
624,"No"
625,"Yes"
626,"Yes"
627,"No"
628,"No"
629,"Yes"
630,"Yes"
631,"No"
632,"No"
633,"Yes"
634,"No"
635,"Yes"
636,"No"
637,"No"
638,"No"
639,"Yes"
640,"No"
641,"Yes"
642,"No"
643,"Yes"
644,"No"
645,"No"
646,"No"
647,"Yes"
648,"No"
649,"No"
650,"No"
651,"Yes"
652,"No"
653,"No"
654,"No"
655,"No"
656,"No"
657,"No"
658,"No"
659,"Yes"
660,"No"
661,"Yes"
662,"Yes"
663,"Yes"
664,"No"
665,"No"
666,"Yes"
667,"No"
668,"No"
669,"No"
670,"No"
671,"No"
672,"No"
673,"No"
674,"No"
675,"No"
676,"No"
677,"Yes"
678,"No"
679,"Yes"
680,"Yes"
681,"No"
682,"No"
683,"Yes"
684,"No"
685,"No"
686,"No"
687,"Yes"
688,"No"
689,"Yes"
690,"No"
691,"No"
692,"No"
693,"Yes"
694,"No"
695,"No"
696,"Yes"
697,"No"
698,"No"
699,"No"
700,"No"
701,"No"
702,"No"
703,"Yes"
704,"Yes"
705,"No"
706,"No"
707,"No"
708,"Yes"
709,"No"
710,"No"
711,"No"
712,"No"
713,"No"
714,"No"
715,"Yes"
716,"Yes"
717,"No"
718,"No"
719,"No"
720,"No"
721,"No"
722,"No"
723,"Yes"
724,"No"
725,"No"
726,"No"
727,"Yes"
728,"Yes"
729,"Yes"
730,"Yes"
731,"No"
732,"Yes"
733,"Yes"
734,"Yes"
735,"No"
736,"No"
737,"No"
738,"No"
739,"Yes"
740,"Yes"
741,"No"
742,"Yes"
743,"Yes"
744,"No"
745,"No"
746,"Yes"
747,"No"
748,"No"
749,"No"
750,"No"
751,"Yes"
752,"No"
753,"No"
754,"No"
755,"Yes"
756,"No"
757,"No"
758,"Yes"
759,"No"
760,"No"
761,"No"
762,"Yes"
763,"No"
764,"No"
765,"No"
766,"No"
767,"Yes"
768,"No"
769,"No"
770,"Yes"
771,"No"
772,"No"
773,"No"
774,"No"
775,"No"
776,"Yes"
777,"No"
778,"No"
779,"No"
780,"No"
781,"No"
782,"Yes"
783,"No"
784,"No"
785,"Yes"
786,"Yes"
787,"No"
788,"No"
789,"Yes"
790,"No"
791,"No"
792,"No"
793,"Yes"
794,"No"
795,"No"
796,"No"
797,"No"
798,"No"
799,"No"
800,"No"
801,"Yes"
802,"Yes"
803,"No"
804,"No"
805,"Yes"
806,"No"
807,"Yes"
808,"No"
809,"No"
810,"No"
811,"No"
812,"Yes"
813,"No"
814,"No"
815,"Yes"
816,"No"
817,"No"
818,"Yes"
819,"Yes"
820,"Yes"
821,"No"
822,"No"
823,"No"
824,"Yes"
825,"No"
826,"No"
827,"No"
828,"No"
829,"No"
830,"Yes"
831,"Yes"
832,"Yes"
833,"Yes"
834,"No"
835,"No"
836,"No"
837,"Yes"
838,"No"
839,"No"
840,"No"
841,"No"
842,"No"
843,"Yes"
844,"Yes"
845,"Yes"
846,"No"
847,"Yes"
848,"No"
849,"No"
850,"Yes"
851,"No"
852,"Yes"
853,"No"
854,"Yes"
855,"Yes"
856,"No"
857,"No"
858,"Yes"
859,"Yes"
860,"Yes"
861,"No"
862,"No"
863,"Yes"
864,"No"
865,"No"
866,"No"
867,"Yes"
868,"No"
869,"No"
870,"Yes"
871,"Yes"
872,"No"
873,"No"
874,"No"
875,"Yes"
876,"No"
877,"No"
878,"Yes"
879,"No"
880,"No"
881,"Yes"
882,"No"
883,"No"
884,"No"
885,"No"
886,"No"
887,"No"
888,"Yes"
889,"No"
890,"Yes"
891,"Yes"
892,"No"
893,"No"
894,"No"
895,"No"
896,"Yes"
897,"No"
898,"Yes"
899,"No"
900,"Yes"
901,"No"
902,"Yes"
903,"Yes"
904,"No"
905,"No"
906,"No"
907,"Yes"
908,"Yes"
909,"Yes"
910,"Yes"
911,"No"
912,"No"
913,"No"
914,"Yes"
915,"No"
916,"Yes"
917,"No"
918,"Yes"
919,"No"
920,"No"
921,"No"
922,"Yes"
923,"Yes"
924,"No"
925,"Yes"
926,"No"
927,"No"
928,"No"
929,"No"
930,"Yes"
931,"No"
932,"Yes"
933,"No"
934,"No"
935,"No"
936,"No"
937,"Yes"
938,"Yes"
939,"No"
940,"Yes"
941,"No"
942,"No"
943,"Yes"
944,"Yes"
945,"Yes"
946,"No"
947,"Yes"
948,"Yes"
949,"No"
950,"No"
951,"No"
952,"Yes"
953,"No"
954,"Yes"
955,"No"
956,"No"
957,"Yes"
958,"No"
959,"Yes"
960,"No"
961,"No"
962,"Yes"
963,"Yes"
964,"No"
965,"Yes"
966,"No"
967,"Yes"
968,"No"
969,"No"
970,"Yes"
971,"Yes"
972,"No"
973,"Yes"
974,"No"
975,"No"
976,"Yes"
977,"Yes"
978,"No"
979,"No"
980,"No"
981,"Yes"
982,"Yes"
983,"No"
984,"Yes"
985,"Yes"
986,"No"
987,"Yes"
988,"Yes"
989,"No"
990,"No"
991,"Yes"
992,"Yes"
993,"No"
994,"No"
995,"No"
996,"No"
997,"No"
998,"No"
999,"No"
1000,"Yes"
1001,"No"
1002,"No"
1003,"Yes"
1004,"No"
1005,"No"
1006,"No"
1007,"No"
1008,"Yes"
1009,"No"
1010,"No"
1011,"No"
1012,"No"
1013,"No"
1014,"Yes"
1015,"No"
1016,"No"
1017,"No"
1018,"Yes"
1019,"Yes"
1020,"Yes"
1021,"No"
1022,"No"
1023,"No"
1024,"Yes"
1025,"Yes"
1026,"No"
1027,"No"
1028,"No"
1029,"Yes"
1030,"Yes"
1031,"Yes"
1032,"No"
1033,"No"
1034,"No"
1035,"No"
1036,"Yes"
1037,"Yes"
1038,"No"
1039,"No"
1040,"No"
1041,"No"
1042,"No"
1043,"Yes"
1044,"No"
1045,"Yes"
1046,"No"
1047,"No"
1048,"No"
1049,"Yes"
1050,"No"
1051,"Yes"
1052,"Yes"
1053,"No"
1054,"No"
1055,"No"
1056,"Yes"
1057,"No"
1058,"Yes"
1059,"No"
1060,"No"
1061,"Yes"
1062,"No"
1063,"No"
1064,"Yes"
1065,"Yes"
1066,"Yes"
1067,"No"
1068,"No"
1069,"Yes"
1070,"No"
1071,"No"
1072,"Yes"
1073,"Yes"
1074,"No"
1075,"No"
1076,"No"
1077,"Yes"
1078,"No"
1079,"No"
1080,"No"
1081,"No"
1082,"Yes"
1083,"No"
1084,"No"
1085,"No"
1086,"Yes"
1087,"Yes"
1088,"No"
1089,"No"
1090,"No"
1091,"No"
1092,"No"
1093,"No"
1094,"No"
1095,"Yes"
1096,"No"
1097,"No"
1098,"No"
1099,"No"
1100,"No"
1101,"No"
1102,"No"
1103,"No"
1104,"No"
1105,"Yes"
1106,"No"
1107,"No"
1108,"No"
1109,"No"
1110,"Yes"
1111,"No"
1112,"No"
1113,"No"
1114,"Yes"
1115,"Yes"
1116,"Yes"
1117,"Yes"
1118,"No"
1119,"No"
1120,"Yes"
1121,"Yes"
1122,"No"
1123,"No"
1124,"Yes"
1125,"Yes"
1126,"Yes"
1127,"No"
1128,"No"
1129,"No"
1130,"Yes"
1131,"No"
1132,"No"
1133,"No"
1134,"Yes"
1135,"No"
1136,"Yes"
1137,"No"
1138,"Yes"
1139,"No"
1140,"No"
1141,"No"
1142,"No"
1143,"No"
1144,"Yes"
1145,"Yes"
1146,"Yes"
1147,"Yes"
1148,"Yes"
1149,"No"
1150,"No"
1151,"Yes"
1152,"Yes"
1153,"Yes"
1154,"Yes"
1155,"Yes"
1156,"Yes"
1157,"Yes"
1158,"Yes"
1159,"No"
1160,"No"
1161,"No"
1162,"No"
1163,"Yes"
1164,"Yes"
1165,"Yes"
1166,"No"
1167,"No"
1168,"No"
1169,"Yes"
1170,"No"
1171,"No"
1172,"Yes"
1173,"No"
1174,"No"
1175,"No"
1176,"Yes"
1177,"No"
1178,"Yes"
1179,"No"
1180,"No"
1181,"Yes"
1182,"Yes"
1183,"No"
1184,"No"
1185,"Yes"
1186,"No"
1187,"No"
1188,"No"
1189,"No"
1190,"No"
1191,"No"
1192,"Yes"
1193,"Yes"
1194,"Yes"
1195,"No"
1196,"Yes"
1197,"No"
1198,"No"
1199,"No"
1200,"Yes"
1201,"No"
1202,"No"
1203,"No"
1204,"Yes"
1205,"Yes"
1206,"No"
1207,"No"
1208,"No"
1209,"No"
1210,"Yes"
1211,"No"
1212,"No"
1213,"Yes"
1214,"No"
1215,"No"
1216,"No"
1217,"No"
1218,"No"
1219,"No"
1220,"No"
1221,"No"
1222,"No"
1223,"No"
1224,"No"
1225,"No"
1226,"No"
1227,"No"
1228,"No"
1229,"No"
1230,"No"
1231,"Yes"
1232,"No"
1233,"No"
1234,"Yes"
1235,"No"
1236,"Yes"
1237,"Yes"
1238,"No"
1239,"No"
1240,"No"
1241,"Yes"
1242,"No"
1243,"Yes"
1244,"No"
1245,"Yes"
1246,"Yes"
1247,"No"
1248,"No"
1249,"Yes"
1250,"No"
1251,"No"
1252,"No"
1253,"Yes"
1254,"Yes"
1255,"No"
1256,"Yes"
1257,"No"
1258,"No"
1259,"No"
1260,"No"
1261,"No"
1262,"Yes"
1263,"Yes"
1264,"No"
1265,"No"
1266,"No"
1267,"Yes"
1268,"No"
1269,"No"
1270,"No"
1271,"Yes"
1272,"Yes"
1273,"No"
1274,"Yes"
1275,"Yes"
1276,"No"
1277,"No"
1278,"No"
1279,"No"
1280,"No"
1281,"No"
1282,"No"
1283,"No"
1284,"No"
1285,"Yes"
1286,"Yes"
1287,"Yes"
1288,"No"
1289,"No"
1290,"No"
1291,"No"
1292,"Yes"
1293,"No"
1294,"Yes"
1295,"Yes"
1296,"No"
1297,"No"
1298,"Yes"
1299,"Yes"
1300,"No"
1301,"Yes"
1302,"No"
1303,"No"
1304,"Yes"
1305,"Yes"
1306,"No"
1307,"Yes"
1308,"No"
1309,"No"
1310,"No"
1311,"No"
1312,"No"
1313,"Yes"
1314,"Yes"
1315,"No"
1316,"Yes"
1317,"No"
1318,"No"
1319,"No"
1320,"No"
1321,"No"
1322,"No"
1323,"Yes"
1324,"No"
1325,"Yes"
1326,"Yes"
1327,"No"
1328,"No"
1329,"No"
1330,"No"
1331,"No"
1332,"No"
1333,"Yes"
1334,"Yes"
1335,"No"
1336,"Yes"
1337,"No"
1338,"Yes"
1339,"No"
1340,"No"
1341,"No"
1342,"No"
1343,"Yes"
1344,"Yes"
1345,"No"
1346,"No"
1347,"Yes"
1348,"Yes"
1349,"No"
1350,"No"
1351,"No"
1352,"No"
1353,"No"
1354,"No"
1355,"No"
1356,"No"
1357,"No"
1358,"No"
1359,"No"
1360,"Yes"
1361,"No"
1362,"Yes"
1363,"Yes"
1364,"No"
1365,"Yes"
1366,"No"
1367,"No"
1368,"No"
1369,"No"
1370,"Yes"
1371,"No"
1372,"Yes"
1373,"No"
1374,"No"
1375,"No"
1376,"No"
1377,"Yes"
1378,"Yes"
1379,"Yes"
1380,"No"
1381,"No"
1382,"No"
1383,"Yes"
1384,"No"
1385,"Yes"
1386,"Yes"
1387,"No"
1388,"No"
1389,"No"
1390,"Yes"
1391,"Yes"
1392,"Yes"
1393,"No"
1394,"No"
1395,"No"
1396,"No"
1397,"No"
1398,"Yes"
1399,"No"
1400,"No"
1401,"Yes"
1402,"Yes"
1403,"No"
1404,"No"
1405,"No"
1406,"No"
1407,"No"
1408,"No"
1409,"No"
1410,"Yes"
1411,"No"
1412,"No"
1413,"Yes"
1414,"No"
1415,"Yes"
1416,"No"
1417,"No"
1418,"Yes"
1419,"Yes"
1420,"Yes"
1421,"Yes"
1422,"No"
1423,"No"
1424,"No"
1425,"No"
1426,"No"
1427,"No"
1428,"No"
1429,"No"
1430,"No"
1431,"No"
1432,"No"
1433,"No"
1434,"No"
1435,"Yes"
1436,"No"
1437,"No"
1438,"No"
1439,"No"
1440,"No"
1441,"No"
1442,"No"
1443,"No"
1444,"No"
1445,"Yes"
1446,"No"
1447,"No"
1448,"Yes"
1449,"No"
1450,"No"
1451,"No"
1452,"No"
1453,"Yes"
1454,"No"
1455,"Yes"
1456,"Yes"
1457,"Yes"
1458,"Yes"
1459,"No"
1460,"No"
1461,"Yes"
1462,"Yes"
1463,"No"
1464,"No"
1465,"No"
1466,"No"
1467,"No"
1468,"No"
1469,"No"
1470,"Yes"
1471,"No"
1472,"No"
1473,"No"
1474,"No"
1475,"No"
1476,"No"
1477,"No"
1478,"Yes"
1479,"No"
1480,"No"
1481,"No"
1482,"No"
1483,"No"
1484,"Yes"
1485,"No"
1486,"Yes"
1487,"No"
1488,"No"
1489,"No"
1490,"No"
1491,"No"
1492,"Yes"
1493,"Yes"
1494,"No"
1495,"No"
1496,"Yes"
1497,"No"
1498,"Yes"
1499,"No"
1500,"No"
1501,"No"
1502,"No"
1503,"No"
1504,"No"
1505,"No"
1506,"No"
1507,"No"
1508,"No"
1509,"No"
1510,"No"
1511,"Yes"
1512,"No"
1513,"Yes"
1514,"Yes"
1515,"No"
1516,"Yes"
1517,"Yes"
1518,"Yes"
1519,"No"
1520,"No"
1521,"No"
1522,"No"
1523,"No"
1524,"Yes"
1525,"No"
1526,"Yes"
1527,"No"
1528,"No"
1529,"No"
1530,"No"
1531,"No"
1532,"Yes"
1533,"No"
1534,"Yes"
1535,"No"
1536,"No"
1537,"No"
1538,"No"
1539,"Yes"
1540,"Yes"
1541,"No"
1542,"No"
1543,"Yes"
1544,"No"
1545,"No"
1546,"No"
1547,"Yes"
1548,"No"
1549,"No"
1550,"Yes"
1551,"No"
1552,"No"
1553,"No"
1554,"No"
1555,"No"
1556,"Yes"
1557,"No"
1558,"Yes"
1559,"No"
1560,"Yes"
1561,"No"
1562,"Yes"
1563,"Yes"
1564,"Yes"
1565,"Yes"
1566,"No"
1567,"Yes"
1568,"Yes"
1569,"No"
1570,"No"
1571,"Yes"
1572,"Yes"
1573,"Yes"
1574,"No"
1575,"No"
1576,"No"
1577,"No"
1578,"No"
1579,"No"
1580,"No"
1581,"No"
1582,"No"
1583,"No"
1584,"Yes"
1585,"No"
1586,"No"
1587,"No"
1588,"No"
1589,"No"
1590,"Yes"
1591,"No"
1592,"No"
1593,"No"
1594,"No"
1595,"No"
1596,"Yes"
1597,"No"
1598,"Yes"
1599,"No"
1600,"No"
1601,"No"
1602,"No"
1603,"Yes"
1604,"No"
1605,"No"
1606,"No"
1607,"No"
1608,"Yes"
1609,"No"
1610,"Yes"
1611,"No"
1612,"Yes"
1613,"Yes"
1614,"No"
1615,"Yes"
1616,"Yes"
1617,"Yes"
1618,"Yes"
1619,"No"
1620,"No"
1621,"No"
1622,"No"
1623,"Yes"
1624,"Yes"
1625,"No"
1626,"Yes"
1627,"Yes"
1628,"No"
1629,"No"
1630,"Yes"
1631,"No"
1632,"No"
1633,"No"
1634,"No"
1635,"No"
1636,"Yes"
1637,"No"
1638,"Yes"
1639,"No"
1640,"Yes"
1641,"Yes"
1642,"No"
1643,"No"
1644,"Yes"
1645,"No"
1646,"No"
1647,"No"
1648,"No"
1649,"No"
1650,"No"
1651,"No"
1652,"No"
1653,"Yes"
1654,"No"
1655,"No"
1656,"No"
1657,"No"
1658,"No"
1659,"No"
1660,"Yes"
1661,"No"
1662,"No"
1663,"Yes"
1664,"No"
1665,"No"
1666,"Yes"
1667,"Yes"
1668,"Yes"
1669,"No"
1670,"No"
1671,"Yes"
1672,"No"
1673,"Yes"
1674,"No"
1675,"No"
1676,"Yes"
1677,"No"
1678,"No"
1679,"No"
1680,"Yes"
1681,"No"
1682,"No"
1683,"No"
1684,"No"
1685,"No"
1686,"Yes"
1687,"No"
1688,"No"
1689,"No"
1690,"No"
1691,"Yes"
1692,"Yes"
1693,"No"
1694,"Yes"
1695,"No"
1696,"No"
1697,"No"
1698,"No"
1699,"No"
1700,"No"
1701,"Yes"
1702,"No"
1703,"No"
1704,"No"
1705,"No"
1706,"Yes"
1707,"No"
1708,"No"
1709,"No"
1710,"No"
1711,"No"
1712,"Yes"
1713,"Yes"
1714,"No"
1715,"Yes"
1716,"No"
1717,"No"
1718,"No"
1719,"Yes"
1720,"No"
1721,"No"
1722,"No"
1723,"No"
1724,"No"
1725,"No"
1726,"No"
1727,"No"
1728,"No"
1729,"No"
1730,"No"
1731,"No"
1732,"No"
1733,"No"
1734,"No"
1735,"Yes"
1736,"No"
1737,"Yes"
1738,"No"
1739,"Yes"
1740,"No"
1741,"No"
1742,"No"
1743,"No"
1744,"Yes"
1745,"No"
1746,"Yes"
1747,"No"
1748,"Yes"
1749,"No"
1750,"Yes"
1751,"Yes"
1752,"Yes"
1753,"Yes"
1754,"No"
1755,"No"
1756,"No"
1757,"No"
1758,"No"
1759,"Yes"
1760,"No"
1761,"No"
1762,"No"
1763,"No"
1764,"No"
1765,"No"
1766,"No"
1767,"No"
1768,"No"
1769,"No"
1770,"No"
1771,"No"
1772,"No"
1773,"Yes"
1774,"No"
1775,"Yes"
1776,"No"
1777,"No"
1778,"No"
1779,"No"
1780,"No"
1781,"No"
1782,"Yes"
1783,"No"
1784,"No"
1785,"Yes"
1786,"Yes"
1787,"No"
1788,"Yes"
1789,"No"
1790,"No"
1791,"No"
1792,"Yes"
1793,"No"
1794,"Yes"
1795,"No"
1796,"No"
1797,"No"
1798,"No"
1799,"No"
1800,"No"
1801,"No"
1802,"No"
1803,"No"
1804,"No"
1805,"No"
1806,"Yes"
1807,"No"
1808,"No"
1809,"No"
1810,"No"
1811,"No"
1812,"No"
1813,"Yes"
1814,"No"
1815,"No"
1816,"Yes"
1817,"Yes"
1818,"No"
1819,"No"
1820,"No"
1821,"No"
1822,"No"
1823,"No"
1824,"No"
1825,"Yes"
1826,"Yes"
1827,"No"
1828,"No"
1829,"No"
1830,"No"
1831,"Yes"
1832,"No"
1833,"No"
1834,"No"
1835,"No"
1836,"Yes"
1837,"No"
1838,"Yes"
1839,"No"
1840,"No"
1841,"No"
1842,"No"
1843,"No"
1844,"No"
1845,"No"
1846,"No"
1847,"No"
1848,"Yes"
1849,"No"
1850,"Yes"
1851,"No"
1852,"Yes"
1853,"Yes"
1854,"No"
1855,"No"
1856,"Yes"
1857,"No"
1858,"Yes"
1859,"No"
1860,"No"
1861,"Yes"
1862,"No"
1863,"No"
1864,"Yes"
1865,"No"
1866,"No"
1867,"No"
1868,"No"
1869,"Yes"
1870,"No"
1871,"Yes"
1872,"Yes"
1873,"Yes"
1874,"Yes"
1875,"No"
1876,"No"
1877,"No"
1878,"No"
1879,"Yes"
1880,"No"
1881,"Yes"
1882,"Yes"
1883,"No"
1884,"Yes"
1885,"Yes"
1886,"No"
1887,"No"
1888,"No"
1889,"No"
1890,"No"
1891,"Yes"
1892,"Yes"
1893,"No"
1894,"No"
1895,"No"
1896,"No"
1897,"No"
1898,"No"
1899,"Yes"
1900,"No"
1901,"No"
1902,"Yes"
1903,"No"
1904,"No"
1905,"No"
1906,"No"
1907,"No"
1908,"No"
1909,"No"
1910,"Yes"
1911,"No"
1912,"Yes"
1913,"No"
1914,"No"
1915,"No"
1916,"No"
1917,"Yes"
1918,"Yes"
1919,"No"
1920,"Yes"
1921,"Yes"
1922,"No"
1923,"Yes"
1924,"No"
1925,"No"
1926,"No"
1927,"Yes"
1928,"No"
1929,"Yes"
1930,"Yes"
1931,"No"
1932,"No"
1933,"Yes"
1934,"No"
1935,"No"
1936,"No"
1937,"Yes"
1938,"No"
1939,"Yes"
1940,"Yes"
1941,"No"
1942,"No"
1943,"No"
1944,"No"
1945,"No"
1946,"No"
1947,"No"
1948,"No"
1949,"No"
1950,"No"
1951,"No"
1952,"No"
1953,"No"
1954,"No"
1955,"No"
1956,"No"
1957,"No"
1958,"No"
1959,"No"
1960,"No"
1961,"Yes"
1962,"No"
1963,"No"
1964,"No"
1965,"No"
1966,"Yes"
1967,"No"
1968,"No"
1969,"No"
1970,"No"
1971,"Yes"
1972,"No"
1973,"Yes"
1974,"No"
1975,"Yes"
1976,"No"
1977,"No"
1978,"No"
1979,"No"
1980,"No"
1981,"Yes"
1982,"No"
1983,"Yes"
1984,"No"
1985,"No"
1986,"Yes"
1987,"No"
1988,"Yes"
1989,"No"
1990,"No"
1991,"No"
1992,"No"
1993,"No"
1994,"No"
1995,"No"
1996,"No"
1997,"Yes"
1998,"No"
1999,"No"
2000,"Yes"
2001,"No"
2002,"Yes"
2003,"Yes"
2004,"No"
2005,"No"
2006,"No"
2007,"No"
2008,"No"
2009,"No"
2010,"Yes"
2011,"Yes"
2012,"No"
2013,"No"
2014,"Yes"
2015,"No"
2016,"No"
2017,"No"
2018,"No"
2019,"Yes"
2020,"Yes"
2021,"No"
2022,"No"
2023,"No"
2024,"No"
2025,"No"
2026,"No"
2027,"Yes"
2028,"No"
2029,"No"
2030,"Yes"
2031,"Yes"
2032,"No"
2033,"Yes"
2034,"No"
2035,"No"
2036,"No"
2037,"No"
2038,"No"
2039,"No"
2040,"No"
2041,"No"
2042,"No"
2043,"No"
2044,"Yes"
2045,"No"
2046,"No"
2047,"No"
2048,"Yes"
2049,"No"
2050,"Yes"
2051,"No"
2052,"No"
2053,"No"
2054,"No"
2055,"No"
2056,"Yes"
2057,"No"
2058,"No"
2059,"No"
2060,"Yes"
2061,"No"
2062,"No"
2063,"No"
2064,"No"
2065,"No"
2066,"No"
2067,"No"
2068,"No"
2069,"No"
2070,"No"
2071,"No"
2072,"No"
2073,"No"
2074,"Yes"
2075,"No"
2076,"Yes"
2077,"No"
2078,"No"
2079,"Yes"
2080,"No"
2081,"No"
2082,"Yes"
2083,"Yes"
2084,"No"
2085,"Yes"
2086,"No"
2087,"Yes"
2088,"No"
2089,"No"
2090,"Yes"
2091,"No"
2092,"No"
2093,"Yes"
2094,"No"
2095,"Yes"
2096,"Yes"
2097,"Yes"
2098,"No"
2099,"No"
2100,"No"
2101,"No"
2102,"No"
2103,"No"
2104,"Yes"
2105,"Yes"
2106,"Yes"
2107,"No"
2108,"No"
2109,"No"
2110,"No"
2111,"No"
2112,"No"
2113,"Yes"
2114,"No"
2115,"No"
2116,"Yes"
2117,"Yes"
2118,"No"
2119,"Yes"
2120,"No"
2121,"No"
2122,"No"
2123,"No"
2124,"No"
2125,"No"
2126,"Yes"
2127,"No"
2128,"No"
2129,"No"
2130,"No"
2131,"No"
2132,"Yes"
2133,"Yes"
2134,"No"
2135,"Yes"
2136,"Yes"
2137,"Yes"
2138,"No"
2139,"No"
2140,"Yes"
2141,"No"
2142,"No"
2143,"No"
2144,"Yes"
2145,"No"
2146,"Yes"
2147,"No"
2148,"Yes"
2149,"No"
2150,"Yes"
2151,"Yes"
2152,"No"
2153,"No"
2154,"No"
2155,"No"
2156,"No"
2157,"No"
2158,"No"
2159,"No"
2160,"No"
2161,"Yes"
2162,"Yes"
2163,"No"
2164,"Yes"
2165,"No"
2166,"Yes"
2167,"No"
2168,"No"
2169,"No"
2170,"Yes"
2171,"Yes"
2172,"Yes"
2173,"No"
2174,"No"
2175,"No"
2176,"No"
2177,"Yes"
2178,"No"
2179,"No"
2180,"No"
2181,"No"
2182,"No"
2183,"No"
2184,"No"
2185,"Yes"
2186,"No"
2187,"Yes"
2188,"No"
2189,"No"
2190,"Yes"
2191,"No"
2192,"No"
2193,"No"
2194,"No"
2195,"Yes"
2196,"No"
2197,"No"
2198,"No"
2199,"Yes"
2200,"No"
2201,"Yes"
2202,"No"
2203,"Yes"
2204,"No"
2205,"No"
2206,"No"
2207,"No"
2208,"No"
2209,"No"
2210,"No"
2211,"No"
2212,"No"
2213,"No"
2214,"No"
2215,"No"
2216,"No"
2217,"No"
2218,"Yes"
2219,"No"
2220,"Yes"
2221,"No"
2222,"No"
2223,"Yes"
2224,"No"
2225,"No"
2226,"No"
2227,"No"
2228,"No"
2229,"Yes"
2230,"No"
2231,"No"
2232,"No"
2233,"No"
2234,"No"
2235,"Yes"
2236,"Yes"
2237,"No"
2238,"No"
2239,"No"
2240,"No"
2241,"Yes"
2242,"No"
2243,"Yes"
2244,"Yes"
2245,"No"
2246,"Yes"
2247,"No"
2248,"No"
2249,"No"
2250,"Yes"
2251,"No"
2252,"No"
2253,"Yes"
2254,"Yes"
2255,"Yes"
2256,"Yes"
2257,"Yes"
2258,"Yes"
2259,"Yes"
2260,"No"
2261,"No"
2262,"Yes"
2263,"No"
2264,"No"
2265,"Yes"
2266,"Yes"
2267,"No"
2268,"No"
2269,"No"
2270,"No"
2271,"No"
2272,"No"
2273,"No"
2274,"No"
2275,"Yes"
2276,"No"
2277,"No"
2278,"Yes"
2279,"Yes"
2280,"No"
2281,"Yes"
2282,"No"
2283,"Yes"
2284,"No"
2285,"No"
2286,"Yes"
2287,"Yes"
2288,"No"
2289,"No"
2290,"No"
2291,"Yes"
2292,"No"
2293,"Yes"
2294,"No"
2295,"No"
2296,"No"
2297,"No"
2298,"No"
2299,"No"
2300,"Yes"
2301,"Yes"
2302,"Yes"
2303,"No"
2304,"No"
2305,"No"
2306,"Yes"
2307,"No"
2308,"No"
2309,"Yes"
2310,"Yes"
2311,"Yes"
2312,"No"
2313,"No"
2314,"No"
2315,"No"
2316,"No"
2317,"Yes"
2318,"No"
2319,"No"
2320,"No"
2321,"Yes"
2322,"Yes"
2323,"No"
2324,"Yes"
2325,"Yes"
2326,"No"
2327,"No"
2328,"Yes"
2329,"No"
2330,"No"
2331,"Yes"
2332,"No"
2333,"No"
2334,"No"
2335,"Yes"
2336,"Yes"
2337,"No"
2338,"No"
2339,"No"
2340,"No"
2341,"Yes"
2342,"No"
2343,"No"
2344,"No"
2345,"No"
2346,"No"
2347,"No"
2348,"No"
2349,"No"
2350,"Yes"
2351,"Yes"
2352,"No"
2353,"No"
2354,"No"
2355,"No"
2356,"No"
2357,"No"
2358,"Yes"
2359,"Yes"
2360,"Yes"
2361,"No"
2362,"No"
2363,"No"
2364,"Yes"
2365,"No"
2366,"No"
2367,"No"
2368,"No"
2369,"No"
2370,"No"
2371,"No"
2372,"No"
2373,"Yes"
2374,"Yes"
2375,"No"
2376,"No"
2377,"Yes"
2378,"Yes"
2379,"Yes"
2380,"Yes"
2381,"No"
2382,"Yes"
2383,"No"
2384,"No"
2385,"No"
2386,"No"
2387,"No"
2388,"No"
2389,"No"
2390,"No"
2391,"No"
2392,"No"
2393,"No"
2394,"Yes"
2395,"No"
2396,"Yes"
2397,"Yes"
2398,"No"
2399,"No"
2400,"No"
2401,"Yes"
2402,"No"
2403,"Yes"
2404,"Yes"
2405,"No"
2406,"No"
2407,"Yes"
2408,"Yes"
2409,"No"
2410,"No"
2411,"No"
2412,"No"
2413,"Yes"
2414,"No"
2415,"No"
2416,"Yes"
2417,"Yes"
2418,"No"
2419,"No"
2420,"No"
2421,"Yes"
2422,"Yes"
2423,"No"
2424,"Yes"
2425,"No"
2426,"No"
2427,"No"
2428,"Yes"
2429,"No"
2430,"No"
2431,"No"
2432,"No"
2433,"Yes"
2434,"No"
2435,"No"
2436,"No"
2437,"No"
2438,"No"
2439,"No"
2440,"Yes"
2441,"Yes"
2442,"Yes"
2443,"Yes"
2444,"Yes"
2445,"No"
2446,"No"
2447,"No"
2448,"Yes"
2449,"No"
2450,"No"
2451,"No"
2452,"No"
2453,"No"
2454,"No"
2455,"No"
2456,"No"
2457,"No"
2458,"Yes"
2459,"No"
2460,"No"
2461,"No"
2462,"No"
2463,"Yes"
2464,"No"
2465,"No"
2466,"No"
2467,"Yes"
2468,"No"
2469,"No"
2470,"Yes"
2471,"No"
2472,"No"
2473,"Yes"
2474,"No"
2475,"No"
2476,"No"
2477,"Yes"
2478,"Yes"
2480,"Yes"
2481,"No"
2482,"No"
2483,"No"
2484,"No"
2485,"No"
2486,"No"
2487,"Yes"
2488,"No"
2489,"No"
2490,"No"
2491,"No"
2492,"No"
2493,"Yes"
2494,"Yes"
2495,"No"
2496,"No"
2497,"No"
2498,"Yes"
2499,"No"
2500,"Yes"
2501,"Yes"
2502,"Yes"
2503,"No"
2504,"No"
2505,"No"
2506,"No"
2507,"No"
2508,"Yes"
2509,"No"
2510,"No"
2511,"No"
2512,"No"
2513,"No"
2514,"No"
2515,"No"
2516,"No"
2517,"No"
2518,"Yes"
2519,"No"
2520,"Yes"
2521,"No"
2522,"No"
2523,"No"
2524,"No"
2525,"Yes"
2526,"No"
2527,"Yes"
2528,"Yes"
2529,"Yes"
2530,"No"
2531,"No"
2532,"No"
2533,"No"
2534,"No"
2535,"Yes"
2536,"Yes"
2537,"Yes"
2538,"No"
2539,"No"
2540,"Yes"
2541,"No"
2542,"No"
2543,"No"
2544,"No"
2545,"No"
2546,"Yes"
2547,"Yes"
2548,"No"
2549,"No"
2550,"No"
2551,"No"
2552,"Yes"
2553,"Yes"
2554,"No"
2555,"No"
2556,"No"
2557,"Yes"
2558,"No"
2559,"No"
2560,"No"
2561,"No"
2562,"No"
2563,"No"
2564,"No"
2565,"No"
2566,"No"
2567,"Yes"
2568,"Yes"
2569,"No"
2570,"No"
2571,"No"
2572,"No"
2573,"Yes"
2574,"No"
2575,"No"
2576,"No"
2577,"No"
2578,"No"
2579,"No"
2580,"No"
2581,"No"
2582,"No"
2583,"Yes"
2584,"No"
2585,"No"
2586,"Yes"
2587,"No"
2588,"No"
2589,"Yes"
2590,"No"
2591,"No"
2592,"Yes"
2593,"No"
2594,"No"
2595,"No"
2596,"Yes"
2597,"Yes"
2598,"Yes"
2599,"No"
2600,"Yes"
2601,"Yes"
2602,"Yes"
2603,"No"
2604,"Yes"
2605,"Yes"
2606,"No"
2607,"Yes"
2608,"No"
2609,"Yes"
2610,"Yes"
2611,"Yes"
2612,"No"
2613,"No"
2614,"No"
2615,"No"
2616,"No"
2617,"No"
2618,"Yes"
2619,"No"
2620,"No"
2621,"No"
2622,"No"
2623,"Yes"
2624,"No"
2625,"Yes"
2626,"Yes"
2627,"No"
2628,"Yes"
2629,"No"
2630,"No"
2631,"Yes"
2632,"No"
2633,"No"
2634,"Yes"
2635,"No"
2636,"Yes"
2637,"No"
2638,"Yes"
2639,"Yes"
2640,"No"
2641,"No"
2642,"No"
2643,"No"
2644,"Yes"
2645,"No"
2646,"No"
2647,"No"
2648,"No"
2649,"Yes"
2650,"No"
2651,"No"
2652,"No"
2653,"No"
2654,"No"
2655,"No"
2656,"No"
2657,"No"
2658,"No"
2659,"No"
2660,"No"
2661,"Yes"
2662,"Yes"
2663,"Yes"
2664,"No"
2665,"Yes"
2666,"No"
2667,"No"
2668,"Yes"
2669,"No"
2670,"No"
2671,"No"
2672,"Yes"
2673,"No"
2674,"Yes"
2675,"No"
2676,"No"
2677,"No"
2678,"Yes"
2679,"No"
2680,"No"
2681,"No"
2682,"No"
2683,"Yes"
2684,"Yes"
2685,"No"
2686,"No"
2687,"Yes"
2688,"No"
2689,"No"
2690,"No"
2691,"No"
2692,"Yes"
2693,"No"
2694,"No"
2695,"No"
2696,"No"
2697,"No"
2698,"Yes"
2699,"No"
2700,"No"
2701,"Yes"
2702,"No"
2703,"No"
2704,"No"
2705,"No"
2706,"Yes"
2707,"No"
2708,"No"
2709,"No"
2710,"No"
2711,"No"
2712,"Yes"
2713,"Yes"
2714,"No"
2715,"Yes"
2716,"No"
2717,"No"
2718,"No"
2719,"No"
2720,"Yes"
2721,"No"
2722,"No"
2723,"No"
2724,"No"
2725,"No"
2726,"No"
2727,"Yes"
2728,"Yes"
2729,"Yes"
2730,"Yes"
2731,"No"
2732,"Yes"
2733,"Yes"
2734,"No"
2735,"No"
2736,"Yes"
2737,"No"
2738,"Yes"
2739,"No"
2740,"No"
2741,"Yes"
2742,"No"
2743,"No"
2744,"No"
2745,"No"
2746,"Yes"
2747,"No"
2748,"Yes"
2749,"No"
2750,"No"
2751,"No"
2752,"Yes"
2753,"No"
2754,"Yes"
2755,"No"
2756,"No"
2757,"No"
2758,"No"
2759,"No"
2760,"Yes"
2761,"Yes"
2762,"No"
2763,"Yes"
2764,"Yes"
2765,"Yes"
2766,"Yes"
2767,"Yes"
2768,"No"
2769,"No"
2770,"No"
2771,"Yes"
2772,"No"
2773,"Yes"
2774,"Yes"
2775,"No"
2776,"No"
2777,"Yes"
2778,"No"
2779,"No"
2780,"No"
2781,"Yes"
2782,"Yes"
2783,"Yes"
2784,"No"
2785,"No"
2786,"Yes"
2787,"Yes"
2788,"No"
2789,"Yes"
2790,"No"
2791,"No"
2792,"No"
2793,"No"
2794,"No"
2795,"No"
2796,"No"
2797,"No"
2798,"No"
2799,"No"
2800,"No"
2801,"No"
2802,"Yes"
2803,"Yes"
2804,"Yes"
2805,"No"
2806,"No"
2807,"No"
2808,"No"
2809,"No"
2810,"No"
2811,"Yes"
2812,"No"
2813,"No"
2814,"Yes"
2815,"No"
2816,"Yes"
2817,"No"
2818,"No"
2819,"Yes"
2820,"Yes"
2821,"No"
2822,"No"
2823,"No"
2824,"Yes"
2825,"No"
2826,"No"
2827,"Yes"
2828,"No"
2829,"No"
2830,"No"
2831,"No"
2832,"No"
2833,"No"
2834,"No"
2835,"Yes"
2836,"No"
2837,"Yes"
2838,"No"
2839,"No"
2840,"No"
2841,"No"
2842,"No"
2843,"No"
2844,"No"
2845,"Yes"
2846,"Yes"
2847,"No"
2848,"No"
2849,"No"
2850,"No"
2851,"Yes"
2852,"No"
2853,"Yes"
2854,"No"
2855,"No"
2856,"No"
2857,"No"
2858,"No"
2859,"No"
2860,"No"
2861,"Yes"
2862,"No"
2863,"No"
2864,"No"
2865,"No"
2866,"Yes"
2867,"Yes"
2868,"Yes"
2869,"No"
2870,"No"
2871,"No"
2872,"No"
2873,"No"
2874,"Yes"
2875,"Yes"
2876,"No"
2877,"Yes"
2878,"Yes"
2879,"No"
2880,"No"
2881,"No"
2882,"Yes"
2883,"No"
2884,"No"
2885,"No"
2886,"No"
2887,"No"
2888,"No"
2889,"No"
2890,"No"
2891,"No"
2892,"Yes"
2893,"Yes"
2894,"No"
2895,"No"
2896,"No"
2897,"No"
2898,"No"
2899,"Yes"
2900,"No"
2901,"Yes"
2902,"No"
2903,"Yes"
2904,"Yes"
2905,"Yes"
2906,"No"
2907,"No"
2908,"No"
2909,"Yes"
2910,"No"
2911,"No"
2912,"No"
2913,"No"
2914,"No"
2915,"No"
2916,"No"
2917,"No"
2918,"No"
2919,"No"
2920,"No"
2921,"No"
2922,"No"
2923,"No"
2924,"Yes"
2925,"No"
2926,"No"
2927,"No"
2928,"No"
2929,"Yes"
2930,"No"
2931,"No"
2932,"No"
2933,"No"
2934,"No"
2935,"Yes"
2936,"No"
2937,"No"
2938,"No"
2939,"Yes"
2940,"Yes"
2941,"Yes"
2942,"No"
2943,"No"
2944,"Yes"
2945,"Yes"
2946,"No"
2947,"No"
2948,"No"
2949,"Yes"
2950,"No"
2951,"No"
2952,"Yes"
2953,"No"
2954,"No"
2955,"Yes"
2956,"No"
2957,"No"
2958,"Yes"
2959,"No"
2960,"No"
2961,"Yes"
2962,"No"
2963,"No"
2964,"No"
2965,"No"
2966,"No"
2967,"No"
2968,"Yes"
2969,"No"
2970,"No"
2971,"No"
2972,"No"
2973,"No"
2974,"No"
2975,"No"
2976,"No"
2977,"No"
2978,"No"
2979,"Yes"
2980,"Yes"
2981,"Yes"
2982,"Yes"
2983,"Yes"
2984,"Yes"
2985,"No"
2986,"No"
2987,"Yes"
2988,"No"
2989,"Yes"
2990,"No"
2991,"Yes"
2992,"Yes"
2993,"No"
2994,"No"
2995,"Yes"
2996,"Yes"
2997,"No"
2998,"Yes"
2999,"No"
3000,"No"
3001,"No"
3002,"No"
3003,"No"
3004,"Yes"
3005,"No"
3006,"No"
3007,"Yes"
3008,"No"
3009,"No"
3010,"No"
3011,"No"
3012,"No"
3013,"No"
3014,"Yes"
3015,"No"
3016,"No"
3017,"Yes"
3018,"No"
3019,"No"
3020,"Yes"
3021,"Yes"
3022,"No"
3023,"No"
3024,"No"
3025,"No"
3026,"No"
3027,"No"
3028,"No"
3029,"No"
3030,"No"
3031,"No"
3032,"No"
3033,"No"
3034,"No"
3035,"No"
3036,"No"
3037,"No"
3038,"No"
3039,"Yes"
3040,"Yes"
3041,"Yes"
3042,"Yes"
3043,"Yes"
3044,"Yes"
3045,"Yes"
3046,"No"
3047,"No"
3048,"No"
3049,"No"
3050,"No"
3051,"No"
3052,"No"
3053,"No"
3054,"No"
3055,"Yes"
3056,"Yes"
3057,"No"
3058,"No"
3059,"No"
3060,"Yes"
3061,"Yes"
3062,"No"
3063,"Yes"
3064,"No"
3065,"No"
3066,"No"
3067,"No"
3068,"No"
3069,"Yes"
3070,"No"
3071,"Yes"
3072,"No"
3073,"No"
3074,"No"
3075,"Yes"
3076,"Yes"
3077,"Yes"
3078,"No"
3079,"Yes"
3080,"No"
3081,"No"
3082,"No"
3083,"Yes"
3084,"No"
3085,"No"
3086,"No"
3087,"No"
3088,"Yes"
3089,"No"
3090,"Yes"
3091,"No"
3092,"No"
3093,"No"
3094,"No"
3095,"No"
3096,"Yes"
3097,"No"
3098,"Yes"
3099,"No"
3100,"No"
3101,"Yes"
3102,"No"
3103,"No"
3104,"Yes"
3105,"No"
3106,"No"
3107,"No"
3108,"No"
3109,"No"
3110,"No"
3111,"No"
3112,"No"
3113,"No"
3114,"Yes"
3115,"Yes"
3116,"Yes"
3117,"No"
3118,"No"
3119,"No"
3120,"Yes"
3121,"Yes"
3122,"No"
3123,"Yes"
3124,"No"
3125,"No"
3126,"No"
3127,"Yes"
3128,"No"
3129,"No"
3130,"No"
3131,"No"
3132,"No"
3133,"Yes"
3134,"Yes"
3135,"No"
3136,"No"
3137,"No"
3138,"No"
3139,"No"
3140,"No"
3141,"No"
3142,"No"
3143,"No"
3144,"Yes"
3145,"No"
3146,"Yes"
3147,"Yes"
3148,"Yes"
3149,"No"
3150,"Yes"
3151,"Yes"
3152,"No"
3153,"No"
3154,"No"
3155,"No"
3156,"No"
3157,"No"
3158,"No"
3159,"No"
3160,"No"
3161,"No"
3162,"No"
3163,"No"
3164,"No"
3165,"Yes"
3166,"No"
3167,"No"
3168,"No"
3169,"No"
3170,"No"
3171,"No"
3172,"No"
3173,"No"
3174,"No"
3175,"No"
3176,"No"
3177,"No"
3178,"No"
3179,"Yes"
3180,"Yes"
3181,"No"
3182,"No"
3183,"No"
3184,"No"
3185,"No"
3186,"No"
3187,"No"
3188,"Yes"
3189,"Yes"
3190,"No"
3191,"Yes"
3192,"Yes"
3193,"No"
3194,"No"
3195,"Yes"
3196,"No"
3197,"No"
3198,"No"
3199,"No"
3200,"No"
3201,"Yes"
3202,"Yes"
3203,"No"
3204,"No"
3205,"Yes"
3206,"No"
3207,"No"
3208,"Yes"
3209,"Yes"
3210,"Yes"
3211,"No"
3212,"No"
3213,"No"
3214,"No"
3215,"No"
3216,"No"
3217,"No"
3218,"No"
3219,"No"
3220,"Yes"
3221,"No"
3222,"No"
3223,"Yes"
3224,"No"
3225,"No"
3226,"Yes"
3227,"No"
3228,"No"
3229,"Yes"
3230,"No"
3231,"Yes"
3232,"Yes"
3233,"No"
3234,"No"
3235,"No"
3236,"No"
3237,"Yes"
3238,"Yes"
3239,"No"
3240,"No"
3241,"No"
3242,"Yes"
3243,"No"
3244,"No"
3245,"No"
3246,"No"
3247,"No"
3248,"No"
3249,"Yes"
3250,"No"
3251,"No"
3252,"No"
3253,"No"
3254,"No"
3255,"Yes"
3256,"No"
3257,"No"
3258,"Yes"
3259,"No"
3260,"No"
3261,"Yes"
3262,"No"
3263,"No"
3264,"No"
3265,"No"
3266,"No"
3267,"No"
3268,"Yes"
3269,"No"
3270,"Yes"
3271,"No"
3272,"Yes"
3273,"No"
3274,"Yes"
3275,"Yes"
3276,"Yes"
3277,"Yes"
3278,"No"
3279,"Yes"
3280,"No"
3281,"No"
3282,"Yes"
3283,"No"
3284,"Yes"
3285,"Yes"
3286,"No"
3287,"Yes"
3288,"No"
3289,"No"
3290,"No"
3291,"No"
3292,"No"
3293,"No"
3294,"No"
3295,"Yes"
3296,"Yes"
3297,"No"
3298,"No"
3299,"No"
3300,"No"
3301,"No"
3302,"No"
3303,"Yes"
3304,"No"
3305,"Yes"
3306,"No"
3307,"No"
3308,"No"
3309,"Yes"
3310,"Yes"
3311,"No"
3312,"No"
3313,"No"
3314,"No"
3315,"No"
3316,"No"
3317,"No"
3318,"No"
3319,"No"
3320,"No"
3321,"No"
3322,"No"
3323,"No"
3324,"No"
3325,"Yes"
3326,"No"
3327,"No"
3328,"No"
3329,"No"
3330,"No"
3331,"Yes"
3332,"No"
3333,"Yes"
3334,"No"
3335,"No"
3336,"Yes"
3337,"No"
3338,"No"
3339,"No"
3340,"No"
3341,"No"
3342,"Yes"
3343,"No"
3344,"No"
3345,"No"
3346,"Yes"
3347,"Yes"
3348,"No"
3349,"No"
3350,"No"
3351,"No"
3352,"No"
3353,"No"
3354,"No"
3355,"Yes"
3356,"No"
3357,"Yes"
3358,"No"
3359,"No"
3360,"Yes"
3361,"No"
3362,"Yes"
3363,"No"
3364,"No"
3365,"No"
3366,"Yes"
3367,"Yes"
3368,"No"
3369,"Yes"
3370,"Yes"
3371,"Yes"
3372,"Yes"
3373,"No"
3374,"Yes"
3375,"Yes"
3376,"No"
3377,"No"
3378,"No"
3379,"Yes"
3380,"No"
3381,"No"
3382,"No"
3383,"No"
3384,"No"
3385,"No"
3386,"Yes"
3387,"No"
3388,"Yes"
3389,"No"
3390,"No"
3391,"No"
3392,"No"
3393,"No"
3394,"No"
3395,"Yes"
3396,"Yes"
3397,"Yes"
3398,"Yes"
3399,"No"
3400,"No"
3401,"No"
3402,"No"
3403,"No"
3404,"Yes"
3405,"No"
3406,"Yes"
3407,"No"
3408,"Yes"
3409,"No"
3410,"No"
3411,"No"
3412,"No"
3413,"No"
3414,"No"
3415,"Yes"
3416,"Yes"
3417,"No"
3418,"Yes"
3419,"Yes"
3420,"Yes"
3421,"No"
3422,"No"
3423,"Yes"
3424,"Yes"
3425,"No"
3426,"Yes"
3427,"Yes"
3428,"No"
3429,"No"
3430,"Yes"
3431,"Yes"
3432,"No"
3433,"No"
3434,"Yes"
3435,"No"
3436,"No"
3437,"No"
3438,"No"
3439,"No"
3440,"Yes"
3441,"No"
3442,"No"
3443,"Yes"
3444,"No"
3445,"No"
3446,"Yes"
3447,"No"
3448,"Yes"
3449,"No"
3450,"No"
3451,"No"
3452,"No"
3453,"Yes"
3454,"No"
3455,"No"
3456,"No"
3457,"No"
3458,"No"
3459,"No"
3460,"No"
3461,"Yes"
3462,"No"
3463,"No"
3464,"No"
3465,"Yes"
3466,"No"
3467,"No"
3468,"Yes"
3469,"Yes"
3470,"Yes"
3471,"No"
3472,"No"
3473,"No"
3474,"No"
3475,"Yes"
3476,"No"
3477,"No"
3478,"No"
3479,"No"
3480,"No"
3481,"No"
3482,"No"
3483,"No"
3484,"No"
3485,"Yes"
3486,"No"
3487,"No"
3488,"No"
3489,"Yes"
3490,"No"
3491,"No"
3492,"No"
3493,"No"
3494,"Yes"
3495,"No"
3496,"No"
3497,"Yes"
3498,"No"
3499,"No"
3500,"No"
3501,"Yes"
3502,"No"
3503,"No"
3504,"No"
3505,"No"
3506,"Yes"
3507,"No"
3508,"Yes"
3509,"Yes"
3510,"Yes"
3511,"Yes"
3512,"No"
3513,"Yes"
3514,"No"
3515,"No"
3516,"Yes"
3517,"No"
3518,"Yes"
3519,"No"
3520,"No"
3521,"No"
3522,"No"
3523,"No"
3524,"No"
3525,"No"
3526,"Yes"
3527,"No"
3528,"No"
3529,"No"
3530,"No"
3531,"No"
3532,"Yes"
3533,"No"
3534,"Yes"
3535,"No"
3536,"No"
3537,"No"
3538,"No"
3539,"No"
3540,"No"
3541,"No"
3542,"No"
3543,"No"
3544,"Yes"
3545,"No"
3546,"No"
3547,"No"
3548,"No"
3549,"Yes"
3550,"No"
3551,"Yes"
3552,"No"
3553,"No"
3554,"No"
3555,"Yes"
3556,"No"
3557,"No"
3558,"No"
3559,"No"
3560,"Yes"
3561,"No"
3562,"No"
3563,"No"
3564,"No"
3565,"No"
3566,"Yes"
3567,"Yes"
3568,"Yes"
3569,"No"
3570,"No"
3571,"Yes"
3572,"No"
3573,"No"
3574,"No"
3575,"No"
3576,"No"
3577,"No"
3578,"No"
3579,"Yes"
3580,"No"
3581,"Yes"
3582,"No"
3583,"No"
3584,"Yes"
3585,"No"
3586,"Yes"
3587,"Yes"
3588,"No"
3589,"No"
3590,"Yes"
3591,"No"
3592,"No"
3593,"Yes"
3594,"No"
3595,"No"
3596,"No"
3597,"No"
3598,"No"
3599,"No"
3600,"Yes"
3601,"No"
3602,"Yes"
3603,"No"
3604,"No"
3605,"No"
3606,"Yes"
3607,"No"
3608,"Yes"
3609,"Yes"
3610,"Yes"
3611,"No"
3612,"Yes"
3613,"Yes"
3614,"No"
3615,"Yes"
3616,"No"
3617,"No"
3618,"No"
3619,"Yes"
3620,"Yes"
3621,"No"
3622,"No"
3623,"No"
3624,"No"
3625,"No"
3626,"No"
3627,"No"
3628,"Yes"
3629,"No"
3630,"No"
3631,"Yes"
3632,"No"
3633,"No"
3634,"No"
3635,"No"
3636,"No"
3637,"No"
3638,"Yes"
3639,"No"
3640,"Yes"
3641,"No"
3642,"No"
3643,"No"
3644,"No"
3645,"No"
3646,"No"
3647,"Yes"
3648,"Yes"
3649,"No"
3650,"No"
3651,"Yes"
3652,"No"
3653,"No"
3654,"Yes"
3655,"No"
3656,"No"
3657,"No"
3658,"Yes"
3659,"No"
3660,"No"
3661,"No"
3662,"No"
3663,"Yes"
3664,"Yes"
3665,"No"
3666,"No"
3667,"No"
3668,"No"
3669,"Yes"
3670,"Yes"
3671,"No"
3672,"Yes"
3673,"No"
3674,"No"
3675,"No"
3676,"No"
3677,"No"
3678,"No"
3679,"No"
3680,"Yes"
3681,"No"
3682,"No"
3683,"No"
3684,"No"
3685,"Yes"
3686,"Yes"
3687,"Yes"
3688,"No"
3689,"No"
3690,"Yes"
3691,"No"
3692,"Yes"
3693,"No"
3694,"No"
3695,"No"
3696,"Yes"
3697,"No"
3698,"No"
3699,"No"
3700,"No"
3701,"Yes"
3702,"No"
3703,"Yes"
3704,"No"
3705,"No"
3706,"Yes"
3707,"No"
3708,"Yes"
3709,"No"
3710,"Yes"
3711,"No"
3712,"Yes"
3713,"No"
3714,"No"
3715,"No"
3716,"No"
3717,"No"
3718,"Yes"
3719,"Yes"
3720,"No"
3721,"No"
3722,"No"
3723,"No"
3724,"Yes"
3725,"No"
3726,"No"
3727,"No"
3728,"Yes"
3729,"No"
3730,"No"
3731,"No"
3732,"Yes"
3733,"No"
3734,"No"
3735,"Yes"
3736,"No"
3737,"No"
3738,"No"
3739,"Yes"
3740,"No"
3741,"No"
3742,"No"
3743,"No"
3744,"No"
3745,"Yes"
3746,"No"
3747,"No"
3748,"No"
3749,"Yes"
3750,"No"
3751,"Yes"
3752,"No"
3753,"No"
3754,"No"
3755,"No"
3756,"No"
3757,"No"
3758,"No"
3759,"No"
3760,"No"
3761,"No"
3762,"No"
3763,"No"
3764,"No"
3765,"Yes"
3766,"No"
3767,"Yes"
3768,"Yes"
3769,"No"
3770,"No"
3771,"No"
3772,"No"
3773,"No"
3774,"No"
3775,"No"
3776,"No"
3777,"Yes"
3778,"No"
3779,"Yes"
3780,"Yes"
3781,"No"
3782,"No"
3783,"No"
3784,"Yes"
3785,"No"
3786,"No"
3787,"Yes"
3788,"No"
3789,"Yes"
3790,"Yes"
3791,"Yes"
3792,"Yes"
3793,"Yes"
3794,"Yes"
3795,"No"
3796,"No"
3797,"Yes"
3798,"No"
3799,"Yes"
3800,"No"
3801,"No"
3802,"No"
3803,"No"
3804,"Yes"
3805,"Yes"
3806,"Yes"
3807,"Yes"
3808,"No"
3809,"No"
3810,"Yes"
3811,"Yes"
3812,"Yes"
3813,"No"
3814,"No"
3815,"No"
3816,"No"
3817,"Yes"
3818,"No"
3819,"No"
3820,"No"
3821,"Yes"
3822,"No"
3823,"Yes"
3824,"Yes"
3825,"No"
3826,"Yes"
3827,"No"
3828,"Yes"
3829,"No"
3830,"No"
3831,"No"
3832,"No"
3833,"No"
3834,"No"
3835,"Yes"
3836,"No"
3837,"No"
3838,"No"
3839,"No"
3840,"No"
3841,"Yes"
3842,"Yes"
3843,"No"
3844,"No"
3845,"No"
3846,"No"
3847,"No"
3848,"No"
3849,"No"
3850,"No"
3851,"No"
3852,"Yes"
3853,"No"
3854,"Yes"
3855,"No"
3856,"No"
3857,"No"
3858,"Yes"
3859,"No"
3860,"Yes"
3861,"No"
3862,"No"
3863,"No"
3864,"Yes"
3865,"No"
3866,"Yes"
3867,"No"
3868,"No"
3869,"No"
3870,"No"
3871,"Yes"
3872,"Yes"
3873,"No"
3874,"No"
3875,"Yes"
3876,"No"
3877,"Yes"
3878,"Yes"
3879,"Yes"
3880,"Yes"
3881,"No"
3882,"No"
3883,"No"
3884,"No"
3885,"No"
3886,"No"
3887,"No"
3888,"Yes"
3889,"No"
3890,"Yes"
3891,"Yes"
3892,"No"
3893,"Yes"
3894,"No"
3895,"No"
3896,"No"
3897,"Yes"
3898,"No"
3899,"Yes"
3900,"Yes"
3901,"Yes"
3902,"No"
3903,"Yes"
3904,"Yes"
3905,"No"
3906,"No"
3907,"No"
3908,"Yes"
3909,"No"
3910,"No"
3911,"No"
3912,"Yes"
3913,"Yes"
3914,"No"
3915,"No"
3916,"Yes"
3917,"Yes"
3918,"No"
3919,"No"
3920,"Yes"
3921,"No"
3922,"No"
3923,"Yes"
3924,"No"
3925,"Yes"
3926,"No"
3927,"No"
3928,"No"
3929,"No"
3930,"No"
3931,"No"
3932,"Yes"
3933,"No"
3934,"No"
3935,"Yes"
3936,"No"
3937,"No"
3938,"Yes"
3939,"No"
3940,"No"
3941,"No"
3942,"No"
3943,"Yes"
3944,"Yes"
3945,"No"
3946,"No"
3947,"Yes"
3948,"No"
3949,"No"
3950,"Yes"
3951,"No"
3952,"Yes"
3953,"No"
3954,"No"
3955,"Yes"
3956,"Yes"
3957,"No"
3958,"No"
3959,"Yes"
3960,"Yes"
3961,"No"
3962,"No"
3963,"No"
3964,"No"
3965,"Yes"
3966,"Yes"
3967,"No"
3968,"No"
3969,"No"
3970,"No"
3971,"No"
3972,"Yes"
3973,"No"
3974,"Yes"
3975,"No"
3976,"No"
3977,"No"
3978,"Yes"
3979,"No"
3980,"No"
3981,"No"
3982,"No"
3983,"No"
3984,"No"
3985,"No"
3986,"No"
3987,"Yes"
3988,"Yes"
3989,"Yes"
3990,"Yes"
3991,"Yes"
3992,"No"
3993,"No"
3994,"No"
3995,"No"
3996,"No"
3997,"Yes"
3998,"No"
3999,"Yes"
4000,"No"
4001,"No"
4002,"No"
4003,"No"
4004,"No"
4005,"No"
4006,"No"
4007,"No"
4008,"No"
4009,"Yes"
4010,"No"
4011,"No"
4012,"No"
4013,"No"
4014,"Yes"
4015,"Yes"
4016,"Yes"
4017,"No"
4018,"No"
4019,"No"
4020,"No"
4021,"Yes"
4022,"Yes"
4023,"No"
4024,"Yes"
4025,"No"
4026,"No"
4027,"No"
4028,"Yes"
4029,"No"
4030,"Yes"
4031,"Yes"
4032,"No"
4033,"No"
4034,"No"
4035,"Yes"
4036,"Yes"
4037,"No"
4038,"No"
4039,"No"
4040,"No"
4041,"Yes"
4042,"No"
4043,"Yes"
4044,"No"
4045,"No"
4046,"Yes"
4047,"No"
4048,"No"
4049,"No"
4050,"No"
4051,"Yes"
4052,"No"
4053,"No"
4054,"Yes"
4055,"No"
4056,"No"
4057,"No"
4058,"Yes"
4059,"Yes"
4060,"No"
4061,"Yes"
4062,"Yes"
4063,"No"
4064,"Yes"
4065,"No"
4066,"No"
4067,"Yes"
4068,"Yes"
4069,"Yes"
4070,"Yes"
4071,"Yes"
4072,"Yes"
4073,"No"
4074,"No"
4075,"Yes"
4076,"Yes"
4077,"No"
4078,"Yes"
4079,"No"
4080,"Yes"
4081,"Yes"
4082,"No"
4083,"No"
4084,"No"
4085,"No"
4086,"No"
4087,"No"
4088,"No"
4089,"No"
4090,"No"
4091,"No"
4092,"No"
4093,"No"
4094,"Yes"
4095,"No"
4096,"No"
4097,"Yes"
4098,"Yes"
4099,"No"
4100,"No"
4101,"No"
4102,"No"
4103,"No"
4104,"No"
4105,"No"
4106,"No"
4107,"No"
4108,"No"
4109,"Yes"
4110,"No"
4111,"No"
4112,"No"
4113,"No"
4114,"No"
4115,"No"
4116,"No"
4117,"No"
4118,"Yes"
4119,"No"
4120,"No"
4121,"No"
4122,"No"
4123,"Yes"
4124,"No"
4125,"No"
4126,"Yes"
4127,"No"
4128,"Yes"
4129,"No"
4130,"No"
4131,"No"
4132,"Yes"
4133,"Yes"
4134,"No"
4135,"Yes"
4136,"No"
4137,"No"
4138,"Yes"
4139,"Yes"
4140,"No"
4141,"Yes"
4142,"No"
4143,"No"
4144,"Yes"
4145,"No"
4146,"No"
4147,"No"
4148,"Yes"
4149,"Yes"
4150,"Yes"
4151,"No"
4152,"No"
4153,"Yes"
4154,"Yes"
4155,"No"
4156,"Yes"
4157,"No"
4158,"Yes"
4159,"Yes"
4160,"No"
4161,"No"
4162,"No"
4163,"No"
4164,"No"
4165,"No"
4166,"Yes"
4167,"No"
4168,"No"
4169,"No"
4170,"No"
4171,"No"
4172,"No"
4173,"Yes"
4174,"No"
4175,"No"
4176,"No"
4177,"No"
4178,"Yes"
4179,"No"
4180,"No"
4181,"Yes"
4182,"Yes"
4183,"Yes"
4184,"Yes"
4185,"Yes"
4186,"Yes"
4187,"No"
4188,"No"
4189,"Yes"
4190,"Yes"
4191,"Yes"
4192,"No"
4193,"Yes"
4194,"No"
4195,"No"
4196,"Yes"
4197,"Yes"
4198,"No"
4199,"No"
4200,"No"
4201,"Yes"
4202,"No"
4203,"No"
4204,"No"
4205,"No"
4206,"No"
4207,"No"
4208,"Yes"
4209,"Yes"
4210,"Yes"
4211,"No"
4212,"No"
4213,"No"
4214,"No"
4215,"Yes"
4216,"Yes"
4217,"No"
4218,"No"
4219,"Yes"
4220,"No"
4221,"Yes"
4222,"No"
4223,"No"
4224,"Yes"
4225,"No"
4226,"No"
4227,"Yes"
4228,"Yes"
4229,"No"
4230,"No"
4231,"No"
4232,"Yes"
4233,"Yes"
4234,"Yes"
4235,"No"
4236,"Yes"
4237,"Yes"
4238,"No"
4239,"Yes"
4240,"Yes"
4241,"No"
4242,"No"
4243,"No"
4244,"Yes"
4245,"No"
4246,"No"
4247,"Yes"
4248,"No"
4249,"No"
4250,"No"
4251,"No"
4252,"No"
4253,"Yes"
4254,"No"
4255,"No"
4256,"No"
4257,"Yes"
4258,"No"
4259,"No"
4260,"No"
4261,"No"
4262,"No"
4263,"No"
4264,"No"
4265,"Yes"
4266,"No"
4267,"No"
4268,"Yes"
4269,"No"
4270,"No"
4271,"No"
4272,"No"
4273,"No"
4274,"No"
4275,"No"
4276,"No"
4277,"Yes"
4278,"No"
4279,"No"
4280,"No"
4281,"No"
4282,"No"
4283,"Yes"
4284,"Yes"
4285,"Yes"
4286,"Yes"
4287,"No"
4288,"Yes"
4289,"Yes"
4290,"No"
4291,"No"
4292,"No"
4293,"Yes"
4294,"No"
4295,"Yes"
4296,"Yes"
4297,"No"
4298,"No"
4299,"No"
4300,"No"
4301,"No"
4302,"No"
4303,"Yes"
4304,"No"
4305,"No"
4306,"Yes"
4307,"No"
4308,"Yes"
4309,"No"
4310,"No"
4311,"Yes"
4312,"No"
4313,"Yes"
4314,"No"
4315,"Yes"
4316,"No"
4317,"Yes"
4318,"No"
4319,"No"
4320,"No"
4321,"Yes"
4322,"No"
4323,"Yes"
4324,"No"
4325,"Yes"
4326,"Yes"
4327,"Yes"
4328,"No"
4329,"No"
4330,"Yes"
4331,"Yes"
4332,"No"
4333,"No"
4334,"No"
4335,"No"
4336,"No"
4337,"No"
4338,"Yes"
4339,"No"
4340,"Yes"
4341,"Yes"
4342,"No"
4343,"No"
4344,"No"
4345,"No"
4346,"No"
4347,"No"
4348,"No"
4349,"Yes"
4350,"No"
4351,"No"
4352,"No"
4353,"No"
4354,"No"
4355,"No"
4356,"Yes"
4357,"No"
4358,"No"
4359,"Yes"
4360,"Yes"
4361,"Yes"
4362,"No"
4363,"Yes"
4364,"No"
4365,"No"
4366,"No"
4367,"No"
4368,"Yes"
4369,"No"
4370,"No"
4371,"No"
4372,"No"
4373,"No"
4374,"Yes"
4375,"No"
4376,"No"
4377,"Yes"
4378,"Yes"
4379,"Yes"
4380,"Yes"
4381,"No"
4382,"Yes"
4383,"No"
4384,"No"
4385,"No"
4386,"Yes"
4387,"Yes"
4388,"Yes"
4389,"Yes"
4390,"No"
4391,"Yes"
4392,"Yes"
4393,"No"
4394,"No"
4395,"Yes"
4396,"No"
4397,"No"
4398,"No"
4399,"No"
4400,"Yes"
4401,"Yes"
4402,"No"
4403,"No"
4404,"No"
4405,"No"
4406,"Yes"
4407,"No"
4408,"No"
4409,"Yes"
4410,"Yes"
4411,"No"
4412,"Yes"
4413,"No"
4414,"Yes"
4415,"No"
4416,"Yes"
4417,"No"
4418,"Yes"
4419,"No"
4420,"No"
4421,"No"
4422,"Yes"
4423,"No"
4424,"No"
4425,"No"
4426,"No"
4427,"Yes"
4428,"No"
4429,"No"
4430,"No"
4431,"Yes"
4432,"No"
4433,"No"
4434,"No"
4435,"No"
4436,"No"
4437,"Yes"
4438,"No"
4439,"Yes"
4440,"No"
4441,"Yes"
4442,"No"
4443,"No"
4444,"No"
4445,"No"
4446,"No"
4447,"No"
4448,"No"
4449,"No"
4450,"No"
4451,"Yes"
4452,"Yes"
4453,"No"
4454,"No"
4455,"No"
4456,"Yes"
4457,"No"
4458,"No"
4459,"No"
4460,"No"
4461,"No"
4462,"No"
4463,"No"
4464,"Yes"
4465,"No"
4466,"No"
4467,"Yes"
4468,"No"
4469,"Yes"
4470,"No"
4471,"Yes"
4472,"Yes"
4473,"No"
4474,"No"
4475,"No"
4476,"No"
4477,"No"
4478,"No"
4479,"Yes"
4480,"No"
4481,"Yes"
4482,"No"
4483,"No"
4484,"Yes"
4485,"Yes"
4486,"No"
4487,"No"
4488,"No"
4489,"No"
4490,"No"
4491,"No"
4492,"Yes"
4493,"Yes"
4494,"Yes"
4495,"Yes"
4496,"No"
4497,"No"
4498,"No"
4499,"Yes"
4500,"Yes"
4501,"No"
4502,"No"
4503,"Yes"
4504,"No"
4505,"No"
4506,"No"
4507,"Yes"
4508,"Yes"
4509,"No"
4510,"Yes"
4511,"No"
4512,"No"
4513,"Yes"
4514,"No"
4515,"Yes"
4516,"Yes"
4517,"No"
4518,"No"
4519,"No"
4520,"Yes"
4521,"No"
4522,"No"
4523,"No"
4524,"No"
4525,"No"
4526,"No"
4527,"No"
4528,"Yes"
4529,"No"
4530,"No"
4531,"No"
4532,"No"
4533,"Yes"
4534,"No"
4535,"No"
4536,"Yes"
4537,"Yes"
4538,"No"
4539,"Yes"
4540,"Yes"
4541,"No"
4542,"No"
4543,"No"
4544,"No"
4545,"No"
4546,"No"
4547,"Yes"
4548,"No"
4549,"No"
4550,"Yes"
4551,"No"
4552,"Yes"
4553,"No"
4554,"Yes"
4555,"Yes"
4556,"Yes"
4557,"No"
4558,"No"
4559,"No"
4560,"No"
4561,"No"
4562,"No"
4563,"No"
4564,"No"
4565,"No"
4566,"No"
4567,"No"
4568,"No"
4569,"No"
4570,"No"
4571,"Yes"
4572,"No"
4573,"No"
4574,"No"
4575,"Yes"
4576,"No"
4577,"Yes"
4578,"No"
4579,"No"
4580,"No"
4581,"Yes"
4582,"No"
4583,"No"
4584,"No"
4585,"Yes"
4586,"No"
4587,"No"
4588,"No"
4589,"No"
4590,"No"
4591,"No"
4592,"No"
4593,"Yes"
4594,"No"
4595,"No"
4596,"No"
4597,"No"
4598,"Yes"
4599,"No"
4600,"No"
4601,"No"
4602,"No"
4603,"No"
4604,"No"
4605,"No"
4606,"No"
4607,"Yes"
4608,"Yes"
4609,"No"
4610,"No"
4611,"Yes"
4612,"Yes"
4613,"Yes"
4614,"Yes"
4615,"Yes"
4616,"No"
4617,"No"
4618,"No"
4619,"No"
4620,"No"
4621,"No"
4622,"No"
4623,"No"
4624,"No"
4625,"Yes"
4626,"No"
4627,"Yes"
4628,"No"
4629,"Yes"
4630,"No"
4631,"No"
4632,"Yes"
4633,"No"
4634,"No"
4635,"No"
4636,"Yes"
4637,"Yes"
4638,"Yes"
4639,"No"
4640,"No"
4641,"No"
4642,"Yes"
4643,"No"
4644,"No"
4645,"Yes"
4646,"No"
4647,"No"
4648,"No"
4649,"No"
4650,"Yes"
4651,"No"
4652,"No"
4653,"Yes"
4654,"Yes"
4655,"Yes"
4656,"No"
4657,"No"
4658,"Yes"
4659,"No"
4660,"No"
4661,"Yes"
4662,"No"
4663,"Yes"
4664,"No"
4665,"Yes"
4666,"No"
4667,"No"
4668,"No"
4669,"No"
4670,"Yes"
4671,"No"
4672,"No"
4673,"Yes"
4674,"No"
4675,"No"
4676,"Yes"
4677,"No"
4678,"No"
4679,"No"
4680,"No"
4681,"No"
4682,"No"
4683,"Yes"
4684,"No"
4685,"No"
4686,"No"
4687,"No"
4688,"No"
4689,"No"
4690,"No"
4691,"Yes"
4692,"No"
4693,"No"
4694,"No"
4695,"No"
4696,"Yes"
4697,"No"
4698,"No"
4699,"No"
4700,"No"
4701,"No"
4702,"Yes"
4703,"Yes"
4704,"Yes"
4705,"Yes"
4706,"No"
4707,"No"
4708,"No"
4709,"No"
4710,"Yes"
4711,"No"
4712,"No"
4713,"No"
4714,"No"
4715,"Yes"
4716,"Yes"
4717,"Yes"
4718,"Yes"
4719,"No"
4720,"Yes"
4721,"No"
4722,"Yes"
4723,"No"
4724,"No"
4725,"No"
4726,"No"
4727,"No"
4728,"Yes"
4729,"Yes"
4730,"No"
4731,"Yes"
4732,"No"
4733,"No"
4734,"No"
4735,"No"
4736,"Yes"
4737,"No"
4738,"No"
4739,"Yes"
4740,"Yes"
4741,"No"
4742,"No"
4743,"Yes"
4744,"No"
4745,"No"
4746,"No"
4747,"No"
4748,"No"
4749,"No"
4750,"Yes"
4751,"Yes"
4752,"Yes"
4753,"Yes"
4754,"No"
4755,"No"
4756,"No"
4757,"Yes"
4758,"No"
4759,"Yes"
4760,"No"
4761,"No"
4762,"No"
4763,"Yes"
4764,"No"
4765,"No"
4766,"Yes"
4767,"No"
4768,"No"
4769,"No"
4770,"No"
4771,"No"
4772,"No"
4773,"No"
4774,"Yes"
4775,"Yes"
4776,"No"
4777,"No"
4778,"No"
4779,"No"
4780,"No"
4781,"No"
4782,"Yes"
4783,"No"
4784,"Yes"
4785,"No"
4786,"No"
4787,"No"
4788,"Yes"
4789,"No"
4790,"No"
4791,"No"
4792,"Yes"
4793,"No"
4794,"Yes"
4795,"No"
4796,"No"
4797,"No"
4798,"Yes"
4799,"No"
4800,"No"
4801,"Yes"
4802,"No"
4803,"Yes"
4804,"Yes"
4805,"Yes"
4806,"No"
4807,"No"
4808,"No"
4809,"No"
4810,"No"
4811,"Yes"
4812,"No"
4813,"No"
4814,"Yes"
4815,"Yes"
4816,"Yes"
4817,"No"
4818,"No"
4819,"No"
4820,"No"
4821,"No"
4822,"Yes"
4823,"Yes"
4824,"No"
4825,"Yes"
4826,"Yes"
4827,"No"
4828,"No"
4829,"No"
4830,"No"
4831,"Yes"
4832,"No"
4833,"No"
4834,"Yes"
4835,"Yes"
4836,"No"
4837,"Yes"
4838,"No"
4839,"Yes"
4840,"No"
4841,"No"
4842,"Yes"
4843,"Yes"
4844,"No"
4845,"No"
4846,"No"
4847,"No"
4848,"No"
4849,"No"
4850,"No"
4851,"No"
4852,"No"
4853,"No"
4854,"No"
4855,"No"
4856,"Yes"
4857,"No"
4858,"Yes"
4859,"No"
4860,"No"
4861,"No"
4862,"Yes"
4863,"No"
4864,"No"
4865,"Yes"
4866,"No"
4867,"Yes"
4868,"Yes"
4869,"No"
4870,"No"
4871,"No"
4872,"No"
4873,"No"
4874,"No"
4875,"Yes"
4876,"No"
4877,"Yes"
4878,"No"
4879,"No"
4880,"Yes"
4881,"No"
4882,"No"
4883,"No"
4884,"No"
4885,"No"
4886,"Yes"
4887,"No"
4888,"No"
4889,"No"
4890,"Yes"
4891,"No"
4892,"No"
4893,"Yes"
4894,"No"
4895,"Yes"
4896,"Yes"
4897,"Yes"
4898,"No"
4899,"No"
4900,"Yes"
4901,"No"
4902,"Yes"
4903,"Yes"
4904,"No"
4905,"Yes"
4906,"No"
4907,"No"
4908,"No"
4909,"No"
4910,"No"
4911,"Yes"
4912,"No"
4913,"No"
4914,"Yes"
4915,"Yes"
4916,"Yes"
4917,"No"
4918,"No"
4919,"No"
4920,"Yes"
4921,"Yes"
4922,"No"
4923,"Yes"
4924,"No"
4925,"Yes"
4926,"No"
4927,"No"
4928,"No"
4929,"Yes"
4930,"No"
4931,"No"
4932,"Yes"
4933,"Yes"
4934,"Yes"
4935,"No"
4936,"No"
4937,"No"
4938,"Yes"
4939,"Yes"
4940,"No"
4941,"No"
4942,"No"
4943,"No"
4944,"No"
4945,"Yes"
4946,"No"
4947,"No"
4948,"No"
4949,"No"
4950,"No"
4951,"No"
4952,"No"
4953,"Yes"
4954,"No"
4955,"No"
4956,"Yes"
4957,"No"
4958,"Yes"
4959,"No"
4960,"No"
4961,"No"
4962,"No"
4963,"Yes"
4964,"Yes"
4965,"No"
4966,"No"
4967,"No"
4968,"No"
4969,"Yes"
4970,"No"
4971,"No"
4972,"No"
4973,"No"
4974,"No"
4975,"No"
4976,"Yes"
4977,"Yes"
4978,"No"
4979,"No"
4980,"No"
4981,"Yes"
4982,"No"
4983,"No"
4984,"Yes"
4985,"No"
4986,"Yes"
4987,"Yes"
4988,"Yes"
4989,"No"
4990,"No"
4991,"Yes"
4992,"No"
4993,"Yes"
4994,"Yes"
4995,"Yes"
4996,"No"
4997,"No"
4998,"Yes"
4999,"Yes"
5000,"No"
5001,"No"
5002,"Yes"
5003,"Yes"
5004,"No"
5005,"Yes"
5006,"Yes"
5007,"Yes"
5008,"No"
5009,"Yes"
5010,"No"
5011,"No"
5012,"No"
5013,"No"
5014,"Yes"
5015,"Yes"
5016,"No"
5017,"No"
5018,"Yes"
5019,"Yes"
5020,"No"
5021,"Yes"
5022,"No"
5023,"No"
5024,"No"
5025,"Yes"
5026,"No"
5027,"No"
5028,"No"
5029,"Yes"
5030,"Yes"
5031,"Yes"
5032,"Yes"
5033,"No"
5034,"Yes"
5035,"Yes"
5036,"No"
5037,"No"
5038,"No"
5039,"Yes"
5040,"Yes"
5041,"Yes"
5042,"No"
5043,"No"
5044,"No"
5045,"No"
5046,"No"
5047,"Yes"
5048,"Yes"
5049,"No"
5050,"Yes"
5051,"Yes"
5052,"No"
5053,"No"
5054,"No"
5055,"No"
5056,"Yes"
5057,"No"
5058,"No"
5059,"Yes"
5060,"No"
5061,"No"
5062,"Yes"
5063,"No"
5064,"No"
5065,"No"
5066,"No"
5067,"No"
5068,"No"
5069,"No"
5070,"No"
5071,"Yes"
5072,"Yes"
5073,"No"
5074,"No"
5075,"No"
5076,"Yes"
5077,"No"
5078,"Yes"
5079,"No"
5080,"No"
5081,"Yes"
5082,"No"
5083,"No"
5084,"No"
5085,"No"
5086,"No"
5087,"No"
5088,"No"
5089,"No"
5090,"Yes"
5091,"Yes"
5092,"Yes"
5093,"No"
5094,"Yes"
5095,"Yes"
5096,"Yes"
5097,"No"
5098,"No"
5099,"Yes"
5100,"No"
5101,"Yes"
5102,"Yes"
5103,"Yes"
5104,"No"
5105,"No"
5106,"No"
5107,"Yes"
5108,"Yes"
5109,"Yes"
5110,"Yes"
5111,"Yes"
5112,"No"
5113,"No"
5114,"No"
5115,"Yes"
5116,"No"
5117,"No"
5118,"Yes"
5119,"No"
5120,"Yes"
5121,"No"
5122,"No"
5123,"Yes"
5124,"Yes"
5125,"No"
5126,"Yes"
5127,"Yes"
5128,"Yes"
5129,"Yes"
5130,"Yes"
5131,"No"
5132,"Yes"
5133,"No"
5134,"Yes"
5135,"No"
5136,"Yes"
5137,"No"
5138,"No"
5139,"Yes"
5140,"No"
5141,"No"
5142,"No"
5143,"No"
5144,"No"
5145,"Yes"
5146,"Yes"
5147,"Yes"
5148,"No"
5149,"No"
5150,"No"
5151,"Yes"
5152,"Yes"
5153,"Yes"
5154,"No"
5155,"No"
5156,"No"
5157,"Yes"
5158,"No"
5159,"Yes"
5160,"Yes"
5161,"No"
5162,"Yes"
5163,"No"
5164,"No"
5165,"No"
5166,"Yes"
5167,"No"
5168,"No"
5169,"No"
5170,"Yes"
5171,"No"
5172,"No"
5173,"No"
5174,"No"
5175,"No"
5176,"No"
5177,"No"
5178,"Yes"
5179,"Yes"
5180,"No"
5181,"No"
5182,"No"
5183,"No"
5184,"No"
5185,"No"
5186,"No"
5187,"No"
5188,"No"
5189,"No"
5190,"No"
5191,"No"
5192,"No"
5193,"No"
5194,"Yes"
5195,"No"
5196,"Yes"
5197,"No"
5198,"No"
5199,"No"
5200,"No"
5201,"No"
5202,"No"
5203,"No"
5204,"No"
5205,"No"
5206,"Yes"
5207,"No"
5208,"Yes"
5209,"No"
5210,"No"
5211,"No"
5212,"Yes"
5213,"Yes"
5214,"No"
5215,"No"
5216,"No"
5217,"No"
5218,"No"
5219,"No"
5220,"No"
5221,"No"
5222,"Yes"
5223,"Yes"
5224,"No"
5225,"No"
5226,"No"
5227,"Yes"
5228,"Yes"
5229,"No"
5230,"Yes"
5231,"Yes"
5232,"No"
5233,"No"
5234,"No"
5235,"No"
5236,"No"
5237,"Yes"
5238,"Yes"
5239,"No"
5240,"No"
5241,"Yes"
5242,"No"
5243,"Yes"
5244,"No"
5245,"Yes"
5246,"No"
5247,"Yes"
5248,"No"
5249,"No"
5250,"No"
5251,"No"
5252,"No"
5253,"Yes"
5254,"No"
5255,"No"
5256,"No"
5257,"No"
5258,"No"
5259,"Yes"
5260,"No"
5261,"No"
5262,"No"
5263,"No"
5264,"No"
5265,"No"
5266,"Yes"
5267,"Yes"
5268,"No"
5269,"No"
5270,"No"
5271,"No"
5272,"No"
5273,"Yes"
5274,"Yes"
5275,"No"
5276,"No"
5277,"Yes"
5278,"No"
5279,"No"
5280,"No"
5281,"Yes"
5282,"No"
5283,"No"
5284,"Yes"
5285,"No"
5286,"No"
5287,"No"
5288,"Yes"
5289,"No"
5290,"No"
5291,"Yes"
5292,"Yes"
5293,"No"
5294,"No"
5295,"No"
5296,"No"
5297,"No"
5298,"Yes"
5299,"No"
5300,"Yes"
5301,"No"
5302,"Yes"
5303,"No"
5304,"No"
5305,"Yes"
5306,"No"
5307,"No"
5308,"Yes"
5309,"No"
5310,"No"
5311,"No"
5312,"No"
5313,"No"
5314,"Yes"
5315,"No"
5316,"No"
5317,"No"
5318,"Yes"
5319,"No"
5320,"Yes"
5321,"No"
5322,"Yes"
5323,"Yes"
5324,"Yes"
5325,"Yes"
5326,"No"
5327,"No"
5328,"No"
5329,"No"
5330,"No"
5331,"Yes"
5332,"Yes"
5333,"No"
5334,"Yes"
5335,"No"
5336,"No"
5337,"Yes"
5338,"No"
5339,"No"
5340,"No"
5341,"No"
5342,"No"
5343,"No"
5344,"No"
5345,"Yes"
5346,"Yes"
5347,"Yes"
5348,"Yes"
5349,"No"
5350,"No"
5351,"Yes"
5352,"No"
5353,"Yes"
5354,"No"
5355,"No"
5356,"No"
5357,"Yes"
5358,"Yes"
5359,"Yes"
5360,"No"
5361,"Yes"
5362,"No"
5363,"No"
5364,"No"
5365,"Yes"
5366,"Yes"
5367,"No"
5368,"No"
5369,"Yes"
5370,"No"
5371,"No"
5372,"Yes"
5373,"Yes"
5374,"No"
5375,"Yes"
5376,"Yes"
5377,"No"
5378,"No"
5379,"No"
5380,"No"
5381,"No"
5382,"Yes"
5383,"No"
5384,"Yes"
5385,"No"
5386,"No"
5387,"Yes"
5388,"Yes"
5389,"No"
5390,"Yes"
5391,"No"
5392,"No"
5393,"No"
5394,"Yes"
5395,"Yes"
5396,"No"
5397,"No"
5398,"No"
5399,"No"
5400,"Yes"
5401,"No"
5402,"No"
5403,"Yes"
5404,"No"
5405,"No"
5406,"No"
5407,"No"
5408,"No"
5409,"No"
5410,"No"
5411,"No"
5412,"No"
5413,"No"
5414,"No"
5415,"Yes"
5416,"No"
5417,"No"
5418,"Yes"
5419,"No"
5420,"No"
5421,"No"
5422,"No"
5423,"No"
5424,"No"
5425,"Yes"
5426,"No"
5427,"No"
5428,"No"
5429,"No"
5430,"No"
5431,"Yes"
5432,"No"
5433,"Yes"
5434,"Yes"
5435,"No"
5436,"No"
5437,"No"
5438,"No"
5439,"Yes"
5440,"Yes"
5441,"No"
5442,"Yes"
5443,"No"
5444,"No"
5445,"No"
5446,"No"
5447,"No"
5448,"No"
5449,"No"
5450,"No"
5451,"No"
5452,"No"
5453,"No"
5454,"Yes"
5455,"Yes"
5456,"No"
5457,"No"
5458,"No"
5459,"No"
5460,"No"
5461,"No"
5462,"No"
5463,"No"
5464,"No"
5465,"Yes"
5466,"Yes"
5467,"No"
5468,"Yes"
5469,"No"
5470,"Yes"
5471,"Yes"
5472,"No"
5473,"No"
5474,"No"
5475,"No"
5476,"No"
5477,"No"
5478,"Yes"
5479,"Yes"
5480,"Yes"
5481,"No"
5482,"No"
5483,"No"
5484,"Yes"
5485,"No"
5486,"Yes"
5487,"Yes"
5488,"Yes"
5489,"No"
5490,"No"
5491,"No"
5492,"Yes"
5493,"No"
5494,"No"
5495,"No"
5496,"No"
5497,"Yes"
5498,"Yes"
5499,"Yes"
5500,"No"
5501,"Yes"
5502,"No"
5503,"No"
5504,"No"
5505,"No"
5506,"Yes"
5507,"No"
5508,"No"
5509,"No"
5510,"No"
5511,"No"
5512,"No"
5513,"Yes"
5514,"Yes"
5515,"Yes"
5516,"No"
5517,"No"
5518,"No"
5519,"No"
5520,"No"
5521,"Yes"
5522,"No"
5523,"No"
5524,"Yes"
5525,"No"
5526,"Yes"
5527,"No"
5528,"No"
5529,"No"
5530,"No"
5531,"Yes"
5532,"Yes"
5533,"Yes"
5534,"No"
5535,"Yes"
5536,"Yes"
5537,"No"
5538,"No"
5539,"Yes"
5540,"Yes"
5541,"Yes"
5542,"No"
5543,"Yes"
5544,"Yes"
5545,"No"
5546,"Yes"
5547,"No"
5548,"No"
5549,"No"
5550,"No"
5551,"No"
5552,"No"
5553,"Yes"
5554,"Yes"
5555,"No"
5556,"No"
5557,"Yes"
5558,"No"
5559,"No"
5560,"No"
5561,"No"
5562,"Yes"
5563,"Yes"
5564,"Yes"
5565,"Yes"
5566,"No"
5567,"Yes"
5568,"No"
5569,"No"
5570,"No"
5571,"No"
5572,"No"
5573,"No"
5574,"No"
5575,"No"
5576,"Yes"
5577,"No"
5578,"No"
5579,"No"
5580,"No"
5581,"No"
5582,"No"
5583,"Yes"
5584,"Yes"
5585,"No"
5586,"Yes"
5587,"Yes"
5588,"No"
5589,"No"
5590,"No"
5591,"No"
5592,"No"
5593,"Yes"
5594,"No"
5595,"No"
5596,"No"
5597,"Yes"
5598,"No"
5599,"No"
5600,"Yes"
5601,"No"
5602,"No"
5603,"Yes"
5604,"No"
5605,"No"
5606,"No"
5607,"Yes"
5608,"No"
5609,"No"
5610,"No"
5611,"Yes"
5612,"Yes"
5613,"No"
5614,"No"
5615,"No"
5616,"No"
5617,"Yes"
5618,"Yes"
5619,"Yes"
5620,"No"
5621,"No"
5622,"No"
5623,"No"
5624,"Yes"
5625,"No"
5626,"No"
5627,"No"
5628,"No"
5629,"Yes"
5630,"No"
5631,"No"
5632,"No"
5633,"Yes"
5634,"Yes"
5635,"No"
5636,"No"
5637,"No"
5638,"No"
5639,"No"
5640,"No"
5641,"No"
5642,"No"
5643,"No"
5644,"No"
5645,"Yes"
5646,"Yes"
5647,"No"
5648,"No"
5649,"Yes"
5650,"No"
5651,"Yes"
5652,"No"
5653,"No"
5654,"No"
5655,"No"
5656,"No"
5657,"Yes"
5658,"No"
5659,"No"
5660,"No"
5661,"No"
5662,"Yes"
5663,"Yes"
5664,"No"
5665,"No"
5666,"No"
5667,"Yes"
5668,"No"
5669,"No"
5670,"No"
5671,"No"
5672,"No"
5673,"No"
5674,"No"
5675,"Yes"
5676,"No"
5677,"No"
5678,"Yes"
5679,"No"
5680,"No"
5681,"Yes"
5682,"No"
5683,"Yes"
5684,"Yes"
5685,"No"
5686,"No"
5687,"No"
5688,"No"
5689,"No"
5690,"No"
5691,"No"
5692,"Yes"
5693,"Yes"
5694,"No"
5695,"Yes"
5696,"No"
5697,"No"
5698,"No"
5699,"No"
5700,"Yes"
5701,"Yes"
5702,"Yes"
5703,"Yes"
5704,"No"
5705,"No"
5706,"No"
5707,"No"
5708,"No"
5709,"Yes"
5710,"Yes"
5711,"No"
5712,"No"
5713,"Yes"
5714,"No"
5715,"No"
5716,"No"
5717,"No"
5718,"No"
5719,"No"
5720,"No"
5721,"No"
5722,"Yes"
5723,"No"
5724,"No"
5725,"No"
5726,"No"
5727,"No"
5728,"No"
5729,"No"
5730,"Yes"
5731,"No"
5732,"No"
5733,"No"
5734,"No"
5735,"No"
5736,"No"
5737,"Yes"
5738,"No"
5739,"No"
5740,"Yes"
5741,"No"
5742,"No"
5743,"Yes"
5744,"Yes"
5745,"No"
5746,"No"
5747,"No"
5748,"Yes"
5749,"No"
5750,"No"
5751,"No"
5752,"No"
5753,"No"
5754,"No"
5755,"Yes"
5756,"No"
5757,"No"
5758,"No"
5759,"Yes"
5760,"No"
5761,"No"
5762,"No"
5763,"No"
5764,"No"
5765,"No"
5766,"No"
5767,"Yes"
5768,"No"
5769,"No"
5770,"No"
5771,"No"
5772,"No"
5773,"No"
5774,"No"
5775,"No"
5776,"No"
5777,"No"
5778,"No"
5779,"No"
5780,"No"
5781,"No"
5782,"Yes"
5783,"Yes"
5784,"No"
5785,"Yes"
5786,"Yes"
5787,"No"
5788,"Yes"
5789,"No"
5790,"No"
5791,"No"
5792,"Yes"
5793,"No"
5794,"Yes"
5795,"No"
5796,"No"
5797,"Yes"
5798,"No"
5799,"No"
5800,"No"
5801,"No"
5802,"No"
5803,"No"
5804,"No"
5805,"Yes"
5806,"No"
5807,"Yes"
5808,"No"
5809,"No"
5810,"No"
5811,"No"
5812,"Yes"
5813,"No"
5814,"No"
5815,"Yes"
5816,"Yes"
5817,"Yes"
5818,"No"
5819,"Yes"
5820,"No"
5821,"No"
5822,"No"
5823,"No"
5824,"No"
5825,"No"
5826,"Yes"
5827,"No"
5828,"Yes"
5829,"No"
5830,"Yes"
5831,"Yes"
5832,"No"
5833,"Yes"
5834,"No"
5835,"No"
5836,"No"
5837,"No"
5838,"No"
5839,"No"
5840,"No"
5841,"No"
5842,"No"
5843,"No"
5844,"No"
5845,"No"
5846,"No"
5847,"Yes"
5848,"No"
5849,"No"
5850,"Yes"
5851,"No"
5852,"No"
5853,"No"
5854,"No"
5855,"Yes"
5856,"Yes"
5857,"No"
5858,"No"
5859,"Yes"
5860,"No"
5861,"No"
5862,"No"
5863,"Yes"
5864,"Yes"
5865,"No"
5866,"No"
5867,"No"
5868,"No"
5869,"No"
5870,"No"
5871,"No"
5872,"No"
5873,"Yes"
5874,"No"
5875,"No"
5876,"Yes"
5877,"No"
5878,"Yes"
5879,"Yes"
5880,"No"
5881,"No"
5882,"No"
5883,"No"
5884,"Yes"
5885,"No"
5886,"No"
5887,"No"
5888,"No"
5889,"Yes"
5890,"No"
5891,"Yes"
5892,"Yes"
5893,"No"
5894,"No"
5895,"Yes"
5896,"Yes"
5897,"No"
5898,"Yes"
5899,"No"
5900,"No"
5901,"No"
5902,"Yes"
5903,"Yes"
5904,"Yes"
5905,"No"
5906,"No"
5907,"No"
5908,"No"
5909,"Yes"
5910,"No"
5911,"No"
5912,"Yes"
5913,"Yes"
5914,"No"
5915,"No"
5916,"No"
5917,"No"
5918,"No"
5919,"No"
5920,"No"
5921,"Yes"
5922,"No"
5923,"Yes"
5924,"Yes"
5925,"No"
5926,"Yes"
5927,"No"
5928,"No"
5929,"Yes"
5930,"Yes"
5931,"No"
5932,"Yes"
5933,"No"
5934,"No"
5935,"No"
5936,"No"
5937,"No"
5938,"No"
5939,"No"
5940,"No"
5941,"No"
5942,"No"
5943,"No"
5944,"Yes"
5945,"No"
5946,"No"
5947,"No"
5948,"Yes"
5949,"No"
5950,"No"
5951,"Yes"
5952,"Yes"
5953,"No"
5954,"No"
5955,"No"
5956,"No"
5957,"Yes"
5958,"No"
5959,"No"
5960,"No"
5961,"No"
5962,"No"
5963,"No"
5964,"No"
5965,"No"
5966,"Yes"
5967,"Yes"
5968,"No"
5969,"No"
5970,"Yes"
5971,"Yes"
5972,"No"
5973,"Yes"
5974,"No"
5975,"No"
5976,"Yes"
5977,"No"
5978,"No"
5979,"No"
5980,"No"
5981,"No"
5982,"No"
5983,"No"
5984,"No"
5985,"No"
5986,"Yes"
5987,"Yes"
5988,"No"
5989,"No"
5990,"Yes"
5991,"No"
5992,"No"
5993,"No"
5994,"No"
5995,"Yes"
5996,"Yes"
5997,"No"
5998,"No"
5999,"No"
6000,"No"
6001,"No"
6002,"No"
6003,"Yes"
6004,"Yes"
6005,"Yes"
6006,"No"
6007,"No"
6008,"Yes"
6009,"No"
6010,"No"
6011,"No"
6012,"No"
6013,"No"
6014,"No"
6015,"No"
6016,"No"
6017,"Yes"
6018,"No"
6019,"No"
6020,"Yes"
6021,"No"
6022,"No"
6023,"Yes"
6024,"Yes"
6025,"Yes"
6026,"No"
6027,"No"
6028,"No"
6029,"No"
6030,"No"
6031,"No"
6032,"No"
6033,"Yes"
6034,"No"
6035,"No"
6036,"Yes"
6037,"No"
6038,"Yes"
6039,"No"
6040,"No"
6041,"No"
6042,"No"
6043,"No"
6044,"No"
6045,"No"
6046,"No"
6047,"Yes"
6048,"No"
6049,"No"
6050,"No"
6051,"Yes"
6052,"Yes"
6053,"No"
6054,"No"
6055,"No"
6056,"No"
6057,"No"
6058,"No"
6059,"No"
6060,"Yes"
6061,"No"
6062,"No"
6063,"No"
6064,"No"
6065,"Yes"
6066,"No"
6067,"No"
6068,"No"
6069,"No"
6070,"No"
6071,"Yes"
6072,"No"
6073,"No"
6074,"Yes"
6075,"No"
6076,"No"
6077,"No"
6078,"No"
6079,"Yes"
6080,"Yes"
6081,"Yes"
6082,"No"
6083,"Yes"
6084,"No"
6085,"No"
6086,"No"
6087,"No"
6088,"No"
6089,"No"
6090,"Yes"
6091,"No"
6092,"No"
6093,"Yes"
6094,"No"
6095,"No"
6096,"Yes"
6097,"Yes"
6098,"Yes"
6099,"No"
6100,"Yes"
6101,"No"
6102,"No"
6103,"No"
6104,"No"
6105,"No"
6106,"Yes"
6107,"No"
6108,"No"
6109,"Yes"
6110,"No"
6111,"Yes"
6112,"No"
6113,"Yes"
6114,"No"
6115,"No"
6116,"No"
6117,"No"
6118,"Yes"
6119,"No"
6120,"Yes"
6121,"No"
6122,"No"
6123,"No"
6124,"No"
6125,"No"
6126,"No"
6127,"No"
6128,"No"
6129,"Yes"
6130,"No"
6131,"No"
6132,"No"
6133,"No"
6134,"No"
6135,"No"
6136,"No"
6137,"No"
6138,"No"
6139,"Yes"
6140,"No"
6141,"Yes"
6142,"Yes"
6143,"No"
6144,"No"
6145,"No"
6146,"Yes"
6147,"No"
6148,"Yes"
6149,"No"
6150,"Yes"
6151,"No"
6152,"Yes"
6153,"No"
6154,"No"
6155,"No"
6156,"Yes"
6157,"Yes"
6158,"No"
6159,"No"
6160,"No"
6161,"No"
6162,"No"
6163,"No"
6164,"No"
6165,"No"
6166,"No"
6167,"No"
6168,"Yes"
6169,"Yes"
6170,"No"
6171,"Yes"
6172,"No"
6173,"No"
6174,"Yes"
6175,"No"
6176,"No"
6177,"Yes"
6178,"Yes"
6179,"No"
6180,"No"
6181,"Yes"
6182,"No"
6183,"No"
6184,"Yes"
6185,"No"
6186,"No"
6187,"No"
6188,"No"
6189,"No"
6190,"No"
6191,"Yes"
6192,"No"
6193,"Yes"
6194,"Yes"
6195,"No"
6196,"Yes"
6197,"No"
6198,"No"
6199,"No"
6200,"No"
6201,"No"
6202,"No"
6203,"Yes"
6204,"No"
6205,"No"
6206,"No"
6207,"Yes"
6208,"Yes"
6209,"No"
6210,"No"
6211,"No"
6212,"Yes"
6213,"Yes"
6214,"No"
6215,"No"
6216,"No"
6217,"No"
6218,"No"
6219,"No"
6220,"No"
6221,"Yes"
6222,"Yes"
6223,"No"
6224,"No"
6225,"No"
6226,"No"
6227,"No"
6228,"No"
6229,"No"
6230,"Yes"
6231,"Yes"
6232,"Yes"
6233,"Yes"
6234,"No"
6235,"No"
6236,"No"
6237,"No"
6238,"Yes"
6239,"Yes"
6240,"No"
6241,"No"
6242,"Yes"
6243,"Yes"
6244,"No"
6245,"No"
6246,"No"
6247,"Yes"
6248,"No"
6249,"Yes"
6250,"No"
6251,"No"
6252,"Yes"
6253,"No"
6254,"No"
6255,"Yes"
6256,"No"
6257,"No"
6258,"Yes"
6259,"No"
6260,"No"
6261,"No"
6262,"No"
6263,"No"
6264,"No"
6265,"Yes"
6266,"No"
6267,"No"
6268,"Yes"
6269,"No"
6270,"Yes"
6271,"Yes"
6272,"No"
6273,"Yes"
6274,"Yes"
6275,"Yes"
6276,"Yes"
6277,"Yes"
6278,"No"
6279,"Yes"
6280,"No"
6281,"No"
6282,"Yes"
6283,"No"
6284,"No"
6285,"No"
6286,"No"
6287,"No"
6288,"No"
6289,"Yes"
6290,"No"
6291,"Yes"
6292,"No"
6293,"No"
6294,"No"
6295,"Yes"
6296,"Yes"
6297,"No"
6298,"No"
6299,"Yes"
6300,"No"
6301,"No"
6302,"Yes"
6303,"No"
6304,"No"
6305,"No"
6306,"No"
6307,"No"
6308,"No"
6309,"No"
6310,"Yes"
6311,"No"
6312,"No"
6313,"No"
6314,"No"
6315,"Yes"
6316,"No"
6317,"No"
6318,"No"
6319,"No"
6320,"Yes"
6321,"Yes"
6322,"No"
6323,"No"
6324,"No"
6325,"No"
6326,"No"
6327,"Yes"
6328,"Yes"
6329,"No"
6330,"Yes"
6331,"No"
6332,"No"
6333,"Yes"
6334,"No"
6335,"No"
6336,"No"
6337,"Yes"
6338,"No"
6339,"No"
6340,"No"
6341,"Yes"
6342,"No"
6343,"Yes"
6344,"No"
6345,"No"
6346,"No"
6347,"No"
6348,"No"
6349,"No"
6350,"No"
6351,"No"
6352,"Yes"
6353,"Yes"
6354,"No"
6355,"Yes"
6356,"Yes"
6357,"No"
6358,"No"
6359,"Yes"
6360,"No"
6361,"No"
6362,"Yes"
6363,"Yes"
6364,"No"
6365,"Yes"
6366,"No"
6367,"Yes"
6368,"No"
6369,"No"
6370,"No"
6371,"Yes"
6372,"Yes"
6373,"No"
6374,"Yes"
6375,"No"
6376,"Yes"
6377,"No"
6378,"No"
6379,"No"
6380,"Yes"
6381,"No"
6382,"Yes"
6383,"No"
6384,"No"
6385,"No"
6386,"No"
6387,"Yes"
6388,"No"
6389,"No"
6390,"Yes"
6391,"No"
6392,"No"
6393,"No"
6394,"Yes"
6395,"No"
6396,"Yes"
6397,"Yes"
6398,"No"
6399,"Yes"
6400,"No"
6401,"No"
6402,"Yes"
6403,"No"
6404,"Yes"
6405,"No"
6406,"No"
6407,"No"
6408,"Yes"
6409,"Yes"
6410,"Yes"
6411,"No"
6412,"No"
6413,"No"
6414,"Yes"
6415,"No"
6416,"Yes"
6417,"Yes"
6418,"Yes"
6419,"Yes"
6420,"Yes"
6421,"Yes"
6422,"Yes"
6423,"No"
6424,"No"
6425,"Yes"
6426,"Yes"
6427,"No"
6428,"No"
6429,"Yes"
6430,"No"
6431,"Yes"
6432,"Yes"
6433,"Yes"
6434,"Yes"
6435,"Yes"
6436,"No"
6437,"No"
6438,"No"
6439,"No"
6440,"No"
6441,"No"
6442,"Yes"
6443,"No"
6444,"Yes"
6445,"Yes"
6446,"No"
6447,"Yes"
6448,"No"
6449,"Yes"
6450,"Yes"
6451,"No"
6452,"No"
6453,"Yes"
6454,"Yes"
6455,"No"
6456,"Yes"
6457,"No"
6458,"No"
6459,"No"
6460,"No"
6461,"No"
6462,"No"
6463,"Yes"
6464,"Yes"
6465,"Yes"
6466,"No"
6467,"No"
6468,"Yes"
6469,"No"
6470,"No"
6471,"No"
6472,"No"
6473,"Yes"
6474,"No"
6475,"No"
6476,"Yes"
6477,"No"
6478,"No"
6479,"No"
6480,"No"
6481,"No"
6482,"No"
6483,"No"
6484,"Yes"
6485,"No"
6486,"Yes"
6487,"Yes"
6488,"No"
6489,"No"
6490,"No"
6491,"No"
6492,"No"
6493,"Yes"
6494,"No"
6495,"No"
6496,"Yes"
6497,"No"
6498,"Yes"
6499,"Yes"
6500,"No"
6501,"No"
6502,"Yes"
6503,"Yes"
6504,"No"
6505,"No"
6506,"No"
6507,"Yes"
6508,"No"
6509,"No"
6510,"Yes"
6511,"Yes"
6512,"No"
6513,"Yes"
6514,"No"
6515,"Yes"
6516,"Yes"
6517,"Yes"
6518,"No"
6519,"No"
6520,"No"
6521,"Yes"
6522,"No"
6523,"No"
6524,"Yes"
6525,"Yes"
6526,"No"
6527,"No"
6528,"No"
6529,"No"
6530,"Yes"
6531,"No"
6532,"No"
6533,"Yes"
6534,"Yes"
6535,"No"
6536,"No"
6537,"Yes"
6538,"Yes"
6539,"No"
6540,"Yes"
6541,"No"
6542,"No"
6543,"No"
6544,"No"
6545,"Yes"
6546,"Yes"
6547,"No"
6548,"No"
6549,"No"
6550,"Yes"
6551,"No"
6552,"No"
6553,"Yes"
6554,"No"
6555,"Yes"
6556,"No"
6557,"No"
6558,"Yes"
6559,"No"
6560,"Yes"
6561,"No"
6562,"No"
6563,"Yes"
6564,"Yes"
6565,"Yes"
6566,"No"
6567,"No"
6568,"No"
6569,"No"
6570,"Yes"
6571,"No"
6572,"Yes"
6573,"No"
6574,"Yes"
6575,"No"
6576,"No"
6577,"Yes"
6578,"No"
6579,"No"
6580,"No"
6581,"Yes"
6582,"No"
6583,"No"
6584,"Yes"
6585,"Yes"
6586,"Yes"
6587,"No"
6588,"No"
6589,"Yes"
6590,"Yes"
6591,"No"
6592,"No"
6593,"No"
6594,"No"
6595,"No"
6596,"Yes"
6597,"Yes"
6598,"Yes"
6599,"No"
6600,"No"
6601,"No"
6602,"No"
6603,"No"
6604,"No"
6605,"Yes"
6606,"No"
6607,"No"
6608,"Yes"
6609,"No"
6610,"Yes"
6611,"No"
6612,"No"
6613,"No"
6614,"Yes"
6615,"Yes"
6616,"No"
6617,"Yes"
6618,"No"
6619,"Yes"
6620,"Yes"
6621,"Yes"
6622,"No"
6623,"No"
6624,"No"
6625,"Yes"
6626,"Yes"
6627,"No"
6628,"No"
6629,"Yes"
6630,"Yes"
6631,"No"
6632,"Yes"
6633,"Yes"
6634,"No"
6635,"No"
6636,"No"
6637,"Yes"
6638,"Yes"
6639,"No"
6640,"No"
6641,"No"
6642,"No"
6643,"No"
6644,"No"
6645,"No"
6646,"Yes"
6647,"Yes"
6648,"No"
6649,"No"
6650,"No"
6651,"No"
6652,"No"
6653,"No"
6654,"No"
6655,"No"
6656,"Yes"
6657,"No"
6658,"No"
6659,"No"
6660,"Yes"
6661,"No"
6662,"Yes"
6663,"No"
6664,"No"
6665,"No"
6666,"No"
6667,"No"
6668,"Yes"
6669,"No"
6670,"No"
6671,"No"
6672,"Yes"
6673,"No"
6674,"No"
6675,"No"
6676,"Yes"
6677,"No"
6678,"No"
6679,"Yes"
6680,"No"
6681,"Yes"
6682,"No"
6683,"Yes"
6684,"Yes"
6685,"No"
6686,"Yes"
6687,"No"
6688,"No"
6689,"Yes"
6690,"No"
6691,"No"
6692,"Yes"
6693,"Yes"
6694,"No"
6695,"No"
6696,"No"
6697,"No"
6698,"No"
6699,"No"
6700,"Yes"
6701,"No"
6702,"No"
6703,"Yes"
6704,"Yes"
6705,"No"
6706,"No"
6707,"Yes"
6708,"No"
6709,"No"
6710,"Yes"
6711,"No"
6712,"No"
6713,"No"
6714,"No"
6715,"No"
6716,"Yes"
6717,"No"
6718,"No"
6719,"Yes"
6720,"No"
6721,"Yes"
6722,"No"
6723,"No"
6724,"No"
6725,"No"
6726,"No"
6727,"Yes"
6728,"Yes"
6729,"Yes"
6730,"No"
6731,"No"
6732,"No"
6733,"No"
6734,"No"
6735,"No"
6736,"Yes"
6737,"Yes"
6738,"No"
6739,"No"
6740,"Yes"
6741,"No"
6742,"No"
6743,"No"
6744,"No"
6745,"Yes"
6746,"Yes"
6747,"No"
6748,"No"
6749,"Yes"
6750,"No"
6751,"No"
6752,"No"
6753,"Yes"
6754,"Yes"
6755,"No"
6756,"No"
6757,"Yes"
6758,"Yes"
6759,"No"
6760,"No"
6761,"No"
6762,"Yes"
6763,"No"
6764,"No"
6765,"No"
6766,"No"
6767,"No"
6768,"No"
6769,"Yes"
6770,"No"
6771,"No"
6772,"No"
6773,"No"
6774,"Yes"
6775,"No"
6776,"Yes"
6777,"No"
6778,"No"
6779,"No"
6780,"No"
6781,"No"
6782,"No"
6783,"No"
6784,"No"
6785,"Yes"
6786,"No"
6787,"No"
6788,"No"
6789,"No"
6790,"No"
6791,"Yes"
6792,"Yes"
6793,"Yes"
6794,"No"
6795,"No"
6796,"No"
6797,"No"
6798,"No"
6799,"Yes"
6800,"No"
6801,"No"
6802,"Yes"
6803,"No"
6804,"No"
6805,"No"
6806,"Yes"
6807,"No"
6808,"No"
6809,"No"
6810,"Yes"
6811,"No"
6812,"No"
6813,"No"
6814,"No"
6815,"No"
6816,"Yes"
6817,"Yes"
6818,"Yes"
6819,"Yes"
6820,"No"
6821,"No"
6822,"No"
6823,"No"
6824,"No"
6825,"Yes"
6826,"No"
6827,"Yes"
6828,"No"
6829,"No"
6830,"No"
6831,"Yes"
6832,"No"
6833,"No"
6834,"Yes"
6835,"No"
6836,"No"
6837,"No"
6838,"No"
6839,"Yes"
6840,"Yes"
6841,"No"
6842,"No"
6843,"No"
6844,"No"
6845,"Yes"
6846,"No"
6847,"Yes"
6848,"No"
6849,"Yes"
6850,"No"
6851,"No"
6852,"Yes"
6853,"No"
6854,"No"
6855,"No"
6856,"No"
6857,"No"
6858,"No"
6859,"No"
6860,"No"
6861,"No"
6862,"No"
6863,"No"
6864,"Yes"
6865,"No"
6866,"No"
6867,"No"
6868,"Yes"
6869,"No"
6870,"No"
6871,"No"
6872,"Yes"
6873,"Yes"
6874,"No"
6875,"No"
6876,"No"
6877,"No"
6878,"No"
6879,"Yes"
6880,"No"
6881,"Yes"
6882,"No"
6883,"Yes"
6884,"Yes"
6885,"No"
6886,"No"
6887,"No"
6888,"No"
6889,"Yes"
6890,"No"
6891,"No"
6892,"Yes"
6893,"No"
6894,"No"
6895,"Yes"
6896,"No"
6897,"No"
6898,"No"
6899,"No"
6900,"Yes"
6901,"Yes"
6902,"Yes"
6903,"No"
6904,"No"
6905,"No"
6906,"No"
6907,"No"
6908,"Yes"
6909,"Yes"
6910,"No"
6911,"No"
6912,"No"
6913,"No"
6914,"No"
6915,"No"
6916,"No"
6917,"No"
6918,"No"
6919,"Yes"
6920,"No"
6921,"Yes"
6922,"Yes"
6923,"No"
6924,"No"
6925,"No"
6926,"No"
6927,"Yes"
6928,"Yes"
6929,"Yes"
6930,"No"
6931,"No"
6932,"Yes"
6933,"No"
6934,"No"
6935,"No"
6936,"Yes"
6937,"No"
6938,"No"
6939,"Yes"
6940,"No"
6941,"No"
6942,"No"
6943,"No"
6944,"Yes"
6945,"No"
6946,"No"
6947,"No"
6948,"No"
6949,"No"
6950,"Yes"
6951,"Yes"
6952,"Yes"
6953,"Yes"
6954,"No"
6955,"No"
6956,"No"
6957,"No"
6958,"Yes"
6959,"Yes"
6960,"No"
6961,"No"
6962,"No"
6963,"Yes"
6964,"No"
6965,"No"
6966,"Yes"
6967,"No"
6968,"Yes"
6969,"Yes"
6970,"No"
6971,"No"
6972,"No"
6973,"No"
6974,"No"
6975,"No"
6976,"No"
6977,"No"
6978,"No"
6979,"No"
6980,"Yes"
6981,"No"
6982,"Yes"
6983,"No"
6984,"Yes"
6985,"No"
6986,"No"
6987,"Yes"
6988,"No"
6989,"No"
6990,"No"
6991,"No"
6992,"No"
6993,"No"
6994,"No"
6995,"No"
6996,"No"
6997,"Yes"
6998,"Yes"
6999,"No"
7000,"Yes"
7001,"Yes"
7002,"No"
7003,"Yes"
7004,"Yes"
7005,"Yes"
7006,"No"
7007,"No"
7008,"No"
7009,"Yes"
7010,"No"
7011,"No"
7012,"No"
7013,"No"
7014,"No"
7015,"Yes"
7016,"Yes"
7017,"Yes"
7018,"No"
7019,"No"
7020,"Yes"
7021,"No"
7022,"No"
7023,"No"
7024,"No"
7025,"No"
7026,"Yes"
7027,"No"
7028,"Yes"
7029,"No"
7030,"No"
7031,"No"
7032,"No"
7033,"No"
7034,"No"
7035,"Yes"
7036,"No"
7037,"No"
7038,"No"
7039,"Yes"
7040,"No"
7041,"Yes"
7042,"No"
7043,"Yes"
7044,"Yes"
7045,"Yes"
7046,"No"
7047,"No"
7048,"No"
7049,"No"
7050,"No"
7051,"Yes"
7052,"No"
7053,"No"
7054,"No"
7055,"Yes"
7056,"No"
7057,"No"
7058,"No"
7059,"No"
7060,"Yes"
7061,"Yes"
7062,"No"
7063,"Yes"
7064,"No"
7065,"No"
7066,"Yes"
7067,"No"
7068,"No"
7069,"No"
7070,"No"
7071,"No"
7072,"Yes"
7073,"No"
7074,"No"
7075,"Yes"
7076,"Yes"
7077,"No"
7078,"No"
7079,"No"
7080,"No"
7081,"Yes"
7082,"Yes"
7083,"No"
7084,"No"
7085,"No"
7086,"No"
7087,"No"
7088,"No"
7089,"No"
7090,"No"
7091,"No"
7092,"No"
7093,"Yes"
7094,"Yes"
7095,"No"
7096,"No"
7097,"No"
7098,"No"
7099,"Yes"
7100,"Yes"
7101,"Yes"
7102,"No"
7103,"No"
7104,"No"
7105,"Yes"
7106,"No"
7107,"No"
7108,"No"
7109,"Yes"
7110,"No"
7111,"No"
7112,"Yes"
7113,"No"
7114,"No"
7115,"No"
7116,"No"
7117,"Yes"
7118,"No"
7119,"No"
7120,"No"
7121,"No"
7122,"No"
7123,"Yes"
7124,"No"
7125,"No"
7126,"Yes"
7127,"No"
7128,"Yes"
7129,"No"
7130,"No"
7131,"Yes"
7132,"No"
7133,"No"
7134,"Yes"
7135,"Yes"
7136,"No"
7137,"No"
7138,"No"
7139,"No"
7140,"Yes"
7141,"No"
7142,"Yes"
7143,"Yes"
7144,"No"
7145,"No"
7146,"No"
7147,"No"
7148,"Yes"
7149,"No"
7150,"No"
7151,"No"
7152,"No"
7153,"No"
7154,"No"
7155,"No"
7156,"No"
7157,"No"
7158,"Yes"
7159,"No"
7160,"No"
7161,"No"
7162,"No"
7163,"No"
7164,"No"
7165,"No"
7166,"No"
7167,"No"
7168,"No"
7169,"Yes"
7170,"Yes"
7171,"No"
7172,"No"
7173,"No"
7174,"No"
7175,"No"
7176,"No"
7177,"No"
7178,"Yes"
7179,"Yes"
7180,"No"
7181,"No"
7182,"No"
7183,"No"
7184,"Yes"
7185,"No"
7186,"Yes"
7187,"No"
7188,"Yes"
7189,"Yes"
7190,"No"
7191,"No"
7192,"No"
7193,"No"
7194,"No"
7195,"No"
7196,"Yes"
7197,"Yes"
7198,"No"
7199,"No"
7200,"No"
7201,"No"
7202,"Yes"
7203,"No"
7204,"Yes"
7205,"No"
7206,"Yes"
7207,"Yes"
7208,"No"
7209,"Yes"
7210,"No"
7211,"No"
7212,"No"
7213,"No"
7214,"No"
7215,"No"
7216,"Yes"
7217,"No"
7218,"Yes"
7219,"No"
7220,"No"
7221,"No"
7222,"No"
7223,"No"
7224,"Yes"
7225,"No"
7226,"Yes"
7227,"Yes"
7228,"No"
7229,"No"
7230,"No"
7231,"Yes"
7232,"No"
7233,"No"
7234,"No"
7235,"Yes"
7236,"No"
7237,"No"
7238,"No"
7239,"Yes"
7240,"No"
7241,"No"
7242,"No"
7243,"Yes"
7244,"No"
7245,"No"
7246,"Yes"
7247,"No"
7248,"No"
7249,"No"
7250,"No"
7251,"No"
7252,"No"
7253,"No"
7254,"Yes"
7255,"No"
7256,"No"
7257,"Yes"
7258,"No"
7259,"No"
7260,"No"
7261,"Yes"
7262,"No"
7263,"No"
7264,"Yes"
7265,"Yes"
7266,"No"
7267,"Yes"
7268,"No"
7269,"No"
7270,"No"
7271,"Yes"
7272,"No"
7273,"Yes"
7274,"No"
7275,"No"
7276,"No"
7277,"No"
7278,"No"
7279,"No"
7280,"No"
7281,"No"
7282,"Yes"
7283,"No"
7284,"Yes"
7285,"No"
7286,"Yes"
7287,"Yes"
7288,"Yes"
7289,"No"
7290,"No"
7291,"No"
7292,"No"
7293,"Yes"
7294,"No"
7295,"Yes"
7296,"Yes"
7297,"No"
7298,"Yes"
7299,"No"
7300,"No"
7301,"No"
7302,"No"
7303,"No"
7304,"No"
7305,"No"
7306,"No"
7307,"Yes"
7308,"No"
7309,"No"
7310,"No"
7311,"No"
7312,"Yes"
7313,"No"
7314,"No"
7315,"Yes"
7316,"No"
7317,"Yes"
7318,"Yes"
7319,"Yes"
7320,"No"
7321,"No"
7322,"Yes"
7323,"Yes"
7324,"No"
7325,"No"
7326,"No"
7327,"No"
7328,"No"
7329,"No"
7330,"No"
7331,"Yes"
7332,"Yes"
7333,"Yes"
7334,"Yes"
7335,"No"
7336,"No"
7337,"Yes"
7338,"Yes"
7339,"Yes"
7340,"No"
7341,"Yes"
7342,"No"
7343,"Yes"
7344,"No"
7345,"No"
7346,"No"
7347,"No"
7348,"No"
7349,"No"
7350,"Yes"
7351,"No"
7352,"No"
7353,"No"
7354,"No"
7355,"No"
7356,"No"
7357,"Yes"
7358,"No"
7359,"Yes"
7360,"No"
7361,"No"
7362,"No"
7363,"Yes"
7364,"Yes"
7365,"No"
7366,"No"
7367,"No"
7368,"Yes"
7369,"Yes"
7370,"No"
7371,"No"
7372,"No"
7373,"Yes"
7374,"No"
7375,"No"
7376,"Yes"
7377,"Yes"
7378,"No"
7379,"No"
7380,"No"
7381,"No"
7382,"No"
7383,"Yes"
7384,"Yes"
7385,"No"
7386,"No"
7387,"No"
7388,"Yes"
7389,"No"
7390,"No"
7391,"No"
7392,"Yes"
7393,"No"
7394,"No"
7395,"No"
7396,"No"
7397,"Yes"
7398,"Yes"
7399,"No"
7400,"Yes"
7401,"No"
7402,"Yes"
7403,"No"
7404,"No"
7405,"Yes"
7406,"No"
7407,"No"
7408,"No"
7409,"Yes"
7410,"Yes"
7411,"Yes"
7412,"No"
7413,"No"
7414,"Yes"
7415,"No"
7416,"No"
7417,"No"
7418,"Yes"
7419,"Yes"
7420,"Yes"
7421,"Yes"
7422,"No"
7423,"Yes"
7424,"No"
7425,"Yes"
7426,"No"
7427,"No"
7428,"No"
7429,"No"
7430,"Yes"
7431,"No"
7432,"Yes"
7433,"No"
7434,"No"
7435,"Yes"
7436,"No"
7437,"No"
7438,"No"
7439,"No"
7440,"No"
7441,"No"
7442,"No"
7443,"Yes"
7444,"Yes"
7445,"Yes"
7446,"No"
7447,"No"
7448,"No"
7449,"No"
7450,"No"
7451,"Yes"
7452,"Yes"
7453,"No"
7454,"No"
7455,"No"
7456,"No"
7457,"No"
7458,"No"
7459,"No"
7460,"No"
7461,"Yes"
7462,"No"
7463,"Yes"
7464,"No"
7465,"No"
7466,"No"
7467,"Yes"
7468,"Yes"
7469,"No"
7470,"No"
7471,"Yes"
7472,"No"
7473,"No"
7474,"No"
7475,"No"
7476,"No"
7477,"Yes"
7478,"No"
7479,"No"
7480,"Yes"
7481,"No"
7482,"No"
7483,"No"
7484,"Yes"
7485,"No"
7486,"No"
7487,"No"
7488,"No"
7489,"No"
7490,"No"
7491,"Yes"
7492,"No"
7493,"Yes"
7494,"No"
7495,"Yes"
7496,"No"
7497,"Yes"
7498,"No"
7499,"Yes"
7500,"No"
7501,"No"
7502,"Yes"
7503,"No"
7504,"Yes"
7505,"Yes"
7506,"Yes"
7507,"Yes"
7508,"Yes"
7509,"No"
7510,"Yes"
7511,"Yes"
7512,"Yes"
7513,"No"
7514,"Yes"
7515,"Yes"
7516,"No"
7517,"Yes"
7518,"No"
7519,"No"
7520,"Yes"
7521,"No"
7522,"No"
7523,"No"
7524,"No"
7525,"Yes"
7526,"Yes"
7527,"No"
7528,"No"
7529,"No"
7530,"No"
7531,"No"
7532,"No"
7533,"No"
7534,"No"
7535,"No"
7536,"Yes"
7537,"Yes"
7538,"Yes"
7539,"No"
7540,"No"
7541,"No"
7542,"Yes"
7543,"No"
7544,"No"
7545,"No"
7546,"No"
7547,"Yes"
7548,"Yes"
7549,"No"
7550,"No"
7551,"No"
7552,"No"
7553,"Yes"
7554,"No"
7555,"No"
7556,"Yes"
7557,"No"
7558,"Yes"
7559,"No"
7560,"No"
7561,"Yes"
7562,"Yes"
7563,"No"
7564,"No"
7565,"No"
7566,"No"
7567,"No"
7568,"No"
7569,"No"
7570,"No"
7571,"Yes"
7572,"Yes"
7573,"No"
7574,"No"
7575,"Yes"
7576,"No"
7577,"No"
7578,"Yes"
7579,"No"
7580,"No"
7581,"No"
7582,"No"
7583,"No"
7584,"No"
7585,"No"
7586,"No"
7587,"No"
7588,"No"
7589,"No"
7590,"No"
7591,"No"
7592,"Yes"
7593,"No"
7594,"Yes"
7595,"No"
7596,"No"
7597,"No"
7598,"Yes"
7599,"No"
7600,"No"
7601,"No"
7602,"No"
7603,"No"
7604,"Yes"
7605,"No"
7606,"Yes"
7607,"No"
7608,"Yes"
7609,"No"
7610,"No"
7611,"Yes"
7612,"No"
7613,"No"
7614,"No"
7615,"Yes"
7616,"Yes"
7617,"Yes"
7618,"No"
7619,"No"
7620,"No"
7621,"No"
7622,"No"
7623,"Yes"
7624,"Yes"
7625,"No"
7626,"No"
7627,"Yes"
7628,"No"
7629,"Yes"
7630,"No"
7631,"No"
7632,"Yes"
7633,"Yes"
7634,"No"
7635,"Yes"
7636,"No"
7637,"No"
7638,"No"
7639,"No"
7640,"Yes"
7641,"No"
7642,"No"
7643,"No"
7644,"Yes"
7645,"No"
7646,"No"
7647,"No"
7648,"Yes"
7649,"No"
7650,"Yes"
7651,"No"
7652,"No"
7653,"No"
7654,"No"
7655,"No"
7656,"No"
7657,"No"
7658,"Yes"
7659,"No"
7660,"Yes"
7661,"No"
7662,"No"
7663,"No"
7664,"No"
7665,"No"
7666,"Yes"
7667,"Yes"
7668,"Yes"
7669,"No"
7670,"No"
7671,"Yes"
7672,"No"
7673,"No"
7674,"No"
7675,"Yes"
7676,"No"
7677,"Yes"
7678,"No"
7679,"No"
7680,"Yes"
7681,"Yes"
7682,"Yes"
7683,"Yes"
7684,"No"
7685,"No"
7686,"No"
7687,"No"
7688,"Yes"
7689,"No"
7690,"No"
7691,"No"
7692,"Yes"
7693,"Yes"
7694,"No"
7695,"No"
7696,"No"
7697,"Yes"
7698,"Yes"
7699,"No"
7700,"No"
7701,"Yes"
7702,"Yes"
7703,"No"
7704,"No"
7705,"No"
7706,"No"
7707,"No"
7708,"Yes"
7709,"No"
7710,"No"
7711,"No"
7712,"No"
7713,"No"
7714,"No"
7715,"No"
7716,"Yes"
7717,"Yes"
7718,"No"
7719,"No"
7720,"No"
7721,"No"
7722,"No"
7723,"No"
7724,"No"
7725,"Yes"
7726,"No"
7727,"Yes"
7728,"Yes"
7729,"Yes"
7730,"No"
7731,"No"
7732,"No"
7733,"No"
7734,"Yes"
7735,"No"
7736,"No"
7737,"No"
7738,"Yes"
7739,"Yes"
7740,"Yes"
7741,"No"
7742,"Yes"
7743,"Yes"
7744,"No"
7745,"No"
7746,"Yes"
7747,"Yes"
7748,"No"
7749,"No"
7750,"No"
7751,"No"
7752,"Yes"
7753,"No"
7754,"Yes"
7755,"No"
7756,"Yes"
7757,"No"
7758,"No"
7759,"No"
7760,"Yes"
7761,"No"
7762,"Yes"
7763,"Yes"
7764,"Yes"
7765,"No"
7766,"No"
7767,"No"
7768,"Yes"
7769,"No"
7770,"No"
7771,"Yes"
7772,"No"
7773,"No"
7774,"No"
7775,"Yes"
7776,"No"
7777,"No"
7778,"No"
7779,"Yes"
7780,"No"
7781,"No"
7782,"No"
7783,"No"
7784,"Yes"
7785,"Yes"
7786,"No"
7787,"Yes"
7788,"No"
7789,"No"
7790,"No"
7791,"No"
7792,"Yes"
7793,"No"
7794,"No"
7795,"Yes"
7796,"Yes"
7797,"No"
7798,"Yes"
7799,"Yes"
7800,"No"
7801,"No"
7802,"Yes"
7803,"No"
7804,"No"
7805,"No"
7806,"No"
7807,"Yes"
7808,"Yes"
7809,"Yes"
7810,"Yes"
7811,"Yes"
7812,"No"
7813,"No"
7814,"No"
7815,"Yes"
7816,"Yes"
7817,"Yes"
7818,"No"
7819,"Yes"
7820,"No"
7821,"No"
7822,"No"
7823,"Yes"
7824,"No"
7825,"No"
7826,"Yes"
7827,"No"
7828,"Yes"
7829,"Yes"
7830,"No"
7831,"No"
7832,"No"
7833,"No"
7834,"Yes"
7835,"No"
7836,"No"
7837,"No"
7838,"No"
7839,"No"
7840,"No"
7841,"Yes"
7842,"No"
7843,"Yes"
7844,"Yes"
7845,"No"
7846,"No"
7847,"Yes"
7848,"Yes"
7849,"No"
7850,"No"
7851,"No"
7852,"Yes"
7853,"No"
7854,"No"
7855,"No"
7856,"No"
7857,"No"
7858,"No"
7859,"No"
7860,"No"
7861,"No"
7862,"No"
7863,"No"
7864,"No"
7865,"No"
7866,"No"
7867,"No"
7868,"No"
7869,"No"
7870,"No"
7871,"No"
7872,"No"
7873,"No"
7874,"No"
7875,"No"
7876,"No"
7877,"Yes"
7878,"No"
7879,"Yes"
7880,"No"
7881,"Yes"
7882,"No"
7883,"Yes"
7884,"No"
7885,"No"
7886,"No"
7887,"No"
7888,"No"
7889,"Yes"
7890,"No"
7891,"No"
7892,"No"
7893,"Yes"
7894,"Yes"
7895,"No"
7896,"Yes"
7897,"No"
7898,"No"
7899,"No"
7900,"No"
7901,"Yes"
7902,"Yes"
7903,"No"
7904,"No"
7905,"No"
7906,"No"
7907,"No"
7908,"Yes"
7909,"No"
7910,"Yes"
7911,"No"
7912,"Yes"
7913,"Yes"
7914,"No"
7915,"No"
7916,"Yes"
7917,"No"
7918,"No"
7919,"No"
7920,"No"
7921,"No"
7922,"No"
7923,"No"
7924,"Yes"
7925,"Yes"
7926,"No"
7927,"No"
7928,"No"
7929,"No"
7930,"Yes"
7931,"No"
7932,"No"
7933,"No"
7934,"No"
7935,"Yes"
7936,"No"
7937,"No"
7938,"No"
7939,"No"
7940,"No"
7941,"Yes"
7942,"No"
7943,"No"
7944,"No"
7945,"Yes"
7946,"No"
7947,"Yes"
7948,"No"
7949,"No"
7950,"Yes"
7951,"Yes"
7952,"No"
7953,"No"
7954,"Yes"
7955,"No"
7956,"No"
7957,"Yes"
7958,"No"
7959,"Yes"
7960,"No"
7961,"Yes"
7962,"No"
7963,"Yes"
7964,"No"
7965,"No"
7966,"No"
7967,"No"
7968,"Yes"
7969,"Yes"
7970,"No"
7971,"No"
7972,"Yes"
7973,"Yes"
7974,"Yes"
7975,"Yes"
7976,"No"
7977,"No"
7978,"No"
7979,"No"
7980,"No"
7981,"Yes"
7982,"Yes"
7983,"Yes"
7984,"No"
7985,"No"
7986,"No"
7987,"Yes"
7988,"No"
7989,"No"
7990,"Yes"
7991,"Yes"
7992,"Yes"
7993,"Yes"
7994,"Yes"
7995,"No"
7996,"No"
7997,"No"
7998,"No"
7999,"No"
8000,"No"
8001,"No"
8002,"No"
8003,"No"
8004,"No"
8005,"No"
8006,"No"
8007,"Yes"
8008,"No"
8009,"Yes"
8010,"Yes"
8011,"No"
8012,"No"
8013,"Yes"
8014,"No"
8015,"No"
8016,"No"
8017,"Yes"
8018,"No"
8019,"No"
8020,"Yes"
8021,"No"
8022,"Yes"
8023,"Yes"
8024,"No"
8025,"Yes"
8026,"No"
8027,"No"
8028,"No"
8029,"No"
8030,"Yes"
8031,"Yes"
8032,"No"
8033,"Yes"
8034,"No"
8035,"Yes"
8036,"No"
8037,"Yes"
8038,"No"
8039,"No"
8040,"No"
8041,"Yes"
8042,"No"
8043,"No"
8044,"No"
8045,"No"
8046,"No"
8047,"No"
8048,"No"
8049,"No"
8050,"No"
8051,"Yes"
8052,"No"
8053,"Yes"
8054,"Yes"
8055,"Yes"
8056,"No"
8057,"Yes"
8058,"No"
8059,"Yes"
8060,"No"
8061,"Yes"
8062,"Yes"
8063,"No"
8064,"No"
8065,"Yes"
8066,"No"
8067,"Yes"
8068,"No"
8069,"Yes"
8070,"No"
8071,"No"
8072,"Yes"
8073,"No"
8074,"No"
8075,"No"
8076,"No"
8077,"No"
8078,"Yes"
8079,"No"
8080,"Yes"
8081,"No"
8082,"No"
8083,"No"
8084,"No"
8085,"Yes"
8086,"Yes"
8087,"No"
8088,"No"
8089,"No"
8090,"No"
8091,"No"
8092,"No"
8093,"No"
8094,"No"
8095,"Yes"
8096,"No"
8097,"No"
8098,"No"
8099,"No"
8100,"Yes"
8101,"No"
8102,"No"
8103,"No"
8104,"No"
8105,"No"
8106,"No"
8107,"No"
8108,"Yes"
8109,"No"
8110,"No"
8111,"Yes"
8112,"Yes"
8113,"No"
8114,"Yes"
8115,"Yes"
8116,"No"
8117,"Yes"
8118,"No"
8119,"No"
8120,"Yes"
8121,"No"
8122,"No"
8123,"No"
8124,"No"
8125,"No"
8126,"No"
8127,"No"
8128,"No"
8129,"No"
8130,"No"
8131,"No"
8132,"No"
8133,"No"
8134,"No"
8135,"No"
8136,"No"
8137,"No"
8138,"Yes"
8139,"No"
8140,"Yes"
8141,"No"
8142,"No"
8143,"No"
8144,"Yes"
8145,"No"
8146,"No"
8147,"Yes"
8148,"Yes"
8149,"No"
8150,"No"
8151,"No"
8152,"No"
8153,"Yes"
8154,"No"
8155,"No"
8156,"No"
8157,"No"
8158,"Yes"
8159,"No"
8160,"No"
8161,"Yes"
8162,"Yes"
8163,"No"
8164,"No"
8165,"Yes"
8166,"Yes"
8167,"Yes"
8168,"No"
8169,"Yes"
8170,"No"
8171,"Yes"
8172,"Yes"
8173,"Yes"
8174,"Yes"
8175,"No"
8176,"No"
8177,"No"
8178,"No"
8179,"No"
8180,"Yes"
8181,"Yes"
8182,"Yes"
8183,"No"
8184,"Yes"
8185,"Yes"
8186,"No"
8187,"No"
8188,"Yes"
8189,"No"
8190,"Yes"
8191,"Yes"
8192,"No"
8193,"No"
8194,"Yes"
8195,"No"
8196,"No"
8197,"No"
8198,"Yes"
8199,"Yes"
8200,"Yes"
8201,"No"
8202,"No"
8203,"Yes"
8204,"Yes"
8205,"Yes"
8206,"No"
8207,"No"
8208,"Yes"
8209,"No"
8210,"No"
8211,"No"
8212,"No"
8213,"Yes"
8214,"No"
8215,"Yes"
8216,"Yes"
8217,"No"
8218,"Yes"
8219,"No"
8220,"No"
8221,"No"
8222,"No"
8223,"Yes"
8224,"No"
8225,"Yes"
8226,"No"
8227,"No"
8228,"Yes"
8229,"No"
8230,"No"
8231,"No"
8232,"No"
8233,"No"
8234,"No"
8235,"No"
8236,"Yes"
8237,"No"
8238,"Yes"
8239,"No"
8240,"No"
8241,"No"
8242,"No"
8243,"No"
8244,"No"
8245,"Yes"
8246,"Yes"
8247,"No"
8248,"No"
8249,"No"
8250,"No"
8251,"No"
8252,"Yes"
8253,"No"
8254,"Yes"
8255,"No"
8256,"No"
8257,"Yes"
8258,"No"
8259,"No"
8260,"No"
8261,"No"
8262,"Yes"
8263,"Yes"
8264,"No"
8265,"No"
8266,"No"
8267,"No"
8268,"Yes"
8269,"Yes"
8270,"Yes"
8271,"Yes"
8272,"Yes"
8273,"No"
8274,"No"
8275,"No"
8276,"No"
8277,"Yes"
8278,"Yes"
8279,"Yes"
8280,"No"
8281,"No"
8282,"Yes"
8283,"No"
8284,"Yes"
8285,"No"
8286,"Yes"
8287,"Yes"
8288,"No"
8289,"No"
8290,"No"
8291,"No"
8292,"No"
8293,"Yes"
8294,"Yes"
8295,"No"
8296,"Yes"
8297,"No"
8298,"No"
8299,"Yes"
8300,"No"
8301,"No"
8302,"No"
8303,"No"
8304,"No"
8305,"Yes"
8306,"No"
8307,"No"
8308,"Yes"
8309,"No"
8310,"Yes"
8311,"No"
8312,"No"
8313,"No"
8314,"Yes"
8315,"Yes"
8316,"Yes"
8317,"No"
8318,"Yes"
8319,"Yes"
8320,"Yes"
8321,"Yes"
8322,"No"
8323,"No"
8324,"Yes"
8325,"Yes"
8326,"Yes"
8327,"Yes"
8328,"No"
8329,"Yes"
8330,"No"
8331,"No"
8332,"Yes"
8333,"No"
8334,"No"
8335,"No"
8336,"No"
8337,"No"
8338,"No"
8339,"Yes"
8340,"Yes"
8341,"Yes"
8342,"Yes"
8343,"Yes"
8344,"No"
8345,"No"
8346,"No"
8347,"No"
8348,"No"
8349,"Yes"
8350,"Yes"
8351,"No"
8352,"No"
8353,"No"
8354,"No"
8355,"No"
8356,"Yes"
8357,"No"
8358,"No"
8359,"No"
8360,"Yes"
8361,"No"
8362,"Yes"
8363,"Yes"
8364,"No"
8365,"No"
8366,"No"
8367,"Yes"
8368,"No"
8369,"Yes"
8370,"No"
8371,"No"
8372,"Yes"
8373,"No"
8374,"Yes"
8375,"No"
8376,"No"
8377,"No"
8378,"No"
8379,"No"
8380,"Yes"
8381,"No"
8382,"No"
8383,"Yes"
8384,"Yes"
8385,"No"
8386,"No"
8387,"No"
8388,"Yes"
8389,"No"
8390,"No"
8391,"No"
8392,"Yes"
8393,"Yes"
8394,"No"
8395,"Yes"
8396,"Yes"
8397,"Yes"
8398,"No"
8399,"No"
8400,"No"
8401,"No"
8402,"No"
8403,"Yes"
8404,"No"
8405,"Yes"
8406,"No"
8407,"No"
8408,"No"
8409,"No"
8410,"No"
8411,"No"
8412,"No"
8413,"No"
8414,"Yes"
8415,"No"
8416,"No"
8417,"No"
8418,"No"
8419,"Yes"
8420,"Yes"
8421,"No"
8422,"No"
8423,"Yes"
8424,"No"
8425,"No"
8426,"No"
8427,"No"
8428,"No"
8429,"Yes"
8430,"No"
8431,"No"
8432,"No"
8433,"No"
8434,"Yes"
8435,"No"
8436,"No"
8437,"Yes"
8438,"Yes"
8439,"Yes"
8440,"Yes"
8441,"No"
8442,"No"
8443,"Yes"
8444,"No"
8445,"Yes"
8446,"No"
8447,"Yes"
8448,"No"
8449,"No"
8450,"No"
8451,"Yes"
8452,"No"
8453,"No"
8454,"No"
8455,"No"
8456,"Yes"
8457,"No"
8458,"No"
8459,"Yes"
8460,"No"
8461,"Yes"
8462,"No"
8463,"Yes"
8464,"No"
8465,"No"
8466,"No"
8467,"No"
8468,"No"
8469,"No"
8470,"No"
8471,"Yes"
8472,"No"
8473,"No"
8474,"No"
8475,"No"
8476,"No"
8477,"Yes"
8478,"No"
8479,"Yes"
8480,"No"
8481,"No"
8482,"No"
8483,"No"
8484,"No"
8485,"No"
8486,"Yes"
8487,"Yes"
8488,"No"
8489,"No"
8490,"No"
8491,"No"
8492,"No"
8493,"No"
8494,"No"
8495,"Yes"
8496,"No"
8497,"No"
8498,"No"
8499,"Yes"
8500,"Yes"
8501,"Yes"
8502,"No"
8503,"Yes"
8504,"No"
8505,"Yes"
8506,"No"
8507,"No"
8508,"No"
8509,"No"
8510,"Yes"
8511,"No"
8512,"No"
8513,"No"
8514,"No"
8515,"Yes"
8516,"No"
8517,"Yes"
8518,"No"
8519,"No"
8520,"No"
8521,"No"
8522,"No"
8523,"No"
8524,"Yes"
8525,"Yes"
8526,"Yes"
8527,"No"
8528,"No"
8529,"No"
8530,"Yes"
8531,"No"
8532,"Yes"
8533,"No"
8534,"Yes"
8535,"No"
8536,"No"
8537,"No"
8538,"Yes"
8539,"No"
8540,"No"
8541,"No"
8542,"Yes"
8543,"Yes"
8544,"No"
8545,"No"
8546,"Yes"
8547,"No"
8548,"No"
8549,"Yes"
8550,"No"
8551,"Yes"
8552,"No"
8553,"No"
8554,"Yes"
8555,"No"
8556,"No"
8557,"No"
8558,"No"
8559,"Yes"
8560,"Yes"
8561,"Yes"
8562,"No"
8563,"No"
8564,"Yes"
8565,"No"
8566,"No"
8567,"Yes"
8568,"Yes"
8569,"Yes"
8570,"No"
8571,"No"
8572,"No"
8573,"No"
8574,"No"
8575,"No"
8576,"No"
8577,"Yes"
8578,"No"
8579,"Yes"
8580,"No"
8581,"No"
8582,"No"
8583,"No"
8584,"No"
8585,"No"
8586,"Yes"
8587,"Yes"
8588,"Yes"
8589,"Yes"
8590,"No"
8591,"No"
8592,"No"
8593,"Yes"
8594,"No"
8595,"No"
8596,"No"
8597,"Yes"
8598,"Yes"
8599,"No"
8600,"No"
8601,"No"
8602,"No"
8603,"Yes"
8604,"Yes"
8605,"No"
8606,"No"
8607,"No"
8608,"No"
8609,"Yes"
8610,"No"
8611,"Yes"
8612,"Yes"
8613,"No"
8614,"No"
8615,"Yes"
8616,"Yes"
8617,"No"
8618,"Yes"
8619,"No"
8620,"Yes"
8621,"Yes"
8622,"No"
8623,"Yes"
8624,"Yes"
8625,"Yes"
8626,"Yes"
8627,"No"
8628,"Yes"
8629,"Yes"
8630,"No"
8631,"No"
8632,"Yes"
8633,"No"
8634,"No"
8635,"No"
8636,"No"
8637,"Yes"
8638,"No"
8639,"No"
8640,"Yes"
8641,"No"
8642,"No"
8643,"No"
8644,"Yes"
8645,"No"
8646,"No"
8647,"No"
8648,"No"
8649,"Yes"
8650,"Yes"
8651,"No"
8652,"No"
8653,"No"
8654,"No"
8655,"Yes"
8656,"No"
8657,"No"
8658,"No"
8659,"No"
8660,"Yes"
8661,"No"
8662,"No"
8663,"No"
8664,"No"
8665,"No"
8666,"No"
8667,"No"
8668,"No"
8669,"No"
8670,"Yes"
8671,"Yes"
8672,"No"
8673,"No"
8674,"No"
8675,"No"
8676,"No"
8677,"No"
8678,"No"
8679,"Yes"
8680,"No"
8681,"No"
8682,"Yes"
8683,"No"
8684,"No"
8685,"No"
8686,"Yes"
8687,"Yes"
8688,"Yes"
8689,"No"
8690,"Yes"
8691,"Yes"
8692,"No"
8693,"No"
8694,"Yes"
8695,"No"
8696,"No"
8697,"Yes"
8698,"No"
8699,"No"
8700,"No"
8701,"Yes"
8702,"No"
8703,"Yes"
8704,"No"
8705,"Yes"
8706,"No"
8707,"No"
8708,"No"
8709,"No"
8710,"Yes"
8711,"No"
8712,"No"
8713,"Yes"
8714,"No"
8715,"No"
8716,"No"
8717,"Yes"
8718,"No"
8719,"No"
8720,"No"
8721,"No"
8722,"No"
8723,"No"
8724,"No"
8725,"No"
8726,"No"
8727,"Yes"
8728,"Yes"
8729,"Yes"
8730,"No"
8731,"Yes"
8732,"No"
8733,"No"
8734,"No"
8735,"No"
8736,"Yes"
8737,"Yes"
8738,"Yes"
8739,"No"
8740,"Yes"
8741,"No"
8742,"No"
8743,"No"
8744,"No"
8745,"No"
8746,"No"
8747,"Yes"
8748,"No"
8749,"No"
8750,"No"
8751,"No"
8752,"No"
8753,"Yes"
8754,"Yes"
8755,"No"
8756,"No"
8757,"No"
8758,"Yes"
8759,"Yes"
8760,"No"
8761,"No"
8762,"Yes"
8763,"Yes"
8764,"Yes"
8765,"No"
8766,"No"
8767,"No"
8768,"Yes"
8769,"No"
8770,"No"
8771,"No"
8772,"No"
8773,"Yes"
8774,"No"
8775,"Yes"
8776,"No"
8777,"Yes"
8778,"No"
8779,"No"
8780,"No"
8781,"No"
8782,"Yes"
8783,"Yes"
8784,"No"
8785,"Yes"
8786,"Yes"
8787,"No"
8788,"No"
8789,"No"
8790,"No"
8791,"No"
8792,"No"
8793,"Yes"
8794,"No"
8795,"No"
8796,"No"
8797,"No"
8798,"Yes"
8799,"No"
8800,"No"
8801,"No"
8802,"Yes"
8803,"No"
8804,"Yes"
8805,"No"
8806,"No"
8807,"No"
8808,"Yes"
8809,"No"
8810,"No"
8811,"No"
8812,"No"
8813,"No"
8814,"No"
8815,"Yes"
8816,"No"
8817,"Yes"
8818,"No"
8819,"No"
8820,"No"
8821,"Yes"
8822,"No"
8823,"No"
8824,"Yes"
8825,"No"
8826,"Yes"
8827,"No"
8828,"No"
8829,"No"
8830,"No"
8831,"No"
8832,"No"
8833,"No"
8834,"Yes"
8835,"Yes"
8836,"No"
8837,"No"
8838,"No"
8839,"Yes"
8840,"No"
8841,"No"
8842,"No"
8843,"No"
8844,"Yes"
8845,"No"
8846,"No"
8847,"Yes"
8848,"No"
8849,"Yes"
8850,"No"
8851,"No"
8852,"No"
8853,"No"
8854,"No"
8855,"No"
8856,"Yes"
8857,"No"
8858,"No"
8859,"No"
8860,"No"
8861,"No"
8862,"Yes"
8863,"Yes"
8864,"Yes"
8865,"No"
8866,"No"
8867,"No"
8868,"Yes"
8869,"Yes"
8870,"No"
8871,"No"
8872,"Yes"
8873,"No"
8874,"Yes"
8875,"Yes"
8876,"No"
8877,"No"
8878,"No"
8879,"No"
8880,"No"
8881,"No"
8882,"No"
8883,"No"
8884,"No"
8885,"No"
8886,"Yes"
8887,"Yes"
8888,"No"
8889,"No"
8890,"No"
8891,"No"
8892,"No"
8893,"No"
8894,"No"
8895,"Yes"
8896,"Yes"
8897,"No"
8898,"Yes"
8899,"No"
8900,"No"
8901,"No"
8902,"Yes"
8903,"No"
8904,"No"
8905,"No"
8906,"No"
8907,"No"
8908,"No"
8909,"Yes"
8910,"Yes"
8911,"No"
8912,"No"
8913,"No"
8914,"Yes"
8915,"Yes"
8916,"No"
8917,"No"
8918,"No"
8919,"Yes"
8920,"No"
8921,"No"
8922,"No"
8923,"Yes"
8924,"No"
8925,"No"
8926,"No"
8927,"No"
8928,"Yes"
8929,"No"
8930,"No"
8931,"Yes"
8932,"No"
8933,"Yes"
8934,"Yes"
8935,"No"
8936,"No"
8937,"No"
8938,"No"
8939,"No"
8940,"No"
8941,"No"
8942,"No"
8943,"No"
8944,"Yes"
8945,"No"
8946,"No"
8947,"No"
8948,"No"
8949,"No"
8950,"No"
8951,"No"
8952,"No"
8953,"Yes"
8954,"Yes"
8955,"No"
8956,"No"
8957,"Yes"
8958,"No"
8959,"No"
8960,"Yes"
8961,"No"
8962,"No"
8963,"No"
8964,"No"
8965,"No"
8966,"No"
8967,"Yes"
8968,"No"
8969,"No"
8970,"No"
8971,"No"
8972,"No"
8973,"No"
8974,"Yes"
8975,"No"
8976,"No"
8977,"No"
8978,"No"
8979,"No"
8980,"No"
8981,"Yes"
8982,"No"
8983,"No"
8984,"No"
8985,"Yes"
8986,"No"
8987,"Yes"
8988,"Yes"
8989,"No"
8990,"Yes"
8991,"No"
8992,"No"
8993,"No"
8994,"Yes"
8995,"No"
8996,"No"
8997,"Yes"
8998,"Yes"
8999,"No"
9000,"No"
9001,"No"
9002,"No"
9003,"No"
9004,"No"
9005,"Yes"
9006,"Yes"
9007,"Yes"
9008,"No"
9009,"No"
9010,"Yes"
9011,"Yes"
9012,"Yes"
9013,"No"
9014,"No"
9015,"Yes"
9016,"No"
9017,"No"
9018,"Yes"
9019,"Yes"
9020,"Yes"
9021,"Yes"
9022,"Yes"
9023,"No"
9024,"No"
9025,"No"
9026,"No"
9027,"Yes"
9028,"No"
9029,"No"
9030,"No"
9031,"No"
9032,"No"
9033,"No"
9034,"Yes"
9035,"Yes"
9036,"No"
9037,"No"
9038,"No"
9039,"No"
9040,"No"
9041,"No"
9042,"No"
9043,"Yes"
9044,"No"
9045,"Yes"
9046,"No"
9047,"No"
9048,"No"
9049,"No"
9050,"No"
9051,"Yes"
9052,"Yes"
9053,"Yes"
9054,"No"
9055,"No"
9056,"No"
9057,"No"
9058,"No"
9059,"No"
9060,"No"
9061,"No"
9062,"No"
9063,"No"
9064,"No"
9065,"No"
9066,"Yes"
9067,"No"
9068,"No"
9069,"No"
9070,"No"
9071,"No"
9072,"Yes"
9073,"No"
9074,"Yes"
9075,"No"
9076,"No"
9077,"No"
9078,"Yes"
9079,"No"
9080,"Yes"
9081,"Yes"
9082,"No"
9083,"Yes"
9084,"Yes"
9085,"No"
9086,"No"
9087,"No"
9088,"No"
9089,"Yes"
9090,"No"
9091,"No"
9092,"Yes"
9093,"Yes"
9094,"No"
9095,"No"
9096,"No"
9097,"Yes"
9098,"Yes"
9099,"Yes"
9100,"Yes"
9101,"Yes"
9102,"Yes"
9103,"Yes"
9104,"Yes"
9105,"No"
9106,"No"
9107,"No"
9108,"No"
9109,"No"
9110,"No"
9111,"No"
9112,"No"
9113,"No"
9114,"Yes"
9115,"Yes"
9116,"No"
9117,"No"
9118,"No"
9119,"Yes"
9120,"No"
9121,"Yes"
9122,"Yes"
9123,"Yes"
9124,"Yes"
9125,"Yes"
9126,"Yes"
9127,"No"
9128,"Yes"
9129,"No"
9130,"Yes"
9131,"No"
9132,"No"
9133,"Yes"
9134,"No"
9135,"Yes"
9136,"No"
9137,"Yes"
9138,"No"
9139,"No"
9140,"No"
9141,"Yes"
9142,"No"
9143,"Yes"
9144,"Yes"
9145,"No"
9146,"No"
9147,"No"
9148,"No"
9149,"No"
9150,"No"
9151,"Yes"
9152,"No"
9153,"Yes"
9154,"Yes"
9155,"Yes"
9156,"No"
9157,"No"
9158,"Yes"
9159,"Yes"
9160,"No"
9161,"No"
9162,"Yes"
9163,"No"
9164,"No"
9165,"No"
9166,"No"
9167,"No"
9168,"No"
9169,"No"
9170,"Yes"
9171,"Yes"
9172,"No"
9173,"No"
9174,"Yes"
9175,"No"
9176,"No"
9177,"No"
9178,"No"
9179,"No"
9180,"Yes"
9181,"No"
9182,"No"
9183,"No"
9184,"Yes"
9185,"No"
9186,"No"
9187,"Yes"
9188,"Yes"
9189,"Yes"
9190,"No"
9191,"No"
9192,"No"
9193,"No"
9194,"Yes"
9195,"No"
9196,"No"
9197,"No"
9198,"Yes"
9199,"No"
9200,"No"
9201,"No"
9202,"No"
9203,"No"
9204,"Yes"
9205,"Yes"
9206,"No"
9207,"No"
9208,"Yes"
9209,"No"
9210,"No"
9211,"Yes"
9212,"Yes"
9213,"No"
9214,"Yes"
9215,"Yes"
9216,"No"
9217,"No"
9218,"Yes"
9219,"No"
9220,"No"
9221,"No"
9222,"No"
9223,"Yes"
9224,"Yes"
9225,"No"
9226,"Yes"
9227,"No"
9228,"Yes"
9229,"Yes"
9230,"Yes"
9231,"No"
9232,"Yes"
9233,"No"
9234,"No"
9235,"No"
9236,"Yes"
9237,"No"
9238,"No"
9239,"No"
9240,"Yes"
9241,"Yes"
9242,"No"
9243,"No"
9244,"No"
9245,"Yes"
9246,"No"
9247,"No"
9248,"Yes"
9249,"No"
9250,"No"
9251,"No"
9252,"No"
9253,"No"
9254,"No"
9255,"No"
9256,"No"
9257,"No"
9258,"No"
9259,"Yes"
9260,"No"
9261,"No"
9262,"Yes"
9263,"No"
9264,"Yes"
9265,"No"
9266,"No"
9267,"Yes"
9268,"No"
9269,"Yes"
9270,"No"
9271,"No"
9272,"No"
9273,"No"
9274,"No"
9275,"Yes"
9276,"No"
9277,"No"
9278,"Yes"
9279,"No"
9280,"No"
9281,"Yes"
9282,"No"
9283,"No"
9284,"No"
9285,"Yes"
9286,"No"
9287,"No"
9288,"No"
9289,"Yes"
9290,"Yes"
9291,"No"
9292,"Yes"
9293,"Yes"
9294,"Yes"
9295,"No"
9296,"Yes"
9297,"Yes"
9298,"No"
9299,"No"
9300,"No"
9301,"No"
9302,"No"
9303,"No"
9304,"No"
9305,"No"
9306,"No"
9307,"No"
9308,"Yes"
9309,"Yes"
9310,"No"
9311,"No"
9312,"No"
9313,"Yes"
9314,"Yes"
9315,"Yes"
9316,"No"
9317,"No"
9318,"No"
9319,"Yes"
9320,"Yes"
9321,"No"
9322,"No"
9323,"No"
9324,"No"
9325,"Yes"
9326,"No"
9327,"Yes"
9328,"No"
9329,"No"
9330,"No"
9331,"No"
9332,"No"
9333,"No"
9334,"No"
9335,"No"
9336,"No"
9337,"No"
9338,"No"
9339,"No"
9340,"No"
9341,"Yes"
9342,"No"
9343,"Yes"
9344,"Yes"
9345,"No"
9346,"No"
9347,"No"
9348,"Yes"
9349,"No"
9350,"No"
9351,"Yes"
9352,"No"
9353,"Yes"
9354,"Yes"
9355,"No"
9356,"No"
9357,"Yes"
9358,"No"
9359,"No"
9360,"No"
9361,"Yes"
9362,"Yes"
9363,"No"
9364,"No"
9365,"No"
9366,"No"
9367,"No"
9368,"No"
9369,"No"
9370,"Yes"
9371,"Yes"
9372,"Yes"
9373,"No"
9374,"No"
9375,"No"
9376,"No"
9377,"No"
9378,"No"
9379,"Yes"
9380,"Yes"
9381,"No"
9382,"No"
9383,"No"
9384,"Yes"
9385,"No"
9386,"No"
9387,"No"
9388,"Yes"
9389,"No"
9390,"No"
9391,"Yes"
9392,"No"
9393,"No"
9394,"Yes"
9395,"No"
9396,"No"
9397,"No"
9398,"Yes"
9399,"Yes"
9400,"Yes"
9401,"No"
9402,"No"
9403,"No"
9404,"Yes"
9405,"Yes"
9406,"Yes"
9407,"No"
9408,"No"
9409,"No"
9410,"No"
9411,"No"
9412,"No"
9413,"No"
9414,"No"
9415,"No"
9416,"Yes"
9417,"Yes"
9418,"No"
9419,"No"
9420,"No"
9421,"Yes"
9422,"No"
9423,"Yes"
9424,"Yes"
9425,"Yes"
9426,"Yes"
9427,"No"
9428,"No"
9429,"Yes"
9430,"No"
9431,"No"
9432,"Yes"
9433,"Yes"
9434,"No"
9435,"Yes"
9436,"No"
9437,"Yes"
9438,"Yes"
9439,"No"
9440,"No"
9441,"No"
9442,"Yes"
9443,"Yes"
9444,"No"
9445,"No"
9446,"Yes"
9447,"No"
9448,"No"
9449,"Yes"
9450,"No"
9451,"Yes"
9452,"Yes"
9453,"Yes"
9454,"No"
9455,"Yes"
9456,"No"
9457,"No"
9458,"No"
9459,"Yes"
9460,"Yes"
9461,"No"
9462,"No"
9463,"Yes"
9464,"No"
9465,"Yes"
9466,"No"
9467,"No"
9468,"Yes"
9469,"Yes"
9470,"No"
9471,"No"
9472,"No"
9473,"No"
9474,"No"
9475,"No"
9476,"Yes"
9477,"Yes"
9478,"No"
9479,"Yes"
9480,"No"
9481,"Yes"
9482,"No"
9483,"No"
9484,"Yes"
9485,"No"
9486,"No"
9487,"No"
9488,"Yes"
9489,"No"
9490,"Yes"
9491,"No"
9492,"No"
9493,"No"
9494,"No"
9495,"No"
9496,"No"
9497,"No"
9498,"No"
9499,"No"
9500,"No"
9501,"Yes"
9502,"No"
9503,"No"
9504,"No"
9505,"Yes"
9506,"No"
9507,"No"
9508,"No"
9509,"No"
9510,"No"
9511,"Yes"
9512,"Yes"
9513,"No"
9514,"No"
9515,"No"
9516,"No"
9517,"Yes"
9518,"No"
9519,"No"
9520,"No"
9521,"No"
9522,"Yes"
9523,"No"
9524,"Yes"
9525,"No"
9526,"Yes"
9527,"No"
9528,"No"
9529,"No"
9530,"No"
9531,"Yes"
9532,"No"
9533,"No"
9534,"Yes"
9535,"No"
9536,"No"
9537,"Yes"
9538,"No"
9539,"No"
9540,"No"
9541,"No"
9542,"No"
9543,"Yes"
9544,"No"
9545,"No"
9546,"No"
9547,"Yes"
9548,"Yes"
9549,"No"
9550,"No"
9551,"No"
9552,"No"
9553,"No"
9554,"No"
9555,"No"
9556,"No"
9557,"Yes"
9558,"Yes"
9559,"No"
9560,"No"
9561,"No"
9562,"No"
9563,"No"
9564,"Yes"
9565,"Yes"
9566,"No"
9567,"No"
9568,"No"
9569,"Yes"
9570,"Yes"
9571,"No"
9572,"No"
9573,"No"
9574,"No"
9575,"Yes"
9576,"Yes"
9577,"No"
9578,"No"
9579,"No"
9580,"Yes"
9581,"Yes"
9582,"No"
9583,"No"
9584,"No"
9585,"Yes"
9586,"No"
9587,"No"
9588,"Yes"
9589,"No"
9590,"No"
9591,"No"
9592,"Yes"
9593,"Yes"
9594,"No"
9595,"No"
9596,"No"
9597,"Yes"
9598,"No"
9599,"Yes"
9600,"No"
9601,"No"
9602,"No"
9603,"Yes"
9604,"Yes"
9605,"No"
9606,"Yes"
9607,"No"
9608,"Yes"
9609,"No"
9610,"No"
9611,"No"
9612,"No"
9613,"No"
9614,"No"
9615,"No"
9616,"No"
9617,"No"
9618,"No"
9619,"No"
9620,"No"
9621,"No"
9622,"Yes"
9623,"No"
9624,"No"
9625,"No"
9626,"No"
9627,"No"
9628,"Yes"
9629,"No"
9630,"No"
9631,"Yes"
9632,"Yes"
9633,"No"
9634,"No"
9635,"No"
9636,"No"
9637,"Yes"
9638,"Yes"
9639,"No"
9640,"No"
9641,"No"
9642,"No"
9643,"No"
9644,"No"
9645,"No"
9646,"Yes"
9647,"Yes"
9648,"No"
9649,"Yes"
9650,"Yes"
9651,"No"
9652,"No"
9653,"Yes"
9654,"Yes"
9655,"Yes"
9656,"No"
9657,"No"
9658,"No"
9659,"Yes"
9660,"No"
9661,"No"
9662,"Yes"
9663,"No"
9664,"No"
9665,"No"
9666,"No"
9667,"No"
9668,"No"
9669,"No"
9670,"No"
9671,"No"
9672,"No"
9673,"Yes"
9674,"No"
9675,"Yes"
9676,"No"
9677,"Yes"
9678,"No"
9679,"No"
9680,"No"
9681,"No"
9682,"No"
9683,"No"
9684,"No"
9685,"No"
9686,"Yes"
9687,"Yes"
9688,"Yes"
9689,"Yes"
9690,"No"
9691,"Yes"
9692,"Yes"
9693,"No"
9694,"Yes"
9695,"No"
9696,"Yes"
9697,"No"
9698,"No"
9699,"No"
9700,"No"
9701,"No"
9702,"No"
9703,"No"
9704,"No"
9705,"Yes"
9706,"Yes"
9707,"No"
9708,"Yes"
9709,"No"
9710,"Yes"
9711,"Yes"
9712,"No"
9713,"No"
9714,"No"
9715,"No"
9716,"No"
9717,"No"
9718,"No"
9719,"No"
9720,"No"
9721,"No"
9722,"No"
9723,"Yes"
9724,"Yes"
9725,"No"
9726,"No"
9727,"Yes"
9728,"No"
9729,"Yes"
9730,"No"
9731,"No"
9732,"No"
9733,"No"
9734,"Yes"
9735,"No"
9736,"Yes"
9737,"Yes"
9738,"No"
9739,"No"
9740,"Yes"
9741,"No"
9742,"No"
9743,"No"
9744,"No"
9745,"No"
9746,"No"
9747,"No"
9748,"No"
9749,"Yes"
9750,"Yes"
9751,"Yes"
9752,"No"
9753,"Yes"
9754,"No"
9755,"No"
9756,"Yes"
9757,"No"
9758,"Yes"
9759,"No"
9760,"No"
9761,"No"
9762,"No"
9763,"Yes"
9764,"No"
9765,"No"
9766,"Yes"
9767,"Yes"
9768,"Yes"
9769,"Yes"
9770,"No"
9771,"No"
9772,"No"
9773,"No"
9774,"No"
9775,"No"
9776,"No"
9777,"Yes"
9778,"Yes"
9779,"Yes"
9780,"No"
9781,"Yes"
9782,"No"
9783,"No"
9784,"No"
9785,"No"
9786,"Yes"
9787,"No"
9788,"No"
9789,"Yes"
9790,"No"
9791,"No"
9792,"No"
9793,"Yes"
9794,"Yes"
9795,"No"
9796,"No"
9797,"No"
9798,"Yes"
9799,"Yes"
9800,"No"
9801,"No"
9802,"Yes"
9803,"Yes"
9804,"No"
9805,"Yes"
9806,"Yes"
9807,"No"
9808,"Yes"
9809,"No"
9810,"No"
9811,"No"
9812,"No"
9813,"No"
9814,"Yes"
9815,"No"
9816,"No"
9817,"No"
9818,"No"
9819,"Yes"
9820,"No"
9821,"No"
9822,"No"
9823,"No"
9824,"Yes"
9825,"Yes"
9826,"No"
9827,"No"
9828,"No"
9829,"No"
9830,"No"
9831,"No"
9832,"Yes"
9833,"Yes"
9834,"Yes"
9835,"No"
9836,"Yes"
9837,"Yes"
9838,"No"
9839,"No"
9840,"No"
9841,"No"
9842,"No"
9843,"Yes"
9844,"No"
9845,"Yes"
9846,"No"
9847,"No"
9848,"Yes"
9849,"No"
9850,"Yes"
9851,"No"
9852,"Yes"
9853,"No"
9854,"Yes"
9855,"No"
9856,"No"
9857,"No"
9858,"No"
9859,"No"
9860,"No"
9861,"No"
9862,"No"
9863,"No"
9864,"No"
9865,"No"
9866,"Yes"
9867,"No"
9868,"No"
9869,"No"
9870,"Yes"
9871,"No"
9872,"Yes"
9873,"No"
9874,"No"
9875,"Yes"
9876,"Yes"
9877,"Yes"
9878,"Yes"
9879,"No"
9880,"Yes"
9881,"No"
9882,"Yes"
9883,"No"
9884,"Yes"
9885,"No"
9886,"Yes"
9887,"No"
9888,"No"
9889,"No"
9890,"No"
9891,"No"
9892,"No"
9893,"Yes"
9894,"No"
9895,"No"
9896,"Yes"
9897,"No"
9898,"No"
9899,"No"
9900,"No"
9901,"No"
9902,"Yes"
9903,"No"
9904,"No"
9905,"No"
9906,"Yes"
9907,"No"
9908,"No"
9909,"No"
9910,"No"
9911,"No"
9912,"Yes"
9913,"No"
9914,"No"
9915,"No"
9916,"No"
9917,"No"
9918,"No"
9919,"Yes"
9920,"Yes"
9921,"No"
9922,"No"
9923,"No"
9924,"No"
9925,"No"
9926,"No"
9927,"No"
9928,"Yes"
9929,"No"
9930,"No"
9931,"No"
9932,"Yes"
9933,"No"
9934,"Yes"
9935,"Yes"
9936,"No"
9937,"No"
9938,"No"
9939,"No"
9940,"No"
9941,"No"
9942,"No"
9943,"No"
9944,"Yes"
9945,"No"
9946,"No"
9947,"No"
9948,"No"
9949,"No"
9950,"No"
9951,"No"
9952,"Yes"
9953,"No"
9954,"Yes"
9955,"No"
9956,"No"
9957,"No"
9958,"Yes"
9959,"Yes"
9960,"Yes"
9961,"Yes"
9962,"No"
9963,"Yes"
9964,"No"
9965,"No"
9966,"No"
9967,"No"
9968,"No"
9969,"Yes"
9970,"No"
9971,"No"
9972,"Yes"
9973,"No"
9974,"No"
9975,"No"
9976,"No"
9977,"No"
9978,"No"
9979,"Yes"
9980,"Yes"
9981,"No"
9982,"No"
9983,"No"
9984,"No"
9985,"No"
9986,"No"
9987,"No"
9988,"No"
9989,"No"
9990,"No"
9991,"No"
9992,"No"
9993,"Yes"
9994,"No"
9995,"Yes"
9996,"No"
9997,"Yes"
9998,"Yes"
9999,"No"
10000,"No"
10001,"No"
10002,"No"
10003,"No"
10004,"No"
10005,"No"
10006,"No"
10007,"No"
10008,"No"
10009,"No"
10010,"No"
10011,"Yes"
10012,"No"
10013,"No"
10014,"No"
10015,"No"
10016,"No"
10017,"No"
10018,"Yes"
10019,"No"
10020,"Yes"
10021,"No"
10022,"No"
10023,"Yes"
10024,"No"
10025,"No"
10026,"No"
10027,"Yes"
10028,"No"
10029,"No"
10030,"Yes"
10031,"No"
10032,"No"
10033,"No"
10034,"No"
10035,"No"
10036,"No"
10037,"No"
10038,"No"
10039,"No"
10040,"No"
10041,"No"
10042,"No"
10043,"Yes"
10044,"No"
10045,"No"
10046,"No"
10047,"No"
10048,"No"
10049,"No"
10050,"Yes"
10051,"Yes"
10052,"No"
10053,"No"
10054,"No"
10055,"No"
10056,"No"
10057,"No"
10058,"Yes"
10059,"No"
10060,"No"
10061,"Yes"
10062,"No"
10063,"No"
10064,"No"
10065,"Yes"
10066,"Yes"
10067,"No"
10068,"No"
10069,"No"
10070,"Yes"
10071,"Yes"
10072,"No"
10073,"Yes"
10074,"Yes"
10075,"No"
10076,"Yes"
10077,"No"
10078,"No"
10079,"No"
10080,"No"
10081,"No"
10082,"Yes"
10083,"Yes"
10084,"No"
10085,"No"
10086,"No"
10087,"Yes"
10088,"Yes"
10089,"No"
10090,"No"
10091,"No"
10092,"Yes"
10093,"Yes"
10094,"No"
10095,"No"
10096,"No"
10097,"No"
10098,"Yes"
10099,"No"
10100,"No"
10101,"Yes"
10102,"No"
10103,"No"
10104,"No"
10105,"Yes"
10106,"No"
10107,"No"
10108,"No"
10109,"No"
10110,"No"
10111,"No"
10112,"No"
10113,"Yes"
10114,"Yes"
10115,"Yes"
10116,"No"
10117,"Yes"
10118,"No"
10119,"No"
10120,"No"
10121,"No"
10122,"Yes"
10123,"Yes"
10124,"Yes"
10125,"No"
10126,"No"
10127,"No"
10128,"Yes"
10129,"No"
10130,"No"
10131,"No"
10132,"Yes"
10133,"No"
10134,"No"
10135,"No"
10136,"No"
10137,"No"
10138,"Yes"
10139,"No"
10140,"Yes"
10141,"Yes"
10142,"No"
10143,"Yes"
10144,"No"
10145,"No"
10146,"No"
10147,"Yes"
10148,"No"
10149,"No"
10150,"Yes"
10151,"No"
10152,"No"
10153,"No"
10154,"No"
10155,"No"
10156,"No"
10157,"No"
10158,"No"
10159,"No"
10160,"Yes"
10161,"Yes"
10162,"Yes"
10163,"No"
10164,"Yes"
10165,"Yes"
10166,"No"
10167,"No"
10168,"Yes"
10169,"Yes"
10170,"No"
10171,"Yes"
10172,"No"
10173,"No"
10174,"No"
10175,"No"
10176,"No"
10177,"No"
10178,"Yes"
10179,"Yes"
10180,"No"
10181,"No"
10182,"No"
10183,"No"
10184,"No"
10185,"No"
10186,"No"
10187,"Yes"
10188,"Yes"
10189,"Yes"
10190,"Yes"
10191,"No"
10192,"No"
10193,"No"
10194,"Yes"
10195,"No"
10196,"No"
10197,"Yes"
10198,"No"
10199,"No"
10200,"No"
10201,"No"
10202,"No"
10203,"No"
10204,"No"
10205,"No"
10206,"Yes"
10207,"No"
10208,"No"
10209,"No"
10210,"Yes"
10211,"No"
10212,"No"
10213,"No"
10214,"Yes"
10215,"No"
10216,"No"
10217,"No"
10218,"No"
10219,"Yes"
10220,"No"
10221,"No"
10222,"Yes"
10223,"No"
10224,"No"
10225,"Yes"
10226,"No"
10227,"No"
10228,"Yes"
10229,"No"
10230,"Yes"
10231,"No"
10232,"No"
10233,"No"
10234,"No"
10235,"No"
10236,"Yes"
10237,"No"
10238,"No"
10239,"Yes"
10240,"No"
10241,"No"
10242,"No"
10243,"Yes"
10244,"No"
10245,"No"
10246,"No"
10247,"No"
10248,"No"
10249,"No"
10250,"Yes"
10251,"Yes"
10252,"Yes"
10253,"Yes"
10254,"Yes"
10255,"No"
10256,"No"
10257,"No"
10258,"No"
10259,"No"
10260,"Yes"
10261,"No"
10262,"No"
10263,"No"
10264,"No"
10265,"Yes"
10266,"No"
10267,"No"
10268,"Yes"
10269,"No"
10270,"Yes"
10271,"Yes"
10272,"No"
10273,"Yes"
10274,"No"
10275,"No"
10276,"No"
10277,"No"
10278,"No"
10279,"Yes"
10280,"Yes"
10281,"No"
10282,"No"
10283,"No"
10284,"Yes"
10285,"No"
10286,"Yes"
10287,"Yes"
10288,"No"
10289,"Yes"
10290,"No"
10291,"No"
10292,"Yes"
10293,"No"
10294,"No"
10295,"No"
10296,"Yes"
10297,"No"
10298,"Yes"
10299,"No"
10300,"No"
10301,"No"
10302,"No"
10303,"Yes"
10304,"No"
10305,"Yes"
10306,"No"
10307,"Yes"
10308,"No"
10309,"Yes"
10310,"No"
10311,"No"
10312,"Yes"
10313,"No"
10314,"No"
10315,"No"
10316,"Yes"
10317,"Yes"
10318,"Yes"
10319,"No"
10320,"No"
10321,"No"
10322,"Yes"
10323,"No"
10324,"No"
10325,"No"
10326,"Yes"
10327,"No"
10328,"No"
10329,"No"
10330,"No"
10331,"No"
10332,"No"
10333,"No"
10334,"Yes"
10335,"No"
10336,"Yes"
10337,"Yes"
10338,"No"
10339,"Yes"
10340,"No"
10341,"No"
10342,"Yes"
10343,"No"
10344,"No"
10345,"No"
10346,"No"
10347,"No"
10348,"No"
10349,"No"
10350,"No"
10351,"No"
10352,"No"
10353,"Yes"
10354,"No"
10355,"No"
10356,"Yes"
10357,"No"
10358,"No"
10359,"Yes"
10360,"Yes"
10361,"No"
10362,"No"
10363,"No"
10364,"No"
10365,"Yes"
10366,"Yes"
10367,"No"
10368,"No"
10369,"No"
10370,"No"
10371,"No"
10372,"Yes"
10373,"Yes"
10374,"No"
10375,"Yes"
10376,"Yes"
10377,"No"
10378,"Yes"
10379,"No"
10380,"Yes"
10381,"Yes"
10382,"No"
10383,"No"
10384,"No"
10385,"Yes"
10386,"No"
10387,"No"
10388,"No"
10389,"No"
10390,"No"
10391,"No"
10392,"No"
10393,"No"
10394,"Yes"
10395,"No"
10396,"Yes"
10397,"Yes"
10398,"Yes"
10399,"No"
10400,"No"
10401,"No"
10402,"No"
10403,"No"
10404,"No"
10405,"No"
10406,"No"
10407,"No"
10408,"No"
10409,"No"
10410,"Yes"
10411,"No"
10412,"Yes"
10413,"Yes"
10414,"No"
10415,"No"
10416,"No"
10417,"No"
10418,"No"
10419,"Yes"
10420,"No"
10421,"Yes"
10422,"No"
10423,"Yes"
10424,"Yes"
10425,"No"
10426,"No"
10427,"No"
10428,"No"
10429,"No"
10430,"No"
10431,"No"
10432,"Yes"
10433,"Yes"
10434,"No"
10435,"No"
10436,"No"
10437,"No"
10438,"No"
10439,"No"
10440,"No"
10441,"No"
10442,"No"
10443,"No"
10444,"No"
10445,"No"
10446,"No"
10447,"No"
10448,"No"
10449,"No"
10450,"No"
10451,"No"
10452,"Yes"
10453,"No"
10454,"Yes"
10455,"No"
10456,"Yes"
10457,"No"
10458,"No"
10459,"No"
10460,"No"
10461,"No"
10462,"No"
10463,"Yes"
10464,"Yes"
10465,"No"
10466,"No"
10467,"No"
10468,"Yes"
10469,"No"
10470,"No"
10471,"No"
10472,"Yes"
10473,"Yes"
10474,"Yes"
10475,"Yes"
10476,"No"
10477,"Yes"
10478,"No"
10479,"No"
10480,"No"
10481,"Yes"
10482,"No"
10483,"No"
10484,"Yes"
10485,"No"
10486,"No"
10487,"No"
10488,"No"
10489,"Yes"
10490,"No"
10491,"Yes"
10492,"No"
10493,"No"
10494,"No"
10495,"Yes"
10496,"No"
10497,"No"
10498,"Yes"
10499,"Yes"
10500,"No"
10501,"No"
10502,"Yes"
10503,"No"
10504,"No"
10505,"No"
10506,"Yes"
10507,"No"
10508,"Yes"
10509,"No"
10510,"No"
10511,"No"
10512,"Yes"
10513,"No"
10514,"No"
10515,"No"
10516,"No"
10517,"No"
10518,"Yes"
10519,"Yes"
10520,"No"
10521,"No"
10522,"Yes"
10523,"No"
10524,"No"
10525,"No"
10526,"No"
10527,"No"
10528,"No"
10529,"No"
10530,"No"
10531,"No"
10532,"Yes"
10533,"No"
10534,"No"
10535,"Yes"
10536,"No"
10537,"No"
10538,"No"
10539,"No"
10540,"Yes"
10541,"Yes"
10542,"No"
10543,"No"
10544,"Yes"
10545,"No"
10546,"No"
10547,"No"
10548,"No"
10549,"Yes"
10550,"Yes"
10551,"No"
10552,"Yes"
10553,"No"
10554,"Yes"
10555,"Yes"
10556,"No"
10557,"Yes"
10558,"No"
10559,"No"
10560,"No"
10561,"No"
10562,"Yes"
10563,"Yes"
10564,"No"
10565,"Yes"
10566,"No"
10567,"No"
10568,"No"
10569,"No"
10570,"No"
10571,"Yes"
10572,"Yes"
10573,"No"
10574,"No"
10575,"No"
10576,"No"
10577,"Yes"
10578,"Yes"
10579,"No"
10580,"No"
10581,"No"
10582,"No"
10583,"Yes"
10584,"Yes"
10585,"Yes"
10586,"No"
10587,"No"
10588,"Yes"
10589,"Yes"
10590,"Yes"
10591,"No"
10592,"No"
10593,"No"
10594,"No"
10595,"No"
10596,"No"
10597,"No"
10598,"No"
10599,"No"
10600,"No"
10601,"Yes"
10602,"No"
10603,"No"
10604,"No"
10605,"No"
10606,"Yes"
10607,"No"
10608,"Yes"
10609,"Yes"
10610,"No"
10611,"No"
10612,"No"
10613,"No"
10614,"No"
10615,"No"
10616,"Yes"
10617,"No"
10618,"Yes"
10619,"No"
10620,"No"
10621,"No"
10622,"No"
10623,"Yes"
10624,"No"
10625,"No"
10626,"No"
10627,"No"
10628,"Yes"
10629,"No"
10630,"No"
10631,"No"
10632,"No"
10633,"No"
10634,"Yes"
10635,"Yes"
10636,"No"
10637,"No"
10638,"No"
10639,"Yes"
10640,"Yes"
10641,"No"
10642,"No"
10643,"No"
10644,"No"
10645,"No"
10646,"No"
10647,"No"
10648,"No"
10649,"No"
10650,"No"
10651,"No"
10652,"No"
10653,"No"
10654,"No"
10655,"No"
10656,"Yes"
10657,"Yes"
10658,"Yes"
10659,"No"
10660,"No"
10661,"No"
10662,"No"
10663,"No"
10664,"Yes"
10665,"Yes"
10666,"Yes"
10667,"No"
10668,"Yes"
10669,"No"
10670,"No"
10671,"No"
10672,"No"
10673,"No"
10674,"Yes"
10675,"No"
10676,"No"
10677,"No"
10678,"No"
10679,"Yes"
10680,"No"
10681,"Yes"
10682,"Yes"
10683,"No"
10684,"No"
10685,"Yes"
10686,"No"
10687,"No"
10688,"No"
10689,"No"
10690,"No"
10691,"No"
10692,"Yes"
10693,"No"
10694,"No"
10695,"No"
10696,"No"
10697,"No"
10698,"No"
10699,"No"
10700,"No"
10701,"No"
10702,"Yes"
10703,"Yes"
10704,"No"
10705,"No"
10706,"Yes"
10707,"No"
10708,"No"
10709,"No"
10710,"Yes"
10711,"No"
10712,"Yes"
10713,"No"
10714,"No"
10715,"No"
10716,"No"
10717,"No"
10718,"Yes"
10719,"Yes"
10720,"No"
10721,"Yes"
10722,"No"
10723,"No"
10724,"Yes"
10725,"No"
10726,"No"
10727,"No"
10728,"Yes"
10729,"No"
10730,"No"
10731,"No"
10732,"No"
10733,"Yes"
10734,"No"
10735,"Yes"
10736,"No"
10737,"No"
10738,"No"
10739,"No"
10740,"No"
10741,"No"
10742,"No"
10743,"No"
10744,"Yes"
10745,"Yes"
10746,"No"
10747,"Yes"
10748,"No"
10749,"No"
10750,"No"
10751,"No"
10752,"Yes"
10753,"No"
10754,"No"
10755,"No"
10756,"Yes"
10757,"No"
10758,"No"
10759,"No"
10760,"No"
10761,"No"
10762,"No"
10763,"No"
10764,"No"
10765,"No"
10766,"No"
10767,"Yes"
10768,"No"
10769,"Yes"
10770,"Yes"
10771,"No"
10772,"No"
10773,"Yes"
10774,"No"
10775,"No"
10776,"No"
10777,"No"
10778,"No"
10779,"Yes"
10780,"Yes"
10781,"No"
10782,"Yes"
10783,"No"
10784,"Yes"
10785,"No"
10786,"No"
10787,"No"
10788,"No"
10789,"No"
10790,"Yes"
10791,"No"
10792,"No"
10793,"No"
10794,"No"
10795,"Yes"
10796,"No"
10797,"No"
10798,"No"
10799,"No"
10800,"No"
10801,"No"
10802,"No"
10803,"Yes"
10804,"No"
10805,"Yes"
10806,"Yes"
10807,"Yes"
10808,"Yes"
10809,"Yes"
10810,"No"
10811,"Yes"
10812,"Yes"
10813,"No"
10814,"No"
10815,"No"
10816,"Yes"
10817,"No"
10818,"Yes"
10819,"No"
10820,"No"
10821,"No"
10822,"Yes"
10823,"No"
10824,"No"
10825,"No"
10826,"Yes"
10827,"No"
10828,"No"
10829,"No"
10830,"Yes"
10831,"Yes"
10832,"Yes"
10833,"No"
10834,"Yes"
10835,"Yes"
10836,"No"
10837,"No"
10838,"No"
10839,"No"
10840,"Yes"
10841,"No"
10842,"Yes"
10843,"No"
10844,"Yes"
10845,"No"
10846,"No"
10847,"No"
10848,"No"
10849,"No"
10850,"Yes"
10851,"No"
10852,"Yes"
10853,"Yes"
10854,"No"
10855,"Yes"
10856,"No"
10857,"No"
10858,"No"
10859,"No"
10860,"No"
10861,"No"
10862,"Yes"
10863,"Yes"
10864,"No"
10865,"No"
10866,"No"
10867,"Yes"
10868,"No"
10869,"No"
10870,"No"
10871,"No"
10872,"No"
10873,"Yes"
10874,"No"
10875,"No"
10876,"Yes"
10877,"Yes"
10878,"No"
10879,"No"
10880,"No"
10881,"No"
10882,"Yes"
10883,"Yes"
10884,"No"
10885,"Yes"
10886,"No"
10887,"No"
10888,"No"
10889,"No"
10890,"No"
10891,"Yes"
10892,"Yes"
10893,"No"
10894,"Yes"
10895,"No"
10896,"Yes"
10897,"No"
10898,"No"
10899,"No"
10900,"No"
10901,"No"
10902,"No"
10903,"Yes"
10904,"No"
10905,"Yes"
10906,"Yes"
10907,"No"
10908,"No"
10909,"No"
10910,"No"
10911,"Yes"
10912,"No"
10913,"No"
10914,"No"
10915,"No"
10916,"No"
10917,"Yes"
10918,"No"
10919,"No"
10920,"No"
10921,"Yes"
10922,"No"
10923,"No"
10924,"No"
10925,"No"
10926,"No"
10927,"No"
10928,"No"
10929,"Yes"
10930,"No"
10931,"No"
10932,"No"
10933,"No"
10934,"No"
10935,"Yes"
10936,"Yes"
10937,"No"
10938,"No"
10939,"No"
10940,"No"
10941,"No"
10942,"No"
10943,"Yes"
10944,"Yes"
10945,"Yes"
10946,"No"
10947,"No"
10948,"No"
10949,"No"
10950,"No"
10951,"No"
10952,"No"
10953,"No"
10954,"Yes"
10955,"No"
10956,"No"
10957,"Yes"
10958,"No"
10959,"Yes"
10960,"No"
10961,"No"
10962,"No"
10963,"No"
10964,"No"
10965,"No"
10966,"No"
10967,"No"
10968,"No"
10969,"No"
10970,"No"
10971,"No"
10972,"No"
10973,"Yes"
10974,"No"
10975,"Yes"
10976,"Yes"
10977,"No"
10978,"No"
10979,"No"
10980,"No"
10981,"No"
10982,"Yes"
10983,"No"
10984,"No"
10985,"No"
10986,"No"
10987,"Yes"
10988,"No"
10989,"No"
10990,"Yes"
10991,"Yes"
10992,"No"
10993,"Yes"
10994,"Yes"
10995,"Yes"
10996,"No"
10997,"No"
10998,"No"
10999,"No"
11000,"Yes"
11001,"Yes"
11002,"No"
11003,"No"
11004,"Yes"
11005,"Yes"
11006,"Yes"
11007,"Yes"
11008,"No"
11009,"No"
11010,"Yes"
11011,"No"
11012,"No"
11013,"No"
11014,"No"
11015,"No"
11016,"No"
11017,"No"
11018,"Yes"
11019,"No"
11020,"No"
11021,"No"
11022,"No"
11023,"No"
11024,"No"
11025,"Yes"
11026,"No"
11027,"No"
11028,"Yes"
11029,"No"
11030,"No"
11031,"Yes"
11032,"No"
11033,"No"
11034,"No"
11035,"No"
11036,"No"
11037,"No"
11038,"No"
11039,"No"
11040,"No"
11041,"Yes"
11042,"Yes"
11043,"No"
11044,"Yes"
11045,"No"
11046,"Yes"
11047,"No"
11048,"Yes"
11049,"Yes"
11050,"Yes"
11051,"No"
11052,"No"
11053,"No"
11054,"Yes"
11055,"Yes"
11056,"Yes"
11057,"No"
11058,"Yes"
11059,"Yes"
11060,"No"
11061,"No"
11062,"No"
11063,"Yes"
11064,"Yes"
11065,"No"
11066,"No"
11067,"Yes"
11068,"No"
11069,"Yes"
11070,"No"
11071,"No"
11072,"No"
11073,"Yes"
11074,"No"
11075,"Yes"
11076,"No"
11077,"No"
11078,"No"
11079,"Yes"
11080,"Yes"
11081,"No"
11082,"No"
11083,"No"
11084,"Yes"
11085,"Yes"
11086,"Yes"
11087,"No"
11088,"No"
11089,"No"
11090,"Yes"
11091,"No"
11092,"No"
11093,"No"
11094,"No"
11095,"No"
11096,"No"
11097,"Yes"
11098,"No"
11099,"No"
11100,"No"
11101,"No"
11102,"No"
11103,"Yes"
11104,"No"
11105,"No"
11106,"No"
11107,"Yes"
11108,"Yes"
11109,"No"
11110,"No"
11111,"No"
11112,"No"
11113,"No"
11114,"No"
11115,"Yes"
11116,"No"
11117,"No"
11118,"Yes"
11119,"No"
11120,"No"
11121,"No"
11122,"Yes"
11123,"Yes"
11124,"Yes"
11125,"No"
11126,"No"
11127,"No"
11128,"No"
11129,"No"
11130,"No"
11131,"No"
11132,"Yes"
11133,"No"
11134,"No"
11135,"No"
11136,"No"
11137,"No"
11138,"Yes"
11139,"No"
11140,"Yes"
11141,"No"
11142,"No"
11143,"Yes"
11144,"Yes"
11145,"No"
11146,"Yes"
11147,"No"
11148,"Yes"
11149,"No"
11150,"Yes"
11151,"Yes"
11152,"No"
11153,"No"
11154,"No"
11155,"No"
11156,"No"
11157,"No"
11158,"No"
11159,"Yes"
11160,"No"
11161,"No"
11162,"No"
11163,"No"
11164,"Yes"
11165,"Yes"
11166,"No"
11167,"Yes"
11168,"Yes"
11169,"Yes"
11170,"No"
11171,"No"
11172,"Yes"
11173,"No"
11174,"No"
11175,"Yes"
11176,"Yes"
11177,"Yes"
11178,"No"
11179,"Yes"
11180,"No"
11181,"No"
11182,"No"
11183,"Yes"
11184,"No"
11185,"No"
11186,"No"
11187,"No"
11188,"No"
11189,"Yes"
11190,"No"
11191,"No"
11192,"No"
11193,"No"
11194,"No"
11195,"No"
11196,"No"
11197,"No"
11198,"Yes"
11199,"No"
11200,"No"
11201,"No"
11202,"No"
11203,"Yes"
11204,"Yes"
11205,"Yes"
11206,"No"
11207,"No"
11208,"No"
11209,"No"
11210,"No"
11211,"No"
11212,"Yes"
11213,"No"
11214,"No"
11215,"Yes"
11216,"No"
11217,"No"
11218,"No"
11219,"No"
11220,"Yes"
11221,"No"
11222,"No"
11223,"No"
11224,"Yes"
11225,"No"
11226,"No"
11227,"No"
11228,"Yes"
11229,"No"
11230,"Yes"
11231,"Yes"
11232,"No"
11233,"No"
11234,"Yes"
11235,"No"
11236,"No"
11237,"No"
11238,"No"
11239,"Yes"
11240,"Yes"
11241,"Yes"
11242,"No"
11243,"No"
11244,"No"
11245,"No"
11246,"No"
11247,"Yes"
11248,"Yes"
11249,"Yes"
11250,"No"
11251,"Yes"
11252,"No"
11253,"No"
11254,"No"
11255,"No"
11256,"Yes"
11257,"Yes"
11258,"Yes"
11259,"Yes"
11260,"No"
11261,"Yes"
11262,"Yes"
11263,"No"
11264,"Yes"
11265,"Yes"
11266,"No"
11267,"No"
11268,"No"
11269,"No"
11270,"Yes"
11271,"No"
11272,"Yes"
11273,"Yes"
11274,"No"
11275,"No"
11276,"No"
11277,"No"
11278,"No"
11279,"No"
11280,"No"
11281,"Yes"
11282,"Yes"
11283,"No"
11284,"No"
11285,"No"
11286,"No"
11287,"No"
11288,"Yes"
11289,"Yes"
11290,"No"
11291,"Yes"
11292,"No"
11293,"No"
11294,"Yes"
11295,"No"
11296,"No"
11297,"Yes"
11298,"Yes"
11299,"No"
11300,"Yes"
11301,"Yes"
11302,"No"
11303,"Yes"
11304,"No"
11305,"No"
11306,"Yes"
11307,"No"
11308,"No"
11309,"Yes"
11310,"Yes"
11311,"Yes"
11312,"Yes"
11313,"Yes"
11314,"Yes"
11315,"No"
11316,"No"
11317,"Yes"
11318,"No"
11319,"No"
11320,"No"
11321,"Yes"
11322,"No"
11323,"No"
11324,"No"
11325,"Yes"
11326,"No"
11327,"Yes"
11328,"No"
11329,"No"
11330,"No"
11331,"Yes"
11332,"No"
11333,"Yes"
11334,"Yes"
11335,"Yes"
11336,"No"
11337,"Yes"
11338,"Yes"
11339,"No"
11340,"No"
11341,"No"
11342,"No"
11343,"Yes"
11344,"Yes"
11345,"No"
11346,"No"
11347,"No"
11348,"Yes"
11349,"No"
11350,"No"
11351,"Yes"
11352,"No"
11353,"No"
11354,"Yes"
11355,"No"
11356,"No"
11357,"Yes"
11358,"Yes"
11359,"Yes"
11360,"No"
11361,"Yes"
11362,"No"
11363,"No"
11364,"Yes"
11365,"No"
11366,"No"
11367,"Yes"
11368,"No"
11369,"No"
11370,"No"
11371,"No"
11372,"Yes"
11373,"No"
11374,"No"
11375,"Yes"
11376,"Yes"
11377,"No"
11378,"No"
11379,"Yes"
11380,"No"
11381,"No"
11382,"No"
11383,"No"
11384,"No"
11385,"Yes"
11386,"No"
11387,"Yes"
11388,"Yes"
11389,"Yes"
11390,"No"
11391,"Yes"
11392,"No"
11393,"No"
11394,"No"
11395,"No"
11396,"No"
11397,"Yes"
11398,"Yes"
11399,"No"
11400,"No"
11401,"Yes"
11402,"Yes"
11403,"Yes"
11404,"No"
11405,"No"
11406,"No"
11407,"No"
11408,"No"
11409,"No"
11410,"No"
11411,"Yes"
11412,"No"
11413,"No"
11414,"No"
11415,"Yes"
11416,"No"
11417,"No"
11418,"No"
11419,"No"
11420,"No"
11421,"No"
11422,"No"
11423,"Yes"
11424,"Yes"
11425,"Yes"
11426,"No"
11427,"No"
11428,"No"
11429,"No"
11430,"No"
11431,"No"
11432,"No"
11433,"No"
11434,"Yes"
11435,"Yes"
11436,"No"
11437,"No"
11438,"Yes"
11439,"No"
11440,"No"
11441,"No"
11442,"Yes"
11443,"Yes"
11444,"No"
11445,"No"
11446,"Yes"
11447,"No"
11448,"No"
11449,"Yes"
11450,"No"
11451,"No"
11452,"Yes"
11453,"Yes"
11454,"No"
11455,"Yes"
11456,"No"
11457,"No"
11458,"No"
11459,"Yes"
11460,"No"
11461,"No"
11462,"No"
11463,"Yes"
11464,"No"
11465,"No"
11466,"No"
11467,"No"
11468,"No"
11469,"No"
11470,"Yes"
11471,"No"
11472,"No"
11473,"Yes"
11474,"No"
11475,"Yes"
11476,"No"
11477,"No"
11478,"No"
11479,"Yes"
11480,"Yes"
11481,"No"
11482,"No"
11483,"No"
11484,"No"
11485,"No"
11486,"No"
11487,"No"
11488,"No"
11489,"No"
11490,"No"
11491,"No"
11492,"No"
11493,"Yes"
11494,"Yes"
11495,"No"
11496,"Yes"
11497,"Yes"
11498,"No"
11499,"No"
11500,"Yes"
11501,"Yes"
11502,"No"
11503,"No"
11504,"Yes"
11505,"No"
11506,"No"
11507,"No"
11508,"No"
11509,"Yes"
11510,"Yes"
11511,"No"
11512,"No"
11513,"No"
11514,"No"
11515,"No"
11516,"No"
11517,"No"
11518,"No"
11519,"No"
11520,"Yes"
11521,"Yes"
11522,"No"
11523,"No"
11524,"Yes"
11525,"Yes"
11526,"Yes"
11527,"No"
11528,"Yes"
11529,"No"
11530,"No"
11531,"No"
11532,"Yes"
11533,"No"
11534,"No"
11535,"No"
11536,"Yes"
11537,"No"
11538,"No"
11539,"No"
11540,"No"
11541,"No"
11542,"No"
11543,"Yes"
11544,"No"
11545,"No"
11546,"Yes"
11547,"No"
11548,"No"
11549,"No"
11550,"No"
11551,"Yes"
11552,"No"
11553,"No"
11554,"No"
11555,"Yes"
11556,"Yes"
11557,"No"
11558,"No"
11559,"No"
11560,"Yes"
11561,"No"
11562,"Yes"
11563,"No"
11564,"No"
11565,"No"
11566,"No"
11567,"No"
11568,"Yes"
11569,"No"
11570,"Yes"
11571,"No"
11572,"No"
11573,"No"
11574,"Yes"
11575,"No"
11576,"No"
11577,"No"
11578,"Yes"
11579,"Yes"
11580,"No"
11581,"No"
11582,"No"
11583,"No"
11584,"No"
11585,"Yes"
11586,"No"
11587,"No"
11588,"Yes"
11589,"No"
11590,"Yes"
11591,"No"
11592,"No"
11593,"No"
11594,"No"
11595,"No"
11596,"No"
11597,"Yes"
11598,"No"
11599,"Yes"
11600,"No"
11601,"No"
11602,"No"
11603,"No"
11604,"Yes"
11605,"Yes"
11606,"Yes"
11607,"No"
11608,"No"
11609,"No"
11610,"Yes"
11611,"No"
11612,"No"
11613,"No"
11614,"Yes"
11615,"Yes"
11616,"No"
11617,"No"
11618,"No"
11619,"Yes"
11620,"Yes"
11621,"Yes"
11622,"Yes"
11623,"No"
11624,"No"
11625,"Yes"
11626,"No"
11627,"No"
11628,"No"
11629,"Yes"
11630,"No"
11631,"Yes"
11632,"No"
11633,"No"
11634,"Yes"
11635,"Yes"
11636,"Yes"
11637,"No"
11638,"Yes"
11639,"No"
11640,"No"
11641,"No"
11642,"No"
11643,"No"
11644,"Yes"
11645,"Yes"
11646,"No"
11647,"Yes"
11648,"Yes"
11649,"Yes"
11650,"Yes"
11651,"No"
11652,"No"
11653,"Yes"
11654,"Yes"
11655,"Yes"
11656,"No"
11657,"No"
11658,"No"
11659,"Yes"
11660,"No"
11661,"No"
11662,"No"
11663,"No"
11664,"No"
11665,"No"
11666,"No"
11667,"Yes"
11668,"No"
11669,"No"
11670,"Yes"
11671,"No"
11672,"Yes"
11673,"No"
11674,"No"
11675,"Yes"
11676,"No"
11677,"No"
11678,"No"
11679,"Yes"
11680,"Yes"
11681,"No"
11682,"Yes"
11683,"Yes"
11684,"No"
11685,"No"
11686,"No"
11687,"No"
11688,"No"
11689,"Yes"
11690,"No"
11691,"Yes"
11692,"No"
11693,"No"
11694,"Yes"
11695,"No"
11696,"No"
11697,"No"
11698,"No"
11699,"No"
11700,"Yes"
11701,"Yes"
11702,"No"
11703,"No"
11704,"Yes"
11705,"No"
11706,"Yes"
11707,"Yes"
11708,"No"
11709,"Yes"
11710,"Yes"
11711,"No"
11712,"Yes"
11713,"Yes"
11714,"No"
11715,"No"
11716,"No"
11717,"No"
11718,"No"
11719,"No"
11720,"Yes"
11721,"Yes"
11722,"No"
11723,"No"
11724,"Yes"
11725,"Yes"
11726,"No"
11727,"No"
11728,"Yes"
11729,"No"
11730,"Yes"
11731,"Yes"
11732,"No"
11733,"No"
11734,"Yes"
11735,"No"
11736,"No"
11737,"No"
11738,"No"
11739,"No"
11740,"No"
11741,"No"
11742,"No"
11743,"No"
11744,"No"
11745,"No"
11746,"Yes"
11747,"No"
11748,"Yes"
11749,"Yes"
11750,"No"
11751,"No"
11752,"No"
11753,"No"
11754,"No"
11755,"No"
11756,"No"
11757,"No"
11758,"No"
11759,"Yes"
11760,"No"
11761,"No"
11762,"No"
11763,"No"
11764,"No"
11765,"No"
11766,"No"
11767,"Yes"
11768,"Yes"
11769,"No"
11770,"No"
11771,"Yes"
11772,"No"
11773,"No"
11774,"Yes"
11775,"No"
11776,"No"
11777,"No"
11778,"No"
11779,"No"
11780,"Yes"
11781,"Yes"
11782,"Yes"
11783,"No"
11784,"No"
11785,"No"
11786,"No"
11787,"No"
11788,"No"
11789,"No"
11790,"Yes"
11791,"Yes"
11792,"No"
11793,"No"
11794,"No"
11795,"No"
11796,"No"
11797,"No"
11798,"Yes"
11799,"Yes"
11800,"Yes"
11801,"Yes"
11802,"No"
11803,"No"
11804,"Yes"
11805,"No"
11806,"No"
11807,"Yes"
11808,"No"
11809,"No"
11810,"Yes"
11811,"No"
11812,"Yes"
11813,"No"
11814,"No"
11815,"Yes"
11816,"No"
11817,"No"
11818,"No"
11819,"No"
11820,"No"
11821,"Yes"
11822,"Yes"
11823,"No"
11824,"No"
11825,"No"
11826,"No"
11827,"No"
11828,"No"
11829,"Yes"
11830,"No"
11831,"No"
11832,"No"
11833,"Yes"
11834,"No"
11835,"No"
11836,"Yes"
11837,"No"
11838,"No"
11839,"No"
11840,"No"
11841,"No"
11842,"No"
11843,"Yes"
11844,"No"
11845,"Yes"
11846,"No"
11847,"No"
11848,"No"
11849,"No"
11850,"No"
11851,"No"
11852,"No"
11853,"Yes"
11854,"Yes"
11855,"No"
11856,"No"
11857,"Yes"
11858,"Yes"
11859,"No"
11860,"Yes"
11861,"No"
11862,"No"
11863,"Yes"
11864,"Yes"
11865,"No"
11866,"No"
11867,"No"
11868,"Yes"
11869,"No"
11870,"No"
11871,"Yes"
11872,"No"
11873,"No"
11874,"Yes"
11875,"No"
11876,"Yes"
11877,"Yes"
11878,"No"
11879,"No"
11880,"No"
11881,"No"
11882,"No"
11883,"No"
11884,"Yes"
11885,"No"
11886,"Yes"
11887,"No"
11888,"No"
11889,"Yes"
11890,"No"
11891,"No"
11892,"No"
11893,"No"
11894,"No"
11895,"Yes"
11896,"Yes"
11897,"No"
11898,"Yes"
11899,"No"
11900,"No"
11901,"Yes"
11902,"No"
11903,"Yes"
11904,"Yes"
11905,"Yes"
11906,"No"
11907,"Yes"
11908,"Yes"
11909,"No"
11910,"No"
11911,"No"
11912,"Yes"
11913,"No"
11914,"No"
11915,"No"
11916,"Yes"
11917,"Yes"
11918,"No"
11919,"No"
11920,"Yes"
11921,"Yes"
11922,"No"
11923,"No"
11924,"Yes"
11925,"No"
11926,"No"
11927,"Yes"
11928,"No"
11929,"Yes"
11930,"No"
11931,"No"
11932,"No"
11933,"No"
11934,"No"
11935,"Yes"
11936,"No"
11937,"No"
11938,"No"
11939,"Yes"
11940,"No"
11941,"Yes"
11942,"Yes"
11943,"No"
11944,"Yes"
11945,"No"
11946,"No"
11947,"Yes"
11948,"Yes"
11949,"No"
11950,"No"
11951,"Yes"
11952,"Yes"
11953,"No"
11954,"Yes"
11955,"No"
11956,"No"
11957,"No"
11958,"No"
11959,"Yes"
11960,"Yes"
11961,"No"
11962,"No"
11963,"No"
11964,"No"
11965,"Yes"
11966,"No"
11967,"No"
11968,"No"
11969,"No"
11970,"No"
11971,"No"
11972,"No"
11973,"No"
11974,"No"
11975,"Yes"
11976,"Yes"
11977,"Yes"
11978,"No"
11979,"No"
11980,"No"
11981,"No"
11982,"Yes"
11983,"No"
11984,"Yes"
11985,"No"
11986,"No"
11987,"No"
11988,"No"
11989,"No"
11990,"No"
11991,"No"
11992,"Yes"
11993,"No"
11994,"No"
11995,"Yes"
11996,"Yes"
11997,"No"
11998,"No"
11999,"No"
12000,"No"
12001,"No"
12002,"Yes"
12003,"No"
12004,"No"
12005,"Yes"
12006,"No"
12007,"Yes"
12008,"No"
12009,"No"
12010,"Yes"
12011,"Yes"
12012,"No"
12013,"No"
12014,"No"
12015,"No"
12016,"No"
12017,"No"
12018,"No"
12019,"Yes"
12020,"No"
12021,"No"
12022,"No"
12023,"No"
12024,"Yes"
12025,"No"
12026,"No"
12027,"No"
12028,"Yes"
12029,"No"
12030,"No"
12031,"No"
12032,"Yes"
12033,"No"
12034,"Yes"
12035,"No"
12036,"Yes"
12037,"Yes"
12038,"No"
12039,"No"
12040,"No"
12041,"No"
12042,"No"
12043,"No"
12044,"Yes"
12045,"Yes"
12046,"No"
12047,"Yes"
12048,"No"
12049,"No"
12050,"No"
12051,"Yes"
12052,"No"
12053,"Yes"
12054,"No"
12055,"No"
12056,"Yes"
12057,"No"
12058,"Yes"
12059,"No"
12060,"No"
12061,"Yes"
12062,"No"
12063,"Yes"
12064,"Yes"
12065,"No"
12066,"Yes"
12067,"No"
12068,"No"
12069,"No"
12070,"No"
12071,"Yes"
12072,"No"
12073,"No"
12074,"No"
12075,"No"
12076,"No"
12077,"No"
12078,"Yes"
12079,"No"
12080,"Yes"
12081,"No"
12082,"No"
12083,"No"
12084,"No"
12085,"No"
12086,"No"
12087,"Yes"
12088,"No"
12089,"Yes"
12090,"No"
12091,"Yes"
12092,"Yes"
12093,"No"
12094,"No"
12095,"No"
12096,"No"
12097,"Yes"
12098,"Yes"
12099,"No"
12100,"No"
12101,"Yes"
12102,"No"
12103,"No"
12104,"No"
12105,"No"
12106,"No"
12107,"No"
12108,"No"
12109,"No"
12110,"No"
12111,"No"
12112,"No"
12113,"No"
12114,"Yes"
12115,"No"
12116,"No"
12117,"No"
12118,"No"
12119,"No"
12120,"No"
12121,"No"
12122,"Yes"
12123,"No"
12124,"No"
12125,"No"
12126,"No"
12127,"No"
12128,"No"
12129,"No"
12130,"No"
12131,"No"
12132,"Yes"
12133,"Yes"
12134,"No"
12135,"Yes"
12136,"No"
12137,"Yes"
12138,"No"
12139,"Yes"
12140,"Yes"
12141,"Yes"
12142,"No"
12143,"No"
12144,"Yes"
12145,"No"
12146,"No"
12147,"Yes"
12148,"Yes"
12149,"No"
12150,"No"
12151,"No"
12152,"Yes"
12153,"No"
12154,"No"
12155,"No"
12156,"No"
12157,"Yes"
12158,"Yes"
12159,"No"
12160,"No"
12161,"No"
12162,"Yes"
12163,"No"
12164,"No"
12165,"Yes"
12166,"No"
12167,"No"
12168,"No"
12169,"No"
12170,"No"
12171,"Yes"
12172,"No"
12173,"Yes"
12174,"No"
12175,"No"
12176,"No"
12177,"No"
12178,"No"
12179,"No"
12180,"Yes"
12181,"No"
12182,"No"
12183,"No"
12184,"Yes"
12185,"No"
12186,"No"
12187,"No"
12188,"Yes"
12189,"No"
12190,"Yes"
12191,"No"
12192,"No"
12193,"Yes"
12194,"No"
12195,"No"
12196,"Yes"
12197,"Yes"
12198,"Yes"
12199,"Yes"
12200,"No"
12201,"Yes"
12202,"No"
12203,"No"
12204,"No"
12205,"No"
12206,"Yes"
12207,"No"
12208,"No"
12209,"Yes"
12210,"No"
12211,"No"
12212,"No"
12213,"No"
12214,"No"
12215,"No"
12216,"No"
12217,"Yes"
12218,"Yes"
12219,"No"
12220,"No"
12221,"Yes"
12222,"No"
12223,"No"
12224,"Yes"
12225,"No"
12226,"Yes"
12227,"Yes"
12228,"Yes"
12229,"No"
12230,"No"
12231,"Yes"
12232,"No"
12233,"Yes"
12234,"No"
12235,"No"
12236,"No"
12237,"No"
12238,"No"
12239,"No"
12240,"No"
12241,"No"
12242,"No"
12243,"No"
12244,"No"
12245,"No"
12246,"No"
12247,"No"
12248,"Yes"
12249,"No"
12250,"No"
12251,"No"
12252,"No"
12253,"Yes"
12254,"No"
12255,"No"
12256,"No"
12257,"No"
12258,"Yes"
12259,"No"
12260,"No"
12261,"No"
12262,"Yes"
12263,"No"
12264,"Yes"
12265,"Yes"
12266,"No"
12267,"No"
12268,"Yes"
12269,"No"
12270,"Yes"
12271,"Yes"
12272,"No"
12273,"No"
12274,"No"
12275,"Yes"
12276,"Yes"
12277,"No"
12278,"No"
12279,"No"
12280,"Yes"
12281,"Yes"
12282,"No"
12283,"No"
12284,"No"
12285,"No"
12286,"No"
12287,"Yes"
12288,"Yes"
12289,"No"
12290,"No"
12291,"No"
12292,"No"
12293,"No"
12294,"Yes"
12295,"No"
12296,"Yes"
12297,"No"
12298,"No"
12299,"No"
12300,"Yes"
12301,"No"
12302,"Yes"
12303,"No"
12304,"Yes"
12305,"No"
12306,"Yes"
12307,"Yes"
12308,"No"
12309,"No"
12310,"Yes"
12311,"No"
12312,"No"
12313,"No"
12314,"No"
12315,"Yes"
12316,"Yes"
12317,"No"
12318,"Yes"
12319,"No"
12320,"Yes"
12321,"No"
12322,"No"
12323,"No"
12324,"No"
12325,"No"
12326,"Yes"
12327,"Yes"
12328,"Yes"
12329,"No"
12330,"No"
12331,"No"
12332,"No"
12333,"No"
12334,"No"
12335,"Yes"
12336,"No"
12337,"Yes"
12338,"Yes"
12339,"No"
12340,"No"
12341,"No"
12342,"No"
12343,"No"
12344,"Yes"
12345,"Yes"
12346,"No"
12347,"Yes"
12348,"No"
12349,"No"
12350,"No"
12351,"No"
12352,"Yes"
12353,"No"
12354,"No"
12355,"Yes"
12356,"No"
12357,"No"
12358,"No"
12359,"No"
12360,"No"
12361,"Yes"
12362,"No"
12363,"No"
12364,"No"
12365,"Yes"
12366,"No"
12367,"Yes"
12368,"Yes"
12369,"No"
12370,"No"
12371,"Yes"
12372,"No"
12373,"No"
12374,"Yes"
12375,"Yes"
12376,"No"
12377,"Yes"
12378,"Yes"
12379,"No"
12380,"No"
12381,"No"
12382,"Yes"
12383,"No"
12384,"No"
12385,"No"
12386,"No"
12387,"No"
12388,"No"
12389,"No"
12390,"No"
12391,"No"
12392,"Yes"
12393,"No"
12394,"Yes"
12395,"No"
12396,"No"
12397,"No"
12398,"No"
12399,"No"
12400,"No"
12401,"Yes"
12402,"No"
12403,"Yes"
12404,"Yes"
12405,"Yes"
12406,"No"
12407,"No"
12408,"No"
12409,"No"
12410,"No"
12411,"No"
12412,"No"
12413,"No"
12414,"Yes"
12415,"Yes"
12416,"No"
12417,"No"
12418,"Yes"
12419,"No"
12420,"No"
12421,"Yes"
12422,"No"
12423,"No"
12424,"No"
12425,"Yes"
12426,"No"
12427,"No"
12428,"No"
12429,"No"
12430,"No"
12431,"No"
12432,"Yes"
12433,"No"
12434,"No"
12435,"Yes"
12436,"Yes"
12437,"No"
12438,"No"
12439,"No"
12440,"No"
12441,"Yes"
12442,"No"
12443,"No"
12444,"No"
12445,"No"
12446,"Yes"
12447,"No"
12448,"Yes"
12449,"Yes"
12450,"Yes"
12451,"No"
12452,"No"
12453,"Yes"
12454,"No"
12455,"No"
12456,"Yes"
12457,"Yes"
12458,"Yes"
12459,"No"
12460,"Yes"
12461,"Yes"
12462,"No"
12463,"No"
12464,"No"
12465,"No"
12466,"No"
12467,"No"
12468,"No"
12469,"No"
12470,"Yes"
12471,"Yes"
12472,"No"
12473,"No"
12474,"No"
12475,"No"
12476,"No"
12477,"Yes"
12478,"No"
12479,"Yes"
12480,"Yes"
12481,"No"
12482,"No"
12483,"No"
12484,"Yes"
12485,"Yes"
12486,"No"
12487,"No"
12488,"No"
12489,"Yes"
12490,"No"
12491,"No"
12492,"No"
12493,"Yes"
12494,"No"
12495,"Yes"
12496,"No"
12497,"No"
12498,"Yes"
12499,"No"
12500,"No"
12501,"Yes"
12502,"No"
12503,"Yes"
12504,"Yes"
12505,"No"
12506,"No"
12507,"Yes"
12508,"Yes"
12509,"No"
12510,"Yes"
12511,"Yes"
12512,"Yes"
12513,"No"
12514,"No"
12515,"Yes"
12516,"No"
12517,"No"
12518,"No"
12519,"No"
12520,"No"
12521,"No"
12522,"No"
12523,"Yes"
12524,"No"
12525,"No"
12526,"Yes"
12527,"No"
12528,"No"
12529,"No"
12530,"No"
12531,"Yes"
12532,"No"
12533,"Yes"
12534,"No"
12535,"No"
12536,"No"
12537,"Yes"
12538,"Yes"
12539,"Yes"
12540,"No"
12541,"No"
12542,"No"
12543,"Yes"
12544,"Yes"
12545,"No"
12546,"No"
12547,"Yes"
12548,"Yes"
12549,"No"
12550,"Yes"
12551,"No"
12552,"No"
12553,"No"
12554,"No"
12555,"No"
12556,"No"
12557,"No"
12558,"No"
12559,"Yes"
12560,"No"
12561,"No"
12562,"Yes"
12563,"No"
12564,"Yes"
12565,"Yes"
12566,"No"
12567,"No"
12568,"Yes"
12569,"No"
12570,"No"
12571,"Yes"
12572,"No"
12573,"No"
12574,"No"
12575,"Yes"
12576,"Yes"
12577,"Yes"
12578,"Yes"
12579,"No"
12580,"No"
12581,"Yes"
12582,"No"
12583,"Yes"
12584,"Yes"
12585,"No"
12586,"Yes"
12587,"Yes"
12588,"No"
12589,"No"
12590,"No"
12591,"No"
12592,"No"
12593,"No"
12594,"Yes"
12595,"No"
12596,"No"
12597,"Yes"
12598,"Yes"
12599,"No"
12600,"No"
12601,"No"
12602,"Yes"
12603,"No"
12604,"No"
12605,"Yes"
12606,"No"
12607,"No"
12608,"No"
12609,"Yes"
12610,"Yes"
12611,"Yes"
12612,"Yes"
12613,"Yes"
12614,"No"
12615,"Yes"
12616,"No"
12617,"Yes"
12618,"Yes"
12619,"No"
12620,"No"
12621,"Yes"
12622,"No"
12623,"No"
12624,"No"
12625,"Yes"
12626,"No"
12627,"No"
12628,"Yes"
12629,"No"
12630,"No"
12631,"Yes"
12632,"No"
12633,"Yes"
12634,"Yes"
12635,"No"
12636,"Yes"
12637,"Yes"
12638,"Yes"
12639,"No"
12640,"Yes"
12641,"Yes"
12642,"No"
12643,"Yes"
12644,"Yes"
12645,"No"
12646,"No"
12647,"No"
12648,"No"
12649,"No"
12650,"Yes"
12651,"No"
12652,"Yes"
12653,"No"
12654,"No"
12655,"No"
12656,"No"
12657,"No"
12658,"No"
12659,"No"
12660,"Yes"
12661,"No"
12662,"No"
12663,"No"
12664,"Yes"
12665,"No"
12666,"No"
12667,"No"
12668,"Yes"
12669,"No"
12670,"No"
12671,"No"
12672,"Yes"
12673,"No"
12674,"No"
12675,"No"
12676,"No"
12677,"No"
12678,"No"
12679,"Yes"
12680,"Yes"
12681,"Yes"
12682,"Yes"
12683,"Yes"
12684,"No"
12685,"No"
12686,"No"
12687,"No"
12688,"Yes"
12689,"Yes"
12690,"Yes"
12691,"No"
12692,"No"
12693,"Yes"
12694,"No"
12695,"No"
12696,"No"
12697,"No"
12698,"No"
12699,"No"
12700,"No"
12701,"Yes"
12702,"No"
12703,"Yes"
12704,"No"
12705,"No"
12706,"No"
12707,"Yes"
12708,"No"
12709,"No"
12710,"No"
12711,"No"
12712,"No"
12713,"No"
12714,"No"
12715,"No"
12716,"No"
12717,"Yes"
12718,"No"
12719,"No"
12720,"Yes"
12721,"No"
12722,"No"
12723,"Yes"
12724,"Yes"
12725,"Yes"
12726,"Yes"
12727,"No"
12728,"No"
12729,"No"
12730,"No"
12731,"Yes"
12732,"No"
12733,"No"
12734,"No"
12735,"No"
12736,"Yes"
12737,"No"
12738,"No"
12739,"No"
12740,"No"
12741,"No"
12742,"No"
12743,"No"
12744,"No"
12745,"No"
12746,"No"
12747,"No"
12748,"No"
12749,"No"
12750,"No"
12751,"No"
12752,"No"
12753,"Yes"
12754,"Yes"
12755,"No"
12756,"No"
12757,"No"
12758,"No"
12759,"No"
12760,"No"
12761,"No"
12762,"No"
12763,"Yes"
12764,"No"
12765,"Yes"
12766,"No"
12767,"No"
12768,"No"
12769,"No"
12770,"Yes"
12771,"No"
12772,"Yes"
12773,"No"
12774,"No"
12775,"Yes"
12776,"No"
12777,"No"
12778,"Yes"
12779,"No"
12780,"Yes"
12781,"Yes"
12782,"Yes"
12783,"No"
12784,"No"
12785,"No"
12786,"No"
12787,"Yes"
12788,"Yes"
12789,"No"
12790,"Yes"
12791,"Yes"
12792,"Yes"
12793,"No"
12794,"Yes"
12795,"No"
12796,"No"
12797,"Yes"
12798,"No"
12799,"No"
12800,"No"
12801,"No"
12802,"Yes"
12803,"No"
12804,"No"
12805,"No"
12806,"No"
12807,"No"
12808,"Yes"
12809,"No"
12810,"No"
12811,"Yes"
12812,"No"
12813,"No"
12814,"No"
12815,"Yes"
12816,"Yes"
12817,"Yes"
12818,"No"
12819,"Yes"
12820,"No"
12821,"No"
12822,"No"
12823,"No"
12824,"No"
12825,"No"
12826,"Yes"
12827,"Yes"
12828,"No"
12829,"No"
12830,"Yes"
12831,"No"
12832,"Yes"
12833,"Yes"
12834,"No"
12835,"No"
12836,"No"
12837,"No"
12838,"No"
12839,"Yes"
12840,"No"
12841,"No"
12842,"No"
12843,"Yes"
12844,"No"
12845,"No"
12846,"No"
12847,"Yes"
12848,"Yes"
12849,"No"
12850,"No"
12851,"No"
12852,"No"
12853,"No"
12854,"No"
12855,"No"
12856,"No"
12857,"Yes"
12858,"Yes"
12859,"No"
12860,"No"
12861,"No"
12862,"Yes"
12863,"No"
12864,"No"
12865,"Yes"
12866,"No"
12867,"No"
12868,"No"
12869,"No"
12870,"No"
12871,"Yes"
12872,"Yes"
12873,"Yes"
12874,"No"
12875,"Yes"
12876,"No"
12877,"No"
12878,"No"
12879,"No"
12880,"No"
12881,"No"
12882,"No"
12883,"No"
12884,"No"
12885,"Yes"
12886,"Yes"
12887,"No"
12888,"No"
12889,"No"
12890,"No"
12891,"No"
12892,"No"
12893,"Yes"
12894,"No"
12895,"No"
12896,"No"
12897,"No"
12898,"Yes"
12899,"Yes"
12900,"No"
12901,"No"
12902,"No"
12903,"No"
12904,"No"
12905,"No"
12906,"No"
12907,"Yes"
12908,"No"
12909,"No"
12910,"No"
12911,"No"
12912,"No"
12913,"No"
12914,"No"
12915,"Yes"
12916,"No"
12917,"Yes"
12918,"No"
12919,"No"
12920,"Yes"
12921,"No"
12922,"No"
12923,"Yes"
12924,"Yes"
12925,"Yes"
12926,"Yes"
12927,"No"
12928,"No"
12929,"No"
12930,"Yes"
12931,"No"
12932,"No"
12933,"No"
12934,"No"
12935,"Yes"
12936,"No"
12937,"Yes"
12938,"No"
12939,"No"
12940,"No"
12941,"No"
12942,"Yes"
12943,"Yes"
12944,"No"
12945,"No"
12946,"No"
12947,"No"
12948,"Yes"
12949,"No"
12950,"No"
12951,"No"
12952,"No"
12953,"Yes"
12954,"No"
12955,"No"
12956,"No"
12957,"Yes"
12958,"No"
12959,"No"
12960,"No"
12961,"No"
12962,"No"
12963,"No"
12964,"No"
12965,"No"
12966,"No"
12967,"Yes"
12968,"Yes"
12969,"No"
12970,"Yes"
12971,"No"
12972,"Yes"
12973,"No"
12974,"No"
12975,"No"
12976,"No"
12977,"Yes"
12978,"No"
12979,"No"
12980,"Yes"
12981,"No"
12982,"Yes"
12983,"Yes"
12984,"No"
12985,"No"
12986,"No"
12987,"No"
12988,"No"
12989,"No"
12990,"No"
12991,"No"
12992,"Yes"
12993,"No"
12994,"Yes"
12995,"No"
12996,"No"
12997,"No"
12998,"Yes"
12999,"No"
13000,"No"
13001,"Yes"
13002,"Yes"
13003,"No"
13004,"No"
13005,"No"
13006,"No"
13007,"No"
13008,"No"
13009,"No"
13010,"No"
13011,"No"
13012,"No"
13013,"No"
13014,"Yes"
13015,"No"
13016,"No"
13017,"Yes"
13018,"Yes"
13019,"No"
13020,"No"
13021,"No"
13022,"Yes"
13023,"No"
13024,"No"
13025,"Yes"
13026,"Yes"
13027,"No"
13028,"No"
13029,"No"
13030,"No"
13031,"No"
13032,"No"
13033,"No"
13034,"No"
13035,"Yes"
13036,"Yes"
13037,"No"
13038,"No"
13039,"No"
13040,"Yes"
13041,"No"
13042,"Yes"
13043,"No"
13044,"No"
13045,"No"
13046,"No"
13047,"Yes"
13048,"No"
13049,"No"
13050,"Yes"
13051,"Yes"
13052,"No"
13053,"No"
13054,"No"
13055,"Yes"
13056,"No"
13057,"No"
13058,"No"
13059,"No"
13060,"No"
13061,"Yes"
13062,"Yes"
13063,"No"
13064,"No"
13065,"Yes"
13066,"No"
13067,"No"
13068,"No"
13069,"Yes"
13070,"No"
13071,"Yes"
13072,"No"
13073,"Yes"
13074,"No"
13075,"No"
13076,"No"
13077,"No"
13078,"Yes"
13079,"No"
13080,"Yes"
13081,"No"
13082,"No"
13083,"No"
13084,"No"
13085,"Yes"
13086,"Yes"
13087,"No"
13088,"Yes"
13089,"No"
13090,"No"
13091,"Yes"
13092,"No"
13093,"No"
13094,"Yes"
13095,"Yes"
13096,"No"
13097,"No"
13098,"No"
13099,"No"
13100,"No"
13101,"No"
13102,"No"
13103,"No"
13104,"No"
13105,"Yes"
13106,"Yes"
13107,"Yes"
13108,"No"
13109,"Yes"
13110,"No"
13111,"No"
13112,"No"
13113,"No"
13114,"No"
13115,"Yes"
13116,"No"
13117,"No"
13118,"No"
13119,"No"
13120,"No"
13121,"Yes"
13122,"No"
13123,"Yes"
13124,"No"
13125,"No"
13126,"No"
13127,"No"
13128,"No"
13129,"Yes"
13130,"No"
13131,"No"
13132,"No"
13133,"No"
13134,"No"
13135,"No"
13136,"No"
13137,"Yes"
13138,"No"
13139,"Yes"
13140,"No"
13141,"Yes"
13142,"Yes"
13143,"Yes"
13144,"Yes"
13145,"No"
13146,"Yes"
13147,"No"
13148,"Yes"
13149,"No"
13150,"No"
13151,"Yes"
13152,"Yes"
13153,"Yes"
13154,"Yes"
13155,"No"
13156,"No"
13157,"No"
13158,"No"
13159,"Yes"
13160,"No"
13161,"No"
13162,"No"
13163,"No"
13164,"Yes"
13165,"No"
13166,"Yes"
13167,"No"
13168,"Yes"
13169,"No"
13170,"No"
13171,"No"
13172,"No"
13173,"Yes"
13174,"No"
13175,"Yes"
13176,"No"
13177,"No"
13178,"No"
13179,"Yes"
13180,"No"
13181,"No"
13182,"Yes"
13183,"No"
13184,"Yes"
13185,"No"
13186,"No"
13187,"No"
13188,"No"
13189,"No"
13190,"No"
13191,"Yes"
13192,"No"
13193,"Yes"
13194,"Yes"
13195,"No"
13196,"Yes"
13197,"Yes"
13198,"Yes"
13199,"Yes"
13200,"No"
13201,"Yes"
13202,"Yes"
13203,"Yes"
13204,"No"
13205,"No"
13206,"Yes"
13207,"Yes"
13208,"No"
13209,"Yes"
13210,"Yes"
13211,"No"
13212,"No"
13213,"No"
13214,"Yes"
13215,"No"
13216,"No"
13217,"No"
13218,"No"
13219,"No"
13220,"No"
13221,"No"
13222,"No"
13223,"Yes"
13224,"No"
13225,"No"
13226,"Yes"
13227,"No"
13228,"No"
13229,"No"
13230,"Yes"
13231,"No"
13232,"No"
13233,"No"
13234,"No"
13235,"Yes"
13236,"No"
13237,"Yes"
13238,"Yes"
13239,"No"
13240,"No"
13241,"No"
13242,"No"
13243,"No"
13244,"No"
13245,"Yes"
13246,"No"
13247,"Yes"
13248,"Yes"
13249,"Yes"
13250,"Yes"
13251,"No"
13252,"No"
13253,"No"
13254,"No"
13255,"No"
13256,"No"
13257,"No"
13258,"No"
13259,"No"
13260,"No"
13261,"No"
13262,"Yes"
13263,"Yes"
13264,"No"
13265,"No"
13266,"No"
13267,"No"
13268,"No"
13269,"No"
13270,"Yes"
13271,"No"
13272,"No"
13273,"No"
13274,"No"
13275,"No"
13276,"No"
13277,"Yes"
13278,"Yes"
13279,"No"
13280,"No"
13281,"No"
13282,"Yes"
13283,"No"
13284,"No"
13285,"No"
13286,"No"
13287,"No"
13288,"No"
13289,"No"
13290,"No"
13291,"Yes"
13292,"No"
13293,"Yes"
13294,"No"
13295,"Yes"
13296,"No"
13297,"No"
13298,"No"
13299,"No"
13300,"No"
13301,"No"
13302,"No"
13303,"No"
13304,"Yes"
13305,"No"
13306,"No"
13307,"No"
13308,"No"
13309,"No"
13310,"Yes"
13311,"Yes"
13312,"Yes"
13313,"Yes"
13314,"No"
13315,"No"
13316,"No"
13317,"Yes"
13318,"No"
13319,"Yes"
13320,"No"
13321,"No"
13322,"No"
13323,"Yes"
13324,"No"
13325,"No"
13326,"No"
13327,"No"
13328,"Yes"
13329,"Yes"
13330,"No"
13331,"Yes"
13332,"Yes"
13333,"No"
13334,"No"
13335,"No"
13336,"Yes"
13337,"No"
13338,"Yes"
13339,"Yes"
13340,"No"
13341,"No"
13342,"Yes"
13343,"Yes"
13344,"No"
13345,"No"
13346,"Yes"
13347,"No"
13348,"No"
13349,"No"
13350,"Yes"
13351,"No"
13352,"Yes"
13353,"Yes"
13354,"No"
13355,"No"
13356,"No"
13357,"No"
13358,"No"
13359,"No"
13360,"No"
13361,"No"
13362,"No"
13363,"Yes"
13364,"No"
13365,"No"
13366,"No"
13367,"Yes"
13368,"No"
13369,"Yes"
13370,"No"
13371,"No"
13372,"No"
13373,"No"
13374,"No"
13375,"Yes"
13376,"No"
13377,"No"
13378,"Yes"
13379,"Yes"
13380,"Yes"
13381,"No"
13382,"Yes"
13383,"No"
13384,"No"
13385,"Yes"
13386,"No"
13387,"No"
13388,"No"
13389,"Yes"
13390,"No"
13391,"Yes"
13392,"Yes"
13393,"No"
13394,"No"
13395,"Yes"
13396,"No"
13397,"No"
13398,"Yes"
13399,"No"
13400,"No"
13401,"Yes"
13402,"No"
13403,"No"
13404,"No"
13405,"No"
13406,"No"
13407,"No"
13408,"No"
13409,"No"
13410,"No"
13411,"No"
13412,"No"
13413,"No"
13414,"No"
13415,"No"
13416,"Yes"
13417,"No"
13418,"No"
13419,"No"
13420,"Yes"
13421,"No"
13422,"No"
13423,"Yes"
13424,"No"
13425,"No"
13426,"No"
13427,"Yes"
13428,"Yes"
13429,"Yes"
13430,"Yes"
13431,"No"
13432,"No"
13433,"No"
13434,"No"
13435,"Yes"
13436,"No"
13437,"Yes"
13438,"No"
13439,"Yes"
13440,"Yes"
13441,"Yes"
13442,"No"
13443,"No"
13444,"Yes"
13445,"No"
13446,"Yes"
13447,"No"
13448,"No"
13449,"No"
13450,"No"
13451,"No"
13452,"No"
13453,"No"
13454,"Yes"
13455,"No"
13456,"No"
13457,"Yes"
13458,"No"
13459,"Yes"
13460,"No"
13461,"No"
13462,"No"
13463,"No"
13464,"No"
13465,"No"
13466,"No"
13467,"No"
13468,"No"
13469,"No"
13470,"Yes"
13471,"Yes"
13472,"No"
13473,"Yes"
13474,"No"
13475,"No"
13476,"No"
13477,"No"
13478,"No"
13479,"No"
13480,"Yes"
13481,"Yes"
13482,"No"
13483,"No"
13484,"Yes"
13485,"No"
13486,"No"
13487,"Yes"
13488,"No"
13489,"No"
13490,"Yes"
13491,"No"
13492,"No"
13493,"No"
13494,"Yes"
13495,"No"
13496,"No"
13497,"No"
13498,"No"
13499,"No"
13500,"Yes"
13501,"No"
13502,"No"
13503,"No"
13504,"No"
13505,"Yes"
13506,"No"
13507,"No"
13508,"No"
13509,"No"
13510,"No"
13511,"No"
13512,"No"
13513,"Yes"
13514,"No"
13515,"No"
13516,"No"
13517,"No"
13518,"Yes"
13519,"No"
13520,"Yes"
13521,"No"
13522,"No"
13523,"Yes"
13524,"Yes"
13525,"No"
13526,"Yes"
13527,"No"
13528,"No"
13529,"No"
13530,"Yes"
13531,"No"
13532,"No"
13533,"Yes"
13534,"No"
13535,"Yes"
13536,"Yes"
13537,"No"
13538,"Yes"
13539,"Yes"
13540,"Yes"
13541,"Yes"
13542,"No"
13543,"No"
13544,"No"
13545,"Yes"
13546,"No"
13547,"Yes"
13548,"No"
13549,"Yes"
13550,"No"
13551,"No"
13552,"No"
13553,"No"
13554,"No"
13555,"No"
13556,"No"
13557,"Yes"
13558,"No"
13559,"No"
13560,"No"
13561,"Yes"
13562,"No"
13563,"No"
13564,"Yes"
13565,"Yes"
13566,"Yes"
13567,"No"
13568,"Yes"
13569,"No"
13570,"No"
13571,"Yes"
13572,"No"
13573,"No"
13574,"No"
13575,"No"
13576,"No"
13577,"No"
13578,"No"
13579,"No"
13580,"No"
13581,"Yes"
13582,"No"
13583,"Yes"
13584,"Yes"
13585,"Yes"
13586,"Yes"
13587,"Yes"
13588,"Yes"
13589,"Yes"
13590,"Yes"
13591,"Yes"
13592,"No"
13593,"No"
13594,"No"
13595,"Yes"
13596,"Yes"
13597,"Yes"
13598,"Yes"
13599,"No"
13600,"Yes"
13601,"No"
13602,"No"
13603,"No"
13604,"No"
13605,"Yes"
13606,"No"
13607,"No"
13608,"Yes"
13609,"Yes"
13610,"No"
13611,"Yes"
13612,"No"
13613,"No"
13614,"Yes"
13615,"No"
13616,"No"
13617,"No"
13618,"No"
13619,"No"
13620,"No"
13621,"No"
13622,"Yes"
13623,"No"
13624,"No"
13625,"Yes"
13626,"No"
13627,"Yes"
13628,"No"
13629,"No"
13630,"No"
13631,"No"
13632,"No"
13633,"Yes"
13634,"No"
13635,"Yes"
13636,"No"
13637,"Yes"
13638,"No"
13639,"No"
13640,"No"
13641,"No"
13642,"No"
13643,"Yes"
13644,"Yes"
13645,"No"
13646,"Yes"
13647,"No"
13648,"No"
13649,"No"
13650,"No"
13651,"No"
13652,"No"
13653,"No"
13654,"No"
13655,"Yes"
13656,"Yes"
13657,"No"
13658,"Yes"
13659,"No"
13660,"No"
13661,"Yes"
13662,"Yes"
13663,"Yes"
13664,"No"
13665,"No"
13666,"No"
13667,"Yes"
13668,"Yes"
13669,"No"
13670,"Yes"
13671,"No"
13672,"No"
13673,"No"
13674,"No"
13675,"Yes"
13676,"No"
13677,"No"
13678,"No"
13679,"No"
13680,"Yes"
13681,"Yes"
13682,"No"
13683,"No"
13684,"No"
13685,"No"
13686,"No"
13687,"No"
13688,"Yes"
13689,"No"
13690,"No"
13691,"Yes"
13692,"No"
13693,"Yes"
13694,"No"
13695,"No"
13696,"No"
13697,"Yes"
13698,"No"
13699,"No"
13700,"No"
13701,"No"
13702,"Yes"
13703,"Yes"
13704,"No"
13705,"Yes"
13706,"No"
13707,"No"
13708,"No"
13709,"No"
13710,"No"
13711,"No"
13712,"Yes"
13713,"Yes"
13714,"No"
13715,"No"
13716,"Yes"
13717,"Yes"
13718,"No"
13719,"No"
13720,"Yes"
13721,"Yes"
13722,"No"
13723,"No"
13724,"Yes"
13725,"No"
13726,"No"
13727,"No"
13728,"Yes"
13729,"No"
13730,"No"
13731,"No"
13732,"No"
13733,"No"
13734,"No"
13735,"No"
13736,"No"
13737,"No"
13738,"No"
13739,"No"
13740,"Yes"
13741,"Yes"
13742,"No"
13743,"Yes"
13744,"Yes"
13745,"Yes"
13746,"No"
13747,"No"
13748,"Yes"
13749,"Yes"
13750,"No"
13751,"No"
13752,"Yes"
13753,"Yes"
13754,"No"
13755,"No"
13756,"No"
13757,"Yes"
13758,"No"
13759,"No"
13760,"No"
13761,"No"
13762,"No"
13763,"Yes"
13764,"No"
13765,"No"
13766,"Yes"
13767,"Yes"
13768,"No"
13769,"No"
13770,"No"
13771,"No"
13772,"No"
13773,"No"
13774,"No"
13775,"No"
13776,"No"
13777,"Yes"
13778,"No"
13779,"No"
13780,"Yes"
13781,"No"
13782,"Yes"
13783,"No"
13784,"No"
13785,"Yes"
13786,"No"
13787,"Yes"
13788,"No"
13789,"No"
13790,"No"
13791,"No"
13792,"No"
13793,"No"
13794,"Yes"
13795,"No"
13796,"No"
13797,"No"
13798,"No"
13799,"No"
13800,"No"
13801,"No"
13802,"Yes"
13803,"No"
13804,"Yes"
13805,"No"
13806,"No"
13807,"Yes"
13808,"No"
13809,"No"
13810,"Yes"
13811,"No"
13812,"Yes"
13813,"Yes"
13814,"No"
13815,"No"
13816,"Yes"
13817,"Yes"
13818,"No"
13819,"No"
13820,"Yes"
13821,"Yes"
13822,"No"
13823,"No"
13824,"No"
13825,"Yes"
13826,"No"
13827,"No"
13828,"No"
13829,"No"
13830,"No"
13831,"No"
13832,"No"
13833,"No"
13834,"No"
13835,"No"
13836,"No"
13837,"No"
13838,"No"
13839,"No"
13840,"No"
13841,"No"
13842,"Yes"
13843,"No"
13844,"No"
13845,"No"
13846,"No"
13847,"Yes"
13848,"No"
13849,"No"
13850,"Yes"
13851,"No"
13852,"No"
13853,"No"
13854,"Yes"
13855,"Yes"
13856,"No"
13857,"No"
13858,"No"
13859,"No"
13860,"Yes"
13861,"No"
13862,"No"
13863,"No"
13864,"Yes"
13865,"No"
13866,"No"
13867,"No"
13868,"No"
13869,"No"
13870,"No"
13871,"No"
13872,"No"
13873,"No"
13874,"No"
13875,"Yes"
13876,"No"
13877,"No"
13878,"No"
13879,"No"
13880,"Yes"
13881,"Yes"
13882,"Yes"
13883,"No"
13884,"No"
13885,"Yes"
13886,"No"
13887,"No"
13888,"No"
13889,"Yes"
13890,"No"
13891,"Yes"
13892,"Yes"
13893,"No"
13894,"No"
13895,"No"
13896,"No"
13897,"Yes"
13898,"No"
13899,"No"
13900,"No"
13901,"Yes"
13902,"No"
13903,"No"
13904,"No"
13905,"Yes"
13906,"Yes"
13907,"No"
13908,"No"
13909,"No"
13910,"Yes"
13911,"Yes"
13912,"No"
13913,"No"
13914,"Yes"
13915,"Yes"
13916,"No"
13917,"Yes"
13918,"No"
13919,"Yes"
13920,"No"
13921,"No"
13922,"Yes"
13923,"No"
13924,"No"
13925,"No"
13926,"No"
13927,"No"
13928,"No"
13929,"No"
13930,"Yes"
13931,"Yes"
13932,"No"
13933,"Yes"
13934,"No"
13935,"No"
13936,"No"
13937,"No"
13938,"Yes"
13939,"No"
13940,"Yes"
13941,"Yes"
13942,"No"
13943,"Yes"
13944,"No"
13945,"No"
13946,"No"
13947,"No"
13948,"No"
13949,"No"
13950,"No"
13951,"Yes"
13952,"Yes"
13953,"No"
13954,"Yes"
13955,"No"
13956,"Yes"
13957,"Yes"
13958,"No"
13959,"No"
13960,"No"
13961,"Yes"
13962,"No"
13963,"No"
13964,"No"
13965,"No"
13966,"No"
13967,"No"
13968,"Yes"
13969,"No"
13970,"Yes"
13971,"No"
13972,"No"
13973,"No"
13974,"No"
13975,"No"
13976,"No"
13977,"No"
13978,"No"
13979,"Yes"
13980,"No"
13981,"Yes"
13982,"No"
13983,"No"
13984,"Yes"
13985,"Yes"
13986,"No"
13987,"Yes"
13988,"No"
13989,"Yes"
13990,"No"
13991,"No"
13992,"Yes"
13993,"No"
13994,"No"
13995,"No"
13996,"No"
13997,"No"
13998,"No"
13999,"No"
14000,"Yes"
14001,"No"
14002,"Yes"
14003,"Yes"
14004,"No"
14005,"No"
14006,"No"
14007,"No"
14008,"No"
14009,"No"
14010,"No"
14011,"No"
14012,"No"
14013,"Yes"
14014,"Yes"
14015,"No"
14016,"No"
14017,"No"
14018,"Yes"
14019,"No"
14020,"No"
14021,"Yes"
14022,"No"
14023,"No"
14024,"Yes"
14025,"No"
14026,"Yes"
14027,"Yes"
14028,"No"
14029,"No"
14030,"No"
14031,"No"
14032,"No"
14033,"No"
14034,"No"
14035,"No"
14036,"No"
14037,"Yes"
14038,"Yes"
14039,"No"
14040,"Yes"
14041,"Yes"
14042,"Yes"
14043,"No"
14044,"No"
14045,"No"
14046,"No"
14047,"No"
14048,"Yes"
14049,"No"
14050,"No"
14051,"No"
14052,"No"
14053,"No"
14054,"No"
14055,"Yes"
14056,"No"
14057,"Yes"
14058,"No"
14059,"Yes"
14060,"Yes"
14061,"No"
14062,"No"
14063,"No"
14064,"No"
14065,"No"
14066,"No"
14067,"No"
14068,"No"
14069,"No"
14070,"Yes"
14071,"Yes"
14072,"No"
14073,"No"
14074,"No"
14075,"Yes"
14076,"No"
14077,"No"
14078,"Yes"
14079,"No"
14080,"Yes"
14081,"No"
14082,"No"
14083,"Yes"
14084,"Yes"
14085,"Yes"
14086,"Yes"
14087,"No"
14088,"Yes"
14089,"No"
14090,"No"
14091,"No"
14092,"No"
14093,"No"
14094,"No"
14095,"Yes"
14096,"Yes"
14097,"No"
14098,"No"
14099,"Yes"
14100,"No"
14101,"No"
14102,"No"
14103,"Yes"
14104,"Yes"
14105,"No"
14106,"Yes"
14107,"No"
14108,"No"
14109,"No"
14110,"No"
14111,"No"
14112,"No"
14113,"No"
14114,"No"
14115,"Yes"
14116,"No"
14117,"No"
14118,"No"
14119,"No"
14120,"Yes"
14121,"No"
14122,"No"
14123,"No"
14124,"No"
14125,"Yes"
14126,"No"
14127,"Yes"
14128,"No"
14129,"No"
14130,"Yes"
14131,"Yes"
14132,"Yes"
14133,"No"
14134,"No"
14135,"No"
14136,"No"
14137,"Yes"
14138,"Yes"
14139,"No"
14140,"Yes"
14141,"No"
14142,"No"
14143,"No"
14144,"No"
14145,"No"
14146,"Yes"
14147,"No"
14148,"Yes"
14149,"No"
14150,"No"
14151,"No"
14152,"No"
14153,"No"
14154,"No"
14155,"No"
14156,"No"
14157,"Yes"
14158,"No"
14159,"No"
14160,"Yes"
14161,"No"
14162,"No"
14163,"Yes"
14164,"No"
14165,"No"
14166,"No"
14167,"No"
14168,"Yes"
14169,"No"
14170,"No"
14171,"Yes"
14172,"Yes"
14173,"Yes"
14174,"No"
14175,"No"
14176,"No"
14177,"No"
14178,"No"
14179,"Yes"
14180,"No"
14181,"Yes"
14182,"No"
14183,"No"
14184,"No"
14185,"Yes"
14186,"Yes"
14187,"No"
14188,"No"
14189,"No"
14190,"No"
14191,"Yes"
14192,"Yes"
14193,"No"
14194,"No"
14195,"Yes"
14196,"No"
14197,"No"
14198,"No"
14199,"No"
14200,"No"
14201,"No"
14202,"Yes"
14203,"No"
14204,"Yes"
14205,"Yes"
14206,"No"
14207,"Yes"
14208,"No"
14209,"Yes"
14210,"No"
14211,"No"
14212,"No"
14213,"No"
14214,"No"
14215,"No"
14216,"No"
14217,"Yes"
14218,"No"
14219,"No"
14220,"Yes"
14221,"Yes"
14222,"No"
14223,"Yes"
14224,"No"
14225,"No"
14226,"Yes"
14227,"No"
14228,"No"
14229,"No"
14230,"Yes"
14231,"No"
14232,"No"
14233,"No"
14234,"No"
14235,"No"
14236,"Yes"
14237,"No"
14238,"No"
14239,"No"
14240,"No"
14241,"No"
14242,"No"
14243,"No"
14244,"No"
14245,"No"
14246,"No"
14247,"No"
14248,"Yes"
14249,"No"
14250,"Yes"
14251,"No"
14252,"Yes"
14253,"No"
14254,"No"
14255,"Yes"
14256,"Yes"
14257,"No"
14258,"Yes"
14259,"No"
14260,"Yes"
14261,"No"
14262,"No"
14263,"No"
14264,"No"
14265,"No"
14266,"No"
14267,"No"
14268,"No"
14269,"No"
14270,"Yes"
14271,"No"
14272,"No"
14273,"No"
14274,"No"
14275,"No"
14276,"Yes"
14277,"Yes"
14278,"No"
14279,"No"
14280,"Yes"
14281,"No"
14282,"Yes"
14283,"Yes"
14284,"No"
14285,"Yes"
14286,"Yes"
14287,"Yes"
14288,"Yes"
14289,"No"
14290,"No"
14291,"Yes"
14292,"No"
14293,"Yes"
14294,"No"
14295,"No"
14296,"No"
14297,"No"
14298,"No"
14299,"No"
14300,"Yes"
14301,"No"
14302,"No"
14303,"Yes"
14304,"Yes"
14305,"No"
14306,"No"
14307,"No"
14308,"No"
14309,"No"
14310,"No"
14311,"No"
14312,"No"
14313,"Yes"
14314,"No"
14315,"Yes"
14316,"Yes"
14317,"Yes"
14318,"Yes"
14319,"No"
14320,"No"
14321,"No"
14322,"No"
14323,"No"
14324,"No"
14325,"No"
14326,"No"
14327,"Yes"
14328,"No"
14329,"No"
14330,"No"
14331,"No"
14332,"No"
14333,"Yes"
14334,"No"
14335,"No"
14336,"No"
14337,"Yes"
14338,"No"
14339,"Yes"
14340,"No"
14341,"Yes"
14342,"Yes"
14343,"No"
14344,"Yes"
14345,"No"
14346,"Yes"
14347,"No"
14348,"Yes"
14349,"Yes"
14350,"No"
14351,"No"
14352,"No"
14353,"No"
14354,"Yes"
14355,"No"
14356,"No"
14357,"No"
14358,"No"
14359,"No"
14360,"No"
14361,"No"
14362,"Yes"
14363,"No"
14364,"No"
14365,"Yes"
14366,"No"
14367,"No"
14368,"Yes"
14369,"Yes"
14370,"Yes"
14371,"No"
14372,"No"
14373,"No"
14374,"Yes"
14375,"No"
14376,"No"
14377,"No"
14378,"Yes"
14379,"No"
14380,"No"
14381,"No"
14382,"No"
14383,"Yes"
14384,"Yes"
14385,"Yes"
14386,"No"
14387,"No"
14388,"No"
14389,"No"
14390,"No"
14391,"Yes"
14392,"No"
14393,"No"
14394,"No"
14395,"Yes"
14396,"No"
14397,"Yes"
14398,"No"
14399,"No"
14400,"No"
14401,"Yes"
14402,"Yes"
14403,"No"
14404,"No"
14405,"Yes"
14406,"No"
14407,"No"
14408,"Yes"
14409,"Yes"
14410,"No"
14411,"No"
14412,"No"
14413,"Yes"
14414,"Yes"
14415,"No"
14416,"No"
14417,"No"
14418,"No"
14419,"No"
14420,"No"
14421,"No"
14422,"Yes"
14423,"Yes"
14424,"No"
14425,"No"
14426,"Yes"
14427,"No"
14428,"Yes"
14429,"No"
14430,"No"
14431,"No"
14432,"No"
14433,"No"
14434,"No"
14435,"Yes"
14436,"Yes"
14437,"No"
14438,"No"
14439,"No"
14440,"No"
14441,"Yes"
14442,"Yes"
14443,"Yes"
14444,"No"
14445,"No"
14446,"No"
14447,"No"
14448,"No"
14449,"Yes"
14450,"No"
14451,"Yes"
14452,"Yes"
14453,"Yes"
14454,"Yes"
14455,"No"
14456,"No"
14457,"Yes"
14458,"No"
14459,"No"
14460,"Yes"
14461,"No"
14462,"Yes"
14463,"Yes"
14464,"No"
14465,"No"
14466,"Yes"
14467,"Yes"
14468,"Yes"
14469,"Yes"
14470,"Yes"
14471,"No"
14472,"Yes"
14473,"Yes"
14474,"No"
14475,"No"
14476,"No"
14477,"No"
14478,"Yes"
14479,"Yes"
14480,"Yes"
14481,"No"
14482,"No"
14483,"No"
14484,"No"
14485,"Yes"
14486,"No"
14487,"No"
14488,"No"
14489,"Yes"
14490,"No"
14491,"Yes"
14492,"No"
14493,"No"
14494,"No"
14495,"Yes"
14496,"Yes"
14497,"Yes"
14498,"No"
14499,"No"
14500,"Yes"
14501,"Yes"
14502,"No"
14503,"No"
14504,"No"
14505,"No"
14506,"No"
14507,"No"
14508,"No"
14509,"No"
14510,"No"
14511,"No"
14512,"No"
14513,"Yes"
14514,"Yes"
14515,"Yes"
14516,"Yes"
14517,"No"
14518,"No"
14519,"No"
14520,"No"
14521,"No"
14522,"No"
14523,"Yes"
14524,"No"
14525,"No"
14526,"No"
14527,"Yes"
14528,"No"
14529,"No"
14530,"No"
14531,"Yes"
14532,"No"
14533,"Yes"
14534,"Yes"
14535,"No"
14536,"No"
14537,"Yes"
14538,"Yes"
14539,"No"
14540,"No"
14541,"Yes"
14542,"No"
14543,"Yes"
14544,"No"
14545,"No"
14546,"No"
14547,"Yes"
14548,"Yes"
14549,"No"
14550,"No"
14551,"No"
14552,"No"
14553,"No"
14554,"No"
14555,"Yes"
14556,"No"
14557,"Yes"
14558,"No"
14559,"No"
14560,"No"
14561,"Yes"
14562,"No"
14563,"No"
14564,"No"
14565,"No"
14566,"No"
14567,"No"
14568,"No"
14569,"No"
14570,"No"
14571,"No"
14572,"Yes"
14573,"No"
14574,"No"
14575,"No"
14576,"Yes"
14577,"Yes"
14578,"No"
14579,"Yes"
14580,"No"
14581,"No"
14582,"Yes"
14583,"No"
14584,"Yes"
14585,"No"
14586,"No"
14587,"Yes"
14588,"Yes"
14589,"No"
14590,"No"
14591,"Yes"
14592,"Yes"
14593,"No"
14594,"No"
14595,"No"
14596,"No"
14597,"No"
14598,"Yes"
14599,"No"
14600,"No"
14601,"No"
14602,"No"
14603,"No"
14604,"No"
14605,"No"
14606,"No"
14607,"Yes"
14608,"Yes"
14609,"No"
14610,"No"
14611,"No"
14612,"No"
14613,"Yes"
14614,"No"
14615,"Yes"
14616,"Yes"
14617,"Yes"
14618,"No"
14619,"Yes"
14620,"No"
14621,"Yes"
14622,"Yes"
14623,"No"
14624,"No"
14625,"No"
14626,"No"
14627,"Yes"
14628,"Yes"
14629,"No"
14630,"No"
14631,"No"
14632,"No"
14633,"No"
14634,"No"
14635,"No"
14636,"Yes"
14637,"No"
14638,"No"
14639,"No"
14640,"No"
14641,"Yes"
14642,"No"
14643,"Yes"
14644,"No"
14645,"No"
14646,"No"
14647,"No"
14648,"No"
14649,"Yes"
14650,"No"
14651,"Yes"
14652,"Yes"
14653,"No"
14654,"No"
14655,"No"
14656,"No"
14657,"No"
14658,"No"
14659,"No"
14660,"No"
14661,"No"
14662,"Yes"
14663,"No"
14664,"No"
14665,"No"
14666,"No"
14667,"No"
14668,"No"
14669,"Yes"
14670,"No"
14671,"No"
14672,"Yes"
14673,"No"
14674,"No"
14675,"No"
14676,"No"
14677,"Yes"
14678,"No"
14679,"No"
14680,"No"
14681,"No"
14682,"No"
14683,"Yes"
14684,"No"
14685,"Yes"
14686,"No"
14687,"Yes"
14688,"Yes"
14689,"No"
14690,"Yes"
14691,"Yes"
14692,"Yes"
14693,"Yes"
14694,"No"
14695,"Yes"
14696,"No"
14697,"Yes"
14698,"No"
14699,"No"
14700,"No"
14701,"Yes"
14702,"No"
14703,"No"
14704,"No"
14705,"No"
14706,"No"
14707,"No"
14708,"No"
14709,"No"
14710,"No"
14711,"No"
14712,"No"
14713,"No"
14714,"No"
14715,"No"
14716,"No"
14717,"No"
14718,"Yes"
14719,"No"
14720,"Yes"
14721,"No"
14722,"Yes"
14723,"No"
14724,"No"
14725,"No"
14726,"Yes"
14727,"Yes"
14728,"Yes"
14729,"No"
14730,"No"
14731,"No"
14732,"No"
14733,"No"
14734,"No"
14735,"Yes"
14736,"Yes"
14737,"No"
14738,"No"
14739,"Yes"
14740,"Yes"
14741,"No"
14742,"No"
14743,"No"
14744,"No"
14745,"Yes"
14746,"No"
14747,"No"
14748,"No"
14749,"No"
14750,"No"
14751,"No"
14752,"No"
14753,"Yes"
14754,"Yes"
14755,"No"
14756,"Yes"
14757,"Yes"
14758,"Yes"
14759,"No"
14760,"No"
14761,"No"
14762,"Yes"
14763,"Yes"
14764,"Yes"
14765,"No"
14766,"No"
14767,"No"
14768,"No"
14769,"No"
14770,"No"
14771,"Yes"
14772,"No"
14773,"Yes"
14774,"Yes"
14775,"No"
14776,"No"
14777,"Yes"
14778,"No"
14779,"No"
14780,"No"
14781,"Yes"
14782,"No"
14783,"No"
14784,"No"
14785,"Yes"
14786,"No"
14787,"No"
14788,"No"
14789,"Yes"
14790,"No"
14791,"Yes"
14792,"Yes"
14793,"No"
14794,"Yes"
14795,"Yes"
14796,"No"
14797,"Yes"
14798,"No"
14799,"No"
14800,"Yes"
14801,"Yes"
14802,"No"
14803,"No"
14804,"No"
14805,"Yes"
14806,"No"
14807,"No"
14808,"No"
14809,"No"
14810,"No"
14811,"No"
14812,"No"
14813,"Yes"
14814,"No"
14815,"No"
14816,"Yes"
14817,"No"
14818,"No"
14819,"No"
14820,"No"
14821,"Yes"
14822,"No"
14823,"No"
14824,"No"
14825,"No"
14826,"Yes"
14827,"No"
14828,"Yes"
14829,"No"
14830,"No"
14831,"No"
14832,"No"
14833,"Yes"
14834,"No"
14835,"No"
14836,"No"
14837,"No"
14838,"No"
14839,"Yes"
14840,"Yes"
14841,"No"
14842,"No"
14843,"No"
14844,"No"
14845,"No"
14846,"Yes"
14847,"No"
14848,"Yes"
14849,"No"
14850,"Yes"
14851,"No"
14852,"No"
14853,"No"
14854,"Yes"
14855,"No"
14856,"Yes"
14857,"No"
14858,"Yes"
14859,"Yes"
14860,"Yes"
14861,"No"
14862,"No"
14863,"No"
14864,"Yes"
14865,"No"
14866,"Yes"
14867,"No"
14868,"No"
14869,"No"
14870,"No"
14871,"Yes"
14872,"No"
14873,"Yes"
14874,"No"
14875,"No"
14876,"No"
14877,"No"
14878,"Yes"
14879,"Yes"
14880,"No"
14881,"Yes"
14882,"Yes"
14883,"No"
14884,"No"
14885,"No"
14886,"Yes"
14887,"Yes"
14888,"No"
14889,"No"
14890,"No"
14891,"Yes"
14892,"Yes"
14893,"Yes"
14894,"No"
14895,"No"
14896,"No"
14897,"Yes"
14898,"No"
14899,"No"
14900,"No"
14901,"No"
14902,"No"
14903,"No"
14904,"No"
14905,"No"
14906,"Yes"
14907,"No"
14908,"No"
14909,"No"
14910,"No"
14911,"No"
14912,"No"
14913,"No"
14914,"No"
14915,"No"
14916,"No"
14917,"Yes"
14918,"Yes"
14919,"Yes"
14920,"No"
14921,"No"
14922,"No"
14923,"Yes"
14924,"Yes"
14925,"No"
14926,"Yes"
14927,"Yes"
14928,"No"
14929,"Yes"
14930,"No"
14931,"No"
14932,"No"
14933,"No"
14934,"No"
14935,"No"
14936,"Yes"
14937,"No"
14938,"Yes"
14939,"No"
14940,"Yes"
14941,"No"
14942,"No"
14943,"No"
14944,"No"
14945,"No"
14946,"No"
14947,"No"
14948,"No"
14949,"No"
14950,"No"
14951,"No"
14952,"Yes"
14953,"No"
14954,"Yes"
14955,"Yes"
14956,"Yes"
14957,"No"
14958,"No"
14959,"Yes"
14960,"Yes"
14961,"No"
14962,"Yes"
14963,"Yes"
14964,"Yes"
14965,"Yes"
14966,"Yes"
14967,"No"
14968,"No"
14969,"No"
14970,"No"
14971,"No"
14972,"No"
14973,"No"
14974,"Yes"
14975,"Yes"
14976,"Yes"
14977,"No"
14978,"Yes"
14979,"No"
14980,"No"
14981,"No"
14982,"No"
14983,"Yes"
14984,"Yes"
14985,"No"
14986,"No"
14987,"No"
14988,"Yes"
14989,"No"
14990,"Yes"
14991,"No"
14992,"No"
14993,"No"
14994,"Yes"
14995,"No"
14996,"Yes"
14997,"Yes"
14998,"No"
14999,"No"
15000,"No"
15001,"No"
15002,"No"
15003,"No"
15004,"Yes"
15005,"Yes"
15006,"Yes"
15007,"No"
15008,"No"
15009,"Yes"
15010,"Yes"
15011,"No"
15012,"Yes"
15013,"No"
15014,"Yes"
15015,"Yes"
15016,"Yes"
15017,"No"
15018,"No"
15019,"Yes"
15020,"Yes"
15021,"No"
15022,"No"
15023,"No"
15024,"No"
15025,"No"
15026,"No"
15027,"No"
15028,"Yes"
15029,"Yes"
15030,"No"
15031,"No"
15032,"No"
15033,"Yes"
15034,"No"
15035,"No"
15036,"No"
15037,"No"
15038,"Yes"
15039,"No"
15040,"Yes"
15041,"Yes"
15042,"Yes"
15043,"Yes"
15044,"No"
15045,"Yes"
15046,"No"
15047,"Yes"
15048,"No"
15049,"Yes"
15050,"No"
15051,"No"
15052,"Yes"
15053,"Yes"
15054,"Yes"
15055,"Yes"
15056,"Yes"
15057,"No"
15058,"No"
15059,"No"
15060,"No"
15061,"No"
15062,"Yes"
15063,"No"
15064,"Yes"
15065,"Yes"
15066,"No"
15067,"Yes"
15068,"No"
15069,"No"
15070,"No"
15071,"No"
15072,"Yes"
15073,"No"
15074,"No"
15075,"No"
15076,"No"
15077,"No"
15078,"Yes"
15079,"No"
15080,"No"
15081,"No"
15082,"No"
15083,"Yes"
15084,"Yes"
15085,"No"
15086,"No"
15087,"No"
15088,"No"
15089,"No"
15090,"Yes"
15091,"Yes"
15092,"No"
15093,"No"
15094,"No"
15095,"Yes"
15096,"No"
15097,"No"
15098,"No"
15099,"No"
15100,"No"
15101,"Yes"
15102,"No"
15103,"No"
15104,"No"
15105,"Yes"
15106,"No"
15107,"No"
15108,"No"
15109,"Yes"
15110,"No"
15111,"Yes"
15112,"Yes"
15113,"Yes"
15114,"Yes"
15115,"Yes"
15116,"No"
15117,"No"
15118,"No"
15119,"No"
15120,"Yes"
15121,"No"
15122,"Yes"
15123,"No"
15124,"No"
15125,"No"
15126,"Yes"
15127,"Yes"
15128,"No"
15129,"No"
15130,"No"
15131,"No"
15132,"No"
15133,"Yes"
15134,"Yes"
15135,"Yes"
15136,"No"
15137,"No"
15138,"No"
15139,"No"
15140,"No"
15141,"Yes"
15142,"No"
15143,"No"
15144,"Yes"
15145,"No"
15146,"No"
15147,"No"
15148,"Yes"
15149,"Yes"
15150,"No"
15151,"No"
15152,"No"
15153,"No"
15154,"Yes"
15155,"No"
15156,"Yes"
15157,"No"
15158,"No"
15159,"Yes"
15160,"No"
15161,"No"
15162,"No"
15163,"No"
15164,"No"
15165,"No"
15166,"No"
15167,"No"
15168,"No"
15169,"No"
15170,"No"
15171,"No"
15172,"Yes"
15173,"No"
15174,"No"
15175,"No"
15176,"No"
15177,"No"
15178,"No"
15179,"No"
15180,"No"
15181,"No"
15182,"No"
15183,"Yes"
15184,"No"
15185,"No"
15186,"No"
15187,"No"
15188,"No"
15189,"No"
15190,"No"
15191,"Yes"
15192,"No"
15193,"No"
15194,"Yes"
15195,"Yes"
15196,"Yes"
15197,"Yes"
15198,"No"
15199,"Yes"
15200,"No"
15201,"No"
15202,"Yes"
15203,"No"
15204,"No"
15205,"No"
15206,"No"
15207,"Yes"
15208,"No"
15209,"No"
15210,"Yes"
15211,"No"
15212,"Yes"
15213,"No"
15214,"No"
15215,"No"
15216,"No"
15217,"No"
15218,"Yes"
15219,"Yes"
15220,"No"
15221,"No"
15222,"Yes"
15223,"No"
15224,"Yes"
15225,"No"
15226,"No"
15227,"No"
15228,"No"
15229,"No"
15230,"Yes"
15231,"No"
15232,"No"
15233,"Yes"
15234,"No"
15235,"No"
15236,"No"
15237,"Yes"
15238,"No"
15239,"No"
15240,"No"
15241,"Yes"
15242,"No"
15243,"No"
15244,"No"
15245,"No"
15246,"No"
15247,"No"
15248,"Yes"
15249,"No"
15250,"No"
15251,"No"
15252,"No"
15253,"No"
15254,"No"
15255,"No"
15256,"No"
15257,"No"
15258,"Yes"
15259,"Yes"
15260,"No"
15261,"No"
15262,"No"
15263,"No"
15264,"Yes"
15265,"No"
15266,"No"
15267,"No"
15268,"No"
15269,"No"
15270,"No"
15271,"No"
15272,"No"
15273,"Yes"
15274,"No"
15275,"No"
15276,"No"
15277,"No"
15278,"No"
15279,"Yes"
15280,"No"
15281,"Yes"
15282,"No"
15283,"No"
15284,"Yes"
15285,"Yes"
15286,"No"
15287,"Yes"
15288,"No"
15289,"Yes"
15290,"No"
15291,"No"
15292,"No"
15293,"No"
15294,"No"
15295,"No"
15296,"Yes"
15297,"Yes"
15298,"No"
15299,"No"
15300,"No"
15301,"No"
15302,"No"
15303,"No"
15304,"No"
15305,"No"
15306,"Yes"
15307,"No"
15308,"No"
15309,"Yes"
15310,"No"
15311,"No"
15312,"Yes"
15313,"No"
15314,"No"
15315,"No"
15316,"Yes"
15317,"Yes"
15318,"No"
15319,"No"
15320,"Yes"
15321,"Yes"
15322,"Yes"
15323,"No"
15324,"No"
15325,"No"
15326,"Yes"
15327,"No"
15328,"No"
15329,"Yes"
15330,"Yes"
15331,"No"
15332,"Yes"
15333,"No"
15334,"No"
15335,"Yes"
15336,"No"
15337,"Yes"
15338,"No"
15339,"No"
15340,"Yes"
15341,"No"
15342,"No"
15343,"Yes"
15344,"No"
15345,"No"
15346,"No"
15347,"Yes"
15348,"Yes"
15349,"No"
15350,"No"
15351,"No"
15352,"No"
15353,"No"
15354,"No"
15355,"No"
15356,"No"
15357,"Yes"
15358,"No"
15359,"No"
15360,"No"
15361,"No"
15362,"No"
15363,"No"
15364,"No"
15365,"No"
15366,"No"
15367,"No"
15368,"Yes"
15369,"Yes"
15370,"Yes"
15371,"No"
15372,"No"
15373,"Yes"
15374,"No"
15375,"Yes"
15376,"No"
15377,"Yes"
15378,"No"
15379,"Yes"
15380,"No"
15381,"No"
15382,"No"
15383,"No"
15384,"No"
15385,"No"
15386,"No"
15387,"No"
15388,"No"
15389,"No"
15390,"Yes"
15391,"Yes"
15392,"No"
15393,"Yes"
15394,"Yes"
15395,"No"
15396,"No"
15397,"No"
15398,"No"
15399,"Yes"
15400,"No"
15401,"No"
15402,"No"
15403,"No"
15404,"No"
15405,"Yes"
15406,"Yes"
15407,"No"
15408,"No"
15409,"No"
15410,"Yes"
15411,"No"
15412,"No"
15413,"No"
15414,"No"
15415,"No"
15416,"Yes"
15417,"Yes"
15418,"Yes"
15419,"No"
15420,"No"
15421,"No"
15422,"Yes"
15423,"No"
15424,"No"
15425,"No"
15426,"Yes"
15427,"No"
15428,"No"
15429,"No"
15430,"Yes"
15431,"No"
15432,"Yes"
15433,"No"
15434,"No"
15435,"Yes"
15436,"No"
15437,"No"
15438,"Yes"
15439,"No"
15440,"Yes"
15441,"No"
15442,"No"
15443,"No"
15444,"No"
15445,"No"
15446,"Yes"
15447,"No"
15448,"No"
15449,"Yes"
15450,"Yes"
15451,"No"
15452,"Yes"
15453,"Yes"
15454,"No"
15455,"No"
15456,"No"
15457,"Yes"
15458,"No"
15459,"No"
15460,"No"
15461,"No"
15462,"No"
15463,"No"
15464,"Yes"
15465,"Yes"
15466,"No"
15467,"Yes"
15468,"No"
15469,"No"
15470,"No"
15471,"No"
15472,"No"
15473,"No"
15474,"No"
15475,"No"
15476,"No"
15477,"Yes"
15478,"No"
15479,"No"
15480,"No"
15481,"Yes"
15482,"No"
15483,"No"
15484,"Yes"
15485,"No"
15486,"No"
15487,"No"
15488,"Yes"
15489,"No"
15490,"Yes"
15491,"No"
15492,"No"
15493,"No"
15494,"No"
15495,"No"
15496,"No"
15497,"Yes"
15498,"No"
15499,"No"
15500,"No"
15501,"No"
15502,"No"
15503,"No"
15504,"Yes"
15505,"Yes"
15506,"No"
15507,"Yes"
15508,"No"
15509,"Yes"
15510,"Yes"
15511,"No"
15512,"No"
15513,"No"
15514,"No"
15515,"No"
15516,"No"
15517,"Yes"
15518,"Yes"
15519,"No"
15520,"Yes"
15521,"No"
15522,"No"
15523,"No"
15524,"No"
15525,"No"
15526,"No"
15527,"No"
15528,"No"
15529,"No"
15530,"No"
15531,"No"
15532,"No"
15533,"Yes"
15534,"No"
15535,"Yes"
15536,"Yes"
15537,"No"
15538,"No"
15539,"Yes"
15540,"No"
15541,"Yes"
15542,"Yes"
15543,"Yes"
15544,"Yes"
15545,"Yes"
15546,"No"
15547,"No"
15548,"No"
15549,"No"
15550,"No"
15551,"No"
15552,"No"
15553,"Yes"
15554,"No"
15555,"No"
15556,"No"
15557,"No"
15558,"No"
15559,"No"
15560,"No"
15561,"No"
15562,"No"
15563,"No"
15564,"No"
15565,"No"
15566,"No"
15567,"No"
15568,"No"
15569,"No"
15570,"No"
15571,"No"
15572,"Yes"
15573,"No"
15574,"No"
15575,"No"
15576,"Yes"
15577,"Yes"
15578,"No"
15579,"No"
15580,"No"
15581,"Yes"
15582,"No"
15583,"Yes"
15584,"No"
15585,"No"
15586,"No"
15587,"Yes"
15588,"No"
15589,"No"
15590,"No"
15591,"No"
15592,"No"
15593,"Yes"
15594,"No"
15595,"No"
15596,"No"
15597,"No"
15598,"No"
15599,"Yes"
15600,"No"
15601,"Yes"
15602,"No"
15603,"Yes"
15604,"No"
15605,"No"
15606,"No"
15607,"Yes"
15608,"No"
15609,"No"
15610,"No"
15611,"No"
15612,"No"
15613,"No"
15614,"No"
15615,"No"
15616,"No"
15617,"No"
15618,"No"
15619,"No"
15620,"No"
15621,"No"
15622,"No"
15623,"No"
15624,"No"
15625,"No"
15626,"Yes"
15627,"No"
15628,"No"
15629,"Yes"
15630,"No"
15631,"No"
15632,"No"
15633,"No"
15634,"No"
15635,"No"
15636,"No"
15637,"Yes"
15638,"No"
15639,"No"
15640,"No"
15641,"No"
15642,"No"
15643,"No"
15644,"No"
15645,"No"
15646,"Yes"
15647,"Yes"
15648,"Yes"
15649,"No"
15650,"Yes"
15651,"No"
15652,"No"
15653,"No"
15654,"Yes"
15655,"Yes"
15656,"Yes"
15657,"No"
15658,"Yes"
15659,"Yes"
15660,"No"
15661,"Yes"
15662,"No"
15663,"No"
15664,"No"
15665,"No"
15666,"Yes"
15667,"No"
15668,"Yes"
15669,"No"
15670,"Yes"
15671,"No"
15672,"No"
15673,"Yes"
15674,"Yes"
15675,"No"
15676,"Yes"
15677,"No"
15678,"No"
15679,"No"
15680,"Yes"
15681,"No"
15682,"No"
15683,"No"
15684,"No"
15685,"No"
15686,"No"
15687,"No"
15688,"No"
15689,"No"
15690,"No"
15691,"Yes"
15692,"Yes"
15693,"No"
15694,"Yes"
15695,"No"
15696,"Yes"
15697,"Yes"
15698,"No"
15699,"Yes"
15700,"No"
15701,"Yes"
15702,"No"
15703,"No"
15704,"No"
15705,"Yes"
15706,"No"
15707,"Yes"
15708,"Yes"
15709,"No"
15710,"No"
15711,"No"
15712,"No"
15713,"No"
15714,"No"
15715,"No"
15716,"Yes"
15717,"No"
15718,"Yes"
15719,"No"
15720,"No"
15721,"No"
15722,"Yes"
15723,"No"
15724,"No"
15725,"No"
15726,"Yes"
15727,"No"
15728,"No"
15729,"Yes"
15730,"Yes"
15731,"No"
15732,"No"
15733,"No"
15734,"No"
15735,"No"
15736,"Yes"
15737,"No"
15738,"No"
15739,"No"
15740,"No"
15741,"No"
15742,"No"
15743,"No"
15744,"No"
15745,"No"
15746,"Yes"
15747,"No"
15748,"Yes"
15749,"No"
15750,"No"
15751,"No"
15752,"Yes"
15753,"No"
15754,"No"
15755,"No"
15756,"No"
15757,"No"
15758,"No"
15759,"No"
15760,"No"
15761,"No"
15762,"No"
15763,"No"
15764,"No"
15765,"Yes"
15766,"Yes"
15767,"No"
15768,"No"
15769,"Yes"
15770,"Yes"
15771,"No"
15772,"Yes"
15773,"Yes"
15774,"No"
15775,"Yes"
15776,"No"
15777,"No"
15778,"Yes"
15779,"Yes"
15780,"No"
15781,"No"
15782,"No"
15783,"No"
15784,"No"
15785,"Yes"
15786,"Yes"
15787,"No"
15788,"No"
15789,"No"
15790,"No"
15791,"No"
15792,"Yes"
15793,"No"
15794,"No"
15795,"No"
15796,"Yes"
15797,"Yes"
15798,"Yes"
15799,"No"
15800,"No"
15801,"Yes"
15802,"No"
15803,"Yes"
15804,"No"
15805,"No"
15806,"No"
15807,"No"
15808,"No"
15809,"No"
15810,"No"
15811,"Yes"
15812,"No"
15813,"Yes"
15814,"No"
15815,"No"
15816,"No"
15817,"Yes"
15818,"No"
15819,"Yes"
15820,"No"
15821,"Yes"
15822,"Yes"
15823,"No"
15824,"No"
15825,"No"
15826,"Yes"
15827,"No"
15828,"No"
15829,"Yes"
15830,"No"
15831,"No"
15832,"Yes"
15833,"No"
15834,"No"
15835,"Yes"
15836,"Yes"
15837,"Yes"
15838,"Yes"
15839,"Yes"
15840,"No"
15841,"No"
15842,"No"
15843,"No"
15844,"No"
15845,"Yes"
15846,"No"
15847,"No"
15848,"No"
15849,"No"
15850,"No"
15851,"Yes"
15852,"Yes"
15853,"No"
15854,"No"
15855,"No"
15856,"Yes"
15857,"No"
15858,"No"
15859,"No"
15860,"No"
15861,"No"
15862,"No"
15863,"No"
15864,"No"
15865,"No"
15866,"Yes"
15867,"Yes"
15868,"Yes"
15869,"Yes"
15870,"No"
15871,"No"
15872,"No"
15873,"Yes"
15874,"No"
15875,"No"
15876,"No"
15877,"Yes"
15878,"No"
15879,"Yes"
15880,"No"
15881,"No"
15882,"No"
15883,"Yes"
15884,"No"
15885,"No"
15886,"Yes"
15887,"Yes"
15888,"No"
15889,"Yes"
15890,"Yes"
15891,"No"
15892,"No"
15893,"No"
15894,"No"
15895,"Yes"
15896,"No"
15897,"No"
15898,"Yes"
15899,"Yes"
15900,"Yes"
15901,"No"
15902,"No"
15903,"No"
15904,"Yes"
15905,"Yes"
15906,"No"
15907,"No"
15908,"No"
15909,"No"
15910,"No"
15911,"No"
15912,"No"
15913,"Yes"
15914,"No"
15915,"No"
15916,"No"
15917,"Yes"
15918,"No"
15919,"No"
15920,"No"
15921,"Yes"
15922,"No"
15923,"Yes"
15924,"No"
15925,"No"
15926,"Yes"
15927,"No"
15928,"No"
15929,"Yes"
15930,"No"
15931,"No"
15932,"Yes"
15933,"Yes"
15934,"Yes"
15935,"No"
15936,"No"
15937,"Yes"
15938,"No"
15939,"No"
15940,"Yes"
15941,"No"
15942,"Yes"
15943,"No"
15944,"Yes"
15945,"Yes"
15946,"No"
15947,"No"
15948,"No"
15949,"No"
15950,"No"
15951,"No"
15952,"No"
15953,"No"
15954,"No"
15955,"Yes"
15956,"No"
15957,"No"
15958,"Yes"
15959,"Yes"
15960,"No"
15961,"No"
15962,"No"
15963,"No"
15964,"No"
15965,"Yes"
15966,"Yes"
15967,"Yes"
15968,"No"
15969,"No"
15970,"No"
15971,"No"
15972,"No"
15973,"No"
15974,"No"
15975,"No"
15976,"No"
15977,"No"
15978,"No"
15979,"No"
15980,"No"
15981,"Yes"
15982,"Yes"
15983,"No"
15984,"No"
15985,"Yes"
15986,"Yes"
15987,"No"
15988,"No"
15989,"Yes"
15990,"No"
15991,"No"
15992,"No"
15993,"No"
15994,"No"
15995,"No"
15996,"No"
15997,"Yes"
15998,"No"
15999,"Yes"
16000,"No"
16001,"No"
16002,"Yes"
16003,"No"
16004,"Yes"
16005,"No"
16006,"No"
16007,"Yes"
16008,"No"
16009,"No"
16010,"No"
16011,"No"
16012,"No"
16013,"No"
16014,"No"
16015,"No"
16016,"No"
16017,"No"
16018,"No"
16019,"Yes"
16020,"Yes"
16021,"No"
16022,"No"
16023,"No"
16024,"Yes"
16025,"No"
16026,"No"
16027,"Yes"
16028,"No"
16029,"Yes"
16030,"No"
16031,"Yes"
16032,"Yes"
16033,"No"
16034,"No"
16035,"No"
16036,"Yes"
16037,"Yes"
16038,"No"
16039,"Yes"
16040,"Yes"
16041,"No"
16042,"No"
16043,"No"
16044,"No"
16045,"No"
16046,"No"
16047,"No"
16048,"Yes"
16049,"Yes"
16050,"No"
16051,"No"
16052,"No"
16053,"No"
16054,"No"
16055,"No"
16056,"Yes"
16057,"Yes"
16058,"No"
16059,"No"
16060,"No"
16061,"No"
16062,"No"
16063,"No"
16064,"No"
16065,"No"
16066,"No"
16067,"No"
16068,"No"
16069,"Yes"
16070,"No"
16071,"No"
16072,"No"
16073,"No"
16074,"No"
16075,"No"
16076,"Yes"
16077,"Yes"
16078,"No"
16079,"No"
16080,"No"
16081,"Yes"
16082,"No"
16083,"Yes"
16084,"Yes"
16085,"No"
16086,"Yes"
16087,"Yes"
16088,"Yes"
16089,"Yes"
16090,"No"
16091,"No"
16092,"Yes"
16093,"No"
16094,"Yes"
16095,"No"
16096,"No"
16097,"No"
16098,"No"
16099,"Yes"
16100,"No"
16101,"Yes"
16102,"No"
16103,"No"
16104,"Yes"
16105,"No"
16106,"No"
16107,"No"
16108,"No"
16109,"No"
16110,"No"
16111,"No"
16112,"Yes"
16113,"No"
16114,"No"
16115,"No"
16116,"Yes"
16117,"No"
16118,"Yes"
16119,"No"
16120,"No"
16121,"No"
16122,"Yes"
16123,"No"
16124,"No"
16125,"Yes"
16126,"No"
16127,"No"
16128,"No"
16129,"No"
16130,"No"
16131,"Yes"
16132,"No"
16133,"No"
16134,"Yes"
16135,"No"
16136,"No"
16137,"No"
16138,"No"
16139,"Yes"
16140,"Yes"
16141,"No"
16142,"No"
16143,"No"
16144,"Yes"
16145,"Yes"
16146,"No"
16147,"Yes"
16148,"No"
16149,"Yes"
16150,"No"
16151,"Yes"
16152,"No"
16153,"Yes"
16154,"No"
16155,"Yes"
16156,"Yes"
16157,"No"
16158,"No"
16159,"No"
16160,"Yes"
16161,"No"
16162,"No"
16163,"No"
16164,"Yes"
16165,"No"
16166,"Yes"
16167,"No"
16168,"No"
16169,"No"
16170,"Yes"
16171,"No"
16172,"No"
16173,"No"
16174,"Yes"
16175,"Yes"
16176,"No"
16177,"Yes"
16178,"No"
16179,"Yes"
16180,"No"
16181,"No"
16182,"No"
16183,"No"
16184,"No"
16185,"Yes"
16186,"Yes"
16187,"No"
16188,"Yes"
16189,"No"
16190,"No"
16191,"No"
16192,"Yes"
16193,"No"
16194,"No"
16195,"No"
16196,"Yes"
16197,"No"
16198,"No"
16199,"No"
16200,"No"
16201,"No"
16202,"No"
16203,"No"
16204,"Yes"
16205,"No"
16206,"Yes"
16207,"No"
16208,"No"
16209,"No"
16210,"Yes"
16211,"No"
16212,"No"
16213,"No"
16214,"No"
16215,"Yes"
16216,"No"
16217,"No"
16218,"No"
16219,"No"
16220,"No"
16221,"Yes"
16222,"Yes"
16223,"No"
16224,"No"
16225,"No"
16226,"Yes"
16227,"Yes"
16228,"Yes"
16229,"No"
16230,"Yes"
16231,"No"
16232,"No"
16233,"No"
16234,"No"
16235,"No"
16236,"No"
16237,"No"
16238,"No"
16239,"No"
16240,"No"
16241,"No"
16242,"Yes"
16243,"No"
16244,"No"
16245,"Yes"
16246,"No"
16247,"Yes"
16248,"Yes"
16249,"No"
16250,"Yes"
16251,"No"
16252,"No"
16253,"No"
16254,"Yes"
16255,"No"
16256,"No"
16257,"No"
16258,"Yes"
16259,"No"
16260,"Yes"
16261,"No"
16262,"Yes"
16263,"No"
16264,"No"
16265,"No"
16266,"No"
16267,"No"
16268,"Yes"
16269,"Yes"
16270,"Yes"
16271,"Yes"
16272,"No"
16273,"No"
16274,"No"
16275,"No"
16276,"Yes"
16277,"No"
16278,"No"
16279,"Yes"
16280,"Yes"
16281,"No"
16282,"No"
16283,"Yes"
16284,"No"
16285,"Yes"
16286,"No"
16287,"No"
16288,"No"
16289,"No"
16290,"No"
16291,"No"
16292,"Yes"
16293,"Yes"
16294,"No"
16295,"Yes"
16296,"No"
16297,"No"
16298,"Yes"
16299,"Yes"
16300,"Yes"
16301,"Yes"
16302,"Yes"
16303,"No"
16304,"Yes"
16305,"No"
16306,"No"
16307,"No"
16308,"No"
16309,"No"
16310,"No"
16311,"No"
16312,"Yes"
16313,"No"
16314,"Yes"
16315,"No"
16316,"No"
16317,"No"
16318,"No"
16319,"Yes"
16320,"Yes"
16321,"No"
16322,"Yes"
16323,"No"
16324,"No"
16325,"No"
16326,"No"
16327,"No"
16328,"No"
16329,"Yes"
16330,"Yes"
16331,"Yes"
16332,"No"
16333,"No"
16334,"No"
16335,"No"
16336,"No"
16337,"No"
16338,"No"
16339,"Yes"
16340,"No"
16341,"Yes"
16342,"No"
16343,"Yes"
16344,"No"
16345,"No"
16346,"Yes"
16347,"Yes"
16348,"Yes"
16349,"No"
16350,"Yes"
16351,"No"
16352,"Yes"
16353,"Yes"
16354,"Yes"
16355,"Yes"
16356,"No"
16357,"No"
16358,"No"
16359,"No"
16360,"No"
16361,"No"
16362,"Yes"
16363,"No"
16364,"No"
16365,"No"
16366,"No"
16367,"Yes"
16368,"No"
16369,"No"
16370,"Yes"
16371,"No"
16372,"No"
16373,"No"
16374,"No"
16375,"No"
16376,"No"
16377,"Yes"
16378,"No"
16379,"No"
16380,"No"
16381,"No"
16382,"No"
16383,"No"
16384,"Yes"
16385,"No"
16386,"Yes"
16387,"No"
16388,"No"
16389,"Yes"
16390,"No"
16391,"No"
16392,"Yes"
16393,"Yes"
16394,"Yes"
16395,"Yes"
16396,"No"
16397,"Yes"
16398,"Yes"
16399,"No"
16400,"No"
16401,"No"
16402,"Yes"
16403,"No"
16404,"Yes"
16405,"No"
16406,"Yes"
16407,"No"
16408,"No"
16409,"No"
16410,"No"
16411,"No"
16412,"No"
16413,"Yes"
16414,"No"
16415,"No"
16416,"No"
16417,"No"
16418,"Yes"
16419,"Yes"
16420,"No"
16421,"No"
16422,"No"
16423,"No"
16424,"No"
16425,"No"
16426,"No"
16427,"No"
16428,"No"
16429,"No"
16430,"No"
16431,"No"
16432,"No"
16433,"Yes"
16434,"No"
16435,"Yes"
16436,"Yes"
16437,"No"
16438,"Yes"
16439,"No"
16440,"No"
16441,"Yes"
16442,"Yes"
16443,"No"
16444,"No"
16445,"No"
16446,"No"
16447,"No"
16448,"No"
16449,"Yes"
16450,"No"
16451,"No"
16452,"No"
16453,"Yes"
16454,"Yes"
16455,"Yes"
16456,"No"
16457,"No"
16458,"Yes"
16459,"Yes"
16460,"No"
16461,"Yes"
16462,"No"
16463,"No"
16464,"No"
16465,"Yes"
16466,"No"
16467,"Yes"
16468,"No"
16469,"No"
16470,"Yes"
16471,"No"
16472,"Yes"
16473,"No"
16474,"Yes"
16475,"Yes"
16476,"Yes"
16477,"No"
16478,"No"
16479,"Yes"
16480,"No"
16481,"No"
16482,"Yes"
16483,"No"
16484,"Yes"
16485,"No"
16486,"Yes"
16487,"No"
16488,"No"
16489,"Yes"
16490,"No"
16491,"No"
16492,"No"
16493,"Yes"
16494,"No"
16495,"No"
16496,"No"
16497,"No"
16498,"Yes"
16499,"No"
16500,"Yes"
16501,"No"
16502,"No"
16503,"Yes"
16504,"No"
16505,"No"
16506,"No"
16507,"No"
16508,"Yes"
16509,"No"
16510,"Yes"
16511,"Yes"
16512,"No"
16513,"No"
16514,"Yes"
16515,"No"
16516,"No"
16517,"No"
16518,"No"
16519,"Yes"
16520,"No"
16521,"No"
16522,"No"
16523,"Yes"
16524,"Yes"
16525,"No"
16526,"No"
16527,"No"
16528,"Yes"
16529,"Yes"
16530,"No"
16531,"No"
16532,"No"
16533,"Yes"
16534,"No"
16535,"No"
16536,"Yes"
16537,"Yes"
16538,"No"
16539,"No"
16540,"No"
16541,"Yes"
16542,"No"
16543,"No"
16544,"No"
16545,"Yes"
16546,"No"
16547,"No"
16548,"No"
16549,"No"
16550,"No"
16551,"Yes"
16552,"No"
16553,"No"
16554,"No"
16555,"No"
16556,"No"
16557,"No"
16558,"Yes"
16559,"Yes"
16560,"Yes"
16561,"No"
16562,"No"
16563,"No"
16564,"Yes"
16565,"No"
16566,"Yes"
16567,"No"
16568,"Yes"
16569,"No"
16570,"No"
16571,"Yes"
16572,"No"
16573,"Yes"
16574,"No"
16575,"No"
16576,"Yes"
16577,"No"
16578,"Yes"
16579,"No"
16580,"No"
16581,"Yes"
16582,"Yes"
16583,"No"
16584,"No"
16585,"Yes"
16586,"No"
16587,"No"
16588,"Yes"
16589,"No"
16590,"No"
16591,"Yes"
16592,"No"
16593,"No"
16594,"No"
16595,"Yes"
16596,"Yes"
16597,"No"
16598,"Yes"
16599,"No"
16600,"No"
16601,"Yes"
16602,"Yes"
16603,"No"
16604,"No"
16605,"No"
16606,"Yes"
16607,"Yes"
16608,"Yes"
16609,"No"
16610,"No"
16611,"No"
16612,"No"
16613,"No"
16614,"Yes"
16615,"No"
16616,"No"
16617,"Yes"
16618,"No"
16619,"Yes"
16620,"No"
16621,"No"
16622,"No"
16623,"No"
16624,"Yes"
16625,"No"
16626,"No"
16627,"No"
16628,"No"
16629,"Yes"
16630,"Yes"
16631,"No"
16632,"No"
16633,"Yes"
16634,"No"
16635,"No"
16636,"No"
16637,"No"
16638,"No"
16639,"No"
16640,"No"
16641,"No"
16642,"No"
16643,"No"
16644,"No"
16645,"No"
16646,"No"
16647,"No"
16648,"No"
16649,"No"
16650,"No"
16651,"No"
16652,"No"
16653,"No"
16654,"No"
16655,"No"
16656,"No"
16657,"No"
16658,"Yes"
16659,"Yes"
16660,"No"
16661,"No"
16662,"No"
16663,"No"
16664,"No"
16665,"No"
16666,"Yes"
16667,"No"
16668,"No"
16669,"Yes"
16670,"No"
16671,"No"
16672,"Yes"
16673,"No"
16674,"Yes"
16675,"No"
16676,"No"
16677,"No"
16678,"Yes"
16679,"No"
16680,"Yes"
16681,"No"
16682,"Yes"
16683,"No"
16684,"Yes"
16685,"Yes"
16686,"Yes"
16687,"No"
16688,"No"
16689,"Yes"
16690,"No"
16691,"No"
16692,"No"
16693,"No"
16694,"No"
16695,"No"
16696,"No"
16697,"Yes"
16698,"No"
16699,"No"
16700,"No"
16701,"No"
16702,"No"
16703,"Yes"
16704,"Yes"
16705,"No"
16706,"No"
16707,"Yes"
16708,"Yes"
16709,"No"
16710,"Yes"
16711,"Yes"
16712,"No"
16713,"No"
16714,"No"
16715,"No"
16716,"No"
16717,"Yes"
16718,"No"
16719,"No"
16720,"No"
16721,"Yes"
16722,"No"
16723,"Yes"
16724,"Yes"
16725,"No"
16726,"No"
16727,"No"
16728,"No"
16729,"No"
16730,"No"
16731,"Yes"
16732,"No"
16733,"Yes"
16734,"Yes"
16735,"No"
16736,"No"
16737,"Yes"
16738,"No"
16739,"Yes"
16740,"No"
16741,"No"
16742,"No"
16743,"No"
16744,"No"
16745,"Yes"
16746,"Yes"
16747,"No"
16748,"Yes"
16749,"Yes"
16750,"No"
16751,"No"
16752,"Yes"
16753,"No"
16754,"No"
16755,"No"
16756,"No"
16757,"No"
16758,"No"
16759,"Yes"
16760,"No"
16761,"No"
16762,"No"
16763,"Yes"
16764,"No"
16765,"No"
16766,"No"
16767,"No"
16768,"No"
16769,"No"
16770,"No"
16771,"No"
16772,"No"
16773,"No"
16774,"No"
16775,"No"
16776,"Yes"
16777,"Yes"
16778,"No"
16779,"Yes"
16780,"No"
16781,"No"
16782,"No"
16783,"No"
16784,"No"
16785,"No"
16786,"No"
16787,"Yes"
16788,"Yes"
16789,"No"
16790,"Yes"
16791,"No"
16792,"Yes"
16793,"No"
16794,"No"
16795,"No"
16796,"No"
16797,"Yes"
16798,"No"
16799,"No"
16800,"No"
16801,"Yes"
16802,"Yes"
16803,"No"
16804,"No"
16805,"No"
16806,"No"
16807,"No"
16808,"Yes"
16809,"No"
16810,"No"
16811,"Yes"
16812,"No"
16813,"No"
16814,"Yes"
16815,"Yes"
16816,"No"
16817,"Yes"
16818,"Yes"
16819,"No"
16820,"No"
16821,"Yes"
16822,"Yes"
16823,"No"
16824,"No"
16825,"Yes"
16826,"No"
16827,"No"
16828,"No"
16829,"Yes"
16830,"Yes"
16831,"Yes"
16832,"No"
16833,"No"
16834,"No"
16835,"No"
16836,"No"
16837,"Yes"
16838,"No"
16839,"No"
16840,"No"
16841,"Yes"
16842,"No"
16843,"Yes"
16844,"No"
16845,"No"
16846,"No"
16847,"No"
16848,"No"
16849,"No"
16850,"No"
16851,"No"
16852,"No"
16853,"Yes"
16854,"Yes"
16855,"No"
16856,"No"
16857,"No"
16858,"No"
16859,"No"
16860,"No"
16861,"No"
16862,"Yes"
16863,"No"
16864,"No"
16865,"No"
16866,"No"
16867,"No"
16868,"Yes"
16869,"Yes"
16870,"No"
16871,"No"
16872,"No"
16873,"No"
16874,"No"
16875,"No"
16876,"No"
16877,"No"
16878,"No"
16879,"Yes"
16880,"No"
16881,"No"
16882,"Yes"
16883,"Yes"
16884,"No"
16885,"No"
16886,"Yes"
16887,"Yes"
16888,"No"
16889,"No"
16890,"No"
16891,"No"
16892,"Yes"
16893,"No"
16894,"No"
16895,"Yes"
16896,"No"
16897,"No"
16898,"Yes"
16899,"No"
16900,"No"
16901,"No"
16902,"Yes"
16903,"Yes"
16904,"No"
16905,"No"
16906,"No"
16907,"No"
16908,"No"
16909,"Yes"
16910,"No"
16911,"No"
16912,"No"
16913,"Yes"
16914,"No"
16915,"Yes"
16916,"No"
16917,"Yes"
16918,"No"
16919,"No"
16920,"No"
16921,"No"
16922,"Yes"
16923,"No"
16924,"No"
16925,"No"
16926,"No"
16927,"No"
16928,"No"
16929,"Yes"
16930,"Yes"
16931,"No"
16932,"Yes"
16933,"No"
16934,"No"
16935,"Yes"
16936,"No"
16937,"No"
16938,"No"
16939,"Yes"
16940,"No"
16941,"No"
16942,"No"
16943,"Yes"
16944,"No"
16945,"No"
16946,"No"
16947,"Yes"
16948,"No"
16949,"No"
16950,"Yes"
16951,"No"
16952,"No"
16953,"Yes"
16954,"Yes"
16955,"Yes"
16956,"No"
16957,"No"
16958,"No"
16959,"Yes"
16960,"Yes"
16961,"No"
16962,"No"
16963,"No"
16964,"Yes"
16965,"Yes"
16966,"No"
16967,"Yes"
16968,"No"
16969,"Yes"
16970,"Yes"
16971,"No"
16972,"No"
16973,"No"
16974,"No"
16975,"Yes"
16976,"Yes"
16977,"No"
16978,"No"
16979,"No"
16980,"Yes"
16981,"No"
16982,"No"
16983,"No"
16984,"Yes"
16985,"No"
16986,"No"
16987,"No"
16988,"No"
16989,"No"
16990,"No"
16991,"Yes"
16992,"Yes"
16993,"Yes"
16994,"Yes"
16995,"No"
16996,"No"
16997,"No"
16998,"No"
16999,"No"
17000,"Yes"
17001,"No"
17002,"No"
17003,"Yes"
17004,"No"
17005,"No"
17006,"No"
17007,"No"
17008,"No"
17009,"Yes"
17010,"Yes"
17011,"No"
17012,"No"
17013,"Yes"
17014,"No"
17015,"Yes"
17016,"Yes"
17017,"No"
17018,"Yes"
17019,"No"
17020,"No"
17021,"Yes"
17022,"Yes"
17023,"Yes"
17024,"Yes"
17025,"Yes"
17026,"No"
17027,"Yes"
17028,"No"
17029,"No"
17030,"No"
17031,"Yes"
17032,"No"
17033,"Yes"
17034,"Yes"
17035,"Yes"
17036,"No"
17037,"No"
17038,"No"
17039,"No"
17040,"No"
17041,"No"
17042,"No"
17043,"Yes"
17044,"No"
17045,"No"
17046,"No"
17047,"No"
17048,"No"
17049,"No"
17050,"No"
17051,"No"
17052,"No"
17053,"Yes"
17054,"No"
17055,"No"
17056,"Yes"
17057,"Yes"
17058,"No"
17059,"No"
17060,"No"
17061,"No"
17062,"No"
17063,"Yes"
17064,"No"
17065,"Yes"
17066,"No"
17067,"Yes"
17068,"Yes"
17069,"No"
17070,"Yes"
17071,"Yes"
17072,"No"
17073,"No"
17074,"No"
17075,"No"
17076,"Yes"
17077,"No"
17078,"No"
17079,"Yes"
17080,"No"
17081,"No"
17082,"Yes"
17083,"Yes"
17084,"No"
17085,"No"
17086,"No"
17087,"Yes"
17088,"No"
17089,"Yes"
17090,"No"
17091,"Yes"
17092,"No"
17093,"No"
17094,"No"
17095,"No"
17096,"Yes"
17097,"No"
17098,"Yes"
17099,"No"
17100,"No"
17101,"No"
17102,"Yes"
17103,"No"
17104,"No"
17105,"No"
17106,"No"
17107,"No"
17108,"No"
17109,"No"
17110,"Yes"
17111,"No"
17112,"Yes"
17113,"Yes"
17114,"No"
17115,"Yes"
17116,"Yes"
17117,"Yes"
17118,"No"
17119,"No"
17120,"Yes"
17121,"No"
17122,"No"
17123,"No"
17124,"No"
17125,"No"
17126,"Yes"
17127,"Yes"
17128,"Yes"
17129,"Yes"
17130,"No"
17131,"No"
17132,"No"
17133,"Yes"
17134,"No"
17135,"No"
17136,"No"
17137,"Yes"
17138,"No"
17139,"No"
17140,"Yes"
17141,"Yes"
17142,"No"
17143,"No"
17144,"No"
17145,"Yes"
17146,"No"
17147,"No"
17148,"No"
17149,"No"
17150,"No"
17151,"No"
17152,"No"
17153,"No"
17154,"No"
17155,"No"
17156,"Yes"
17157,"Yes"
17158,"Yes"
17159,"No"
17160,"Yes"
17161,"No"
17162,"No"
17163,"Yes"
17164,"No"
17165,"No"
17166,"Yes"
17167,"Yes"
17168,"No"
17169,"No"
17170,"Yes"
17171,"No"
17172,"No"
17173,"No"
17174,"No"
17175,"No"
17176,"Yes"
17177,"No"
17178,"No"
17179,"No"
17180,"Yes"
17181,"No"
17182,"Yes"
17183,"Yes"
17184,"Yes"
17185,"No"
17186,"No"
17187,"No"
17188,"No"
17189,"No"
17190,"No"
17191,"Yes"
17192,"Yes"
17193,"Yes"
17194,"No"
17195,"Yes"
17196,"Yes"
17197,"No"
17198,"No"
17199,"No"
17200,"No"
17201,"No"
17202,"No"
17203,"Yes"
17204,"No"
17205,"No"
17206,"No"
17207,"No"
17208,"No"
17209,"No"
17210,"No"
17211,"Yes"
17212,"Yes"
17213,"No"
17214,"No"
17215,"No"
17216,"No"
17217,"No"
17218,"No"
17219,"No"
17220,"No"
17221,"Yes"
17222,"No"
17223,"No"
17224,"Yes"
17225,"No"
17226,"Yes"
17227,"No"
17228,"No"
17229,"No"
17230,"No"
17231,"No"
17232,"No"
17233,"Yes"
17234,"Yes"
17235,"Yes"
17236,"No"
17237,"No"
17238,"No"
17239,"No"
17240,"No"
17241,"No"
17242,"Yes"
17243,"No"
17244,"Yes"
17245,"No"
17246,"Yes"
17247,"No"
17248,"Yes"
17249,"No"
17250,"No"
17251,"No"
17252,"No"
17253,"No"
17254,"No"
17255,"No"
17256,"No"
17257,"Yes"
17258,"No"
17259,"No"
17260,"No"
17261,"No"
17262,"Yes"
17263,"Yes"
17264,"No"
17265,"Yes"
17266,"No"
17267,"No"
17268,"Yes"
17269,"Yes"
17270,"No"
17271,"No"
17272,"No"
17273,"No"
17274,"No"
17275,"No"
17276,"Yes"
17277,"No"
17278,"No"
17279,"Yes"
17280,"No"
17281,"Yes"
17282,"No"
17283,"No"
17284,"Yes"
17285,"Yes"
17286,"Yes"
17287,"Yes"
17288,"Yes"
17289,"No"
17290,"No"
17291,"No"
17292,"No"
17293,"Yes"
17294,"Yes"
17295,"No"
17296,"Yes"
17297,"No"
17298,"Yes"
17299,"Yes"
17300,"Yes"
17301,"No"
17302,"No"
17303,"No"
17304,"Yes"
17305,"No"
17306,"Yes"
17307,"No"
17308,"No"
17309,"Yes"
17310,"No"
17311,"No"
17312,"No"
17313,"No"
17314,"No"
17315,"No"
17316,"No"
17317,"Yes"
17318,"No"
17319,"No"
17320,"Yes"
17321,"No"
17322,"No"
17323,"No"
17324,"No"
17325,"No"
17326,"No"
17327,"No"
17328,"Yes"
17329,"No"
17330,"No"
17331,"No"
17332,"Yes"
17333,"Yes"
17334,"No"
17335,"No"
17336,"No"
17337,"No"
17338,"No"
17339,"No"
17340,"No"
17341,"Yes"
17342,"No"
17343,"No"
17344,"No"
17345,"No"
17346,"No"
17347,"Yes"
17348,"Yes"
17349,"No"
17350,"No"
17351,"No"
17352,"No"
17353,"No"
17354,"Yes"
17355,"No"
17356,"No"
17357,"Yes"
17358,"No"
17359,"No"
17360,"No"
17361,"No"
17362,"No"
17363,"No"
17364,"Yes"
17365,"No"
17366,"Yes"
17367,"Yes"
17368,"No"
17369,"Yes"
17370,"No"
17371,"Yes"
17372,"No"
17373,"No"
17374,"No"
17375,"Yes"
17376,"No"
17377,"Yes"
17378,"Yes"
17379,"No"
17380,"Yes"
17381,"No"
17382,"No"
17383,"No"
17384,"No"
17385,"No"
17386,"No"
17387,"No"
17388,"Yes"
17389,"Yes"
17390,"No"
17391,"No"
17392,"No"
17393,"Yes"
17394,"No"
17395,"No"
17396,"No"
17397,"No"
17398,"No"
17399,"No"
17400,"No"
17401,"Yes"
17402,"No"
17403,"Yes"
17404,"No"
17405,"Yes"
17406,"No"
17407,"No"
17408,"No"
17409,"Yes"
17410,"Yes"
17411,"No"
17412,"No"
17413,"No"
17414,"No"
17415,"No"
17416,"No"
17417,"No"
17418,"Yes"
17419,"No"
17420,"Yes"
17421,"No"
17422,"Yes"
17423,"Yes"
17424,"No"
17425,"No"
17426,"Yes"
17427,"No"
17428,"No"
17429,"Yes"
17430,"Yes"
17431,"No"
17432,"No"
17433,"Yes"
17434,"No"
17435,"No"
17436,"Yes"
17437,"Yes"
17438,"Yes"
17439,"No"
17440,"No"
17441,"No"
17442,"No"
17443,"No"
17444,"No"
17445,"No"
17446,"No"
17447,"No"
17448,"No"
17449,"Yes"
17450,"Yes"
17451,"No"
17452,"No"
17453,"Yes"
17454,"No"
17455,"Yes"
17456,"No"
17457,"No"
17458,"Yes"
17459,"No"
17460,"No"
17461,"No"
17462,"Yes"
17463,"No"
17464,"No"
17465,"No"
17466,"No"
17467,"Yes"
17468,"Yes"
17469,"No"
17470,"No"
17471,"No"
17472,"No"
17473,"Yes"
17474,"Yes"
17475,"No"
17476,"No"
17477,"No"
17478,"No"
17479,"Yes"
17480,"No"
17481,"Yes"
17482,"No"
17483,"Yes"
17484,"Yes"
17485,"Yes"
17486,"No"
17487,"Yes"
17488,"No"
17489,"No"
17490,"No"
17491,"No"
17492,"No"
17493,"No"
17494,"No"
17495,"No"
17496,"Yes"
17497,"Yes"
17498,"No"
17499,"No"
17500,"No"
17501,"No"
17502,"Yes"
17503,"Yes"
17504,"No"
17505,"No"
17506,"No"
17507,"Yes"
17508,"No"
17509,"Yes"
17510,"Yes"
17511,"Yes"
17512,"No"
17513,"No"
17514,"Yes"
17515,"No"
17516,"No"
17517,"No"
17518,"Yes"
17519,"No"
17520,"No"
17521,"Yes"
17522,"No"
17523,"Yes"
17524,"Yes"
17525,"Yes"
17526,"No"
17527,"Yes"
17528,"No"
17529,"No"
17530,"No"
17531,"No"
17532,"No"
17533,"No"
17534,"No"
17535,"No"
17536,"No"
17537,"No"
17538,"No"
17539,"Yes"
17540,"No"
17541,"No"
17542,"No"
17543,"No"
17544,"No"
17545,"No"
17546,"No"
17547,"No"
17548,"No"
17549,"No"
17550,"No"
17551,"Yes"
17552,"Yes"
17553,"No"
17554,"No"
17555,"No"
17556,"No"
17557,"Yes"
17558,"Yes"
17559,"Yes"
17560,"No"
17561,"No"
17562,"No"
17563,"No"
17564,"No"
17565,"No"
17566,"No"
17567,"Yes"
17568,"No"
17569,"No"
17570,"Yes"
17571,"Yes"
17572,"Yes"
17573,"Yes"
17574,"No"
17575,"No"
17576,"Yes"
17577,"No"
17578,"No"
17579,"No"
17580,"No"
17581,"No"
17582,"No"
17583,"Yes"
17584,"No"
17585,"No"
17586,"No"
17587,"No"
17588,"Yes"
17589,"No"
17590,"No"
17591,"Yes"
17592,"No"
17593,"No"
17594,"No"
17595,"Yes"
17596,"No"
17597,"No"
17598,"Yes"
17599,"No"
17600,"No"
17601,"Yes"
17602,"No"
17603,"No"
17604,"No"
17605,"No"
17606,"No"
17607,"No"
17608,"No"
17609,"No"
17610,"Yes"
17611,"Yes"
17612,"No"
17613,"No"
17614,"Yes"
17615,"No"
17616,"No"
17617,"No"
17618,"Yes"
17619,"Yes"
17620,"No"
17621,"Yes"
17622,"Yes"
17623,"No"
17624,"No"
17625,"No"
17626,"Yes"
17627,"No"
17628,"No"
17629,"No"
17630,"No"
17631,"No"
17632,"No"
17633,"Yes"
17634,"No"
17635,"No"
17636,"No"
17637,"No"
17638,"Yes"
17639,"Yes"
17640,"No"
17641,"No"
17642,"Yes"
17643,"Yes"
17644,"Yes"
17645,"No"
17646,"No"
17647,"No"
17648,"Yes"
17649,"No"
17650,"No"
17651,"Yes"
17652,"Yes"
17653,"No"
17654,"No"
17655,"Yes"
17656,"No"
17657,"No"
17658,"No"
17659,"Yes"
17660,"Yes"
17661,"No"
17662,"No"
17663,"No"
17664,"No"
17665,"Yes"
17666,"Yes"
17667,"No"
17668,"No"
17669,"No"
17670,"No"
17671,"No"
17672,"No"
17673,"No"
17674,"No"
17675,"No"
17676,"No"
17677,"No"
17678,"No"
17679,"Yes"
17680,"No"
17681,"No"
17682,"No"
17683,"Yes"
17684,"No"
17685,"Yes"
17686,"Yes"
17687,"No"
17688,"No"
17689,"No"
17690,"No"
17691,"No"
17692,"No"
17693,"Yes"
17694,"No"
17695,"Yes"
17696,"Yes"
17697,"Yes"
17698,"Yes"
17699,"No"
17700,"Yes"
17701,"No"
17702,"No"
17703,"Yes"
17704,"No"
17705,"Yes"
17706,"No"
17707,"No"
17708,"Yes"
17709,"No"
17710,"No"
17711,"No"
17712,"No"
17713,"No"
17714,"Yes"
17715,"No"
17716,"No"
17717,"No"
17718,"No"
17719,"No"
17720,"Yes"
17721,"Yes"
17722,"Yes"
17723,"Yes"
17724,"No"
17725,"Yes"
17726,"No"
17727,"No"
17728,"Yes"
17729,"Yes"
17730,"Yes"
17731,"No"
17732,"No"
17733,"No"
17734,"No"
17735,"No"
17736,"No"
17737,"No"
17738,"Yes"
17739,"No"
17740,"No"
17741,"No"
17742,"No"
17743,"No"
17744,"No"
17745,"Yes"
17746,"Yes"
17747,"Yes"
17748,"No"
17749,"Yes"
17750,"No"
17751,"No"
17752,"No"
17753,"Yes"
17754,"No"
17755,"No"
17756,"Yes"
17757,"No"
17758,"No"
17759,"No"
17760,"No"
17761,"Yes"
17762,"No"
17763,"No"
17764,"No"
17765,"No"
17766,"Yes"
17767,"Yes"
17768,"Yes"
17769,"No"
17770,"Yes"
17771,"No"
17772,"No"
17773,"No"
17774,"No"
17775,"No"
17776,"Yes"
17777,"Yes"
17778,"Yes"
17779,"Yes"
17780,"Yes"
17781,"Yes"
17782,"Yes"
17783,"No"
17784,"Yes"
17785,"No"
17786,"No"
17787,"No"
17788,"Yes"
17789,"No"
17790,"Yes"
17791,"No"
17792,"Yes"
17793,"No"
17794,"No"
17795,"No"
17796,"Yes"
17797,"Yes"
17798,"No"
17799,"No"
17800,"Yes"
17801,"No"
17802,"No"
17803,"No"
17804,"No"
17805,"No"
17806,"Yes"
17807,"Yes"
17808,"No"
17809,"Yes"
17810,"No"
17811,"No"
17812,"Yes"
17813,"Yes"
17814,"No"
17815,"No"
17816,"No"
17817,"No"
17818,"Yes"
17819,"Yes"
17820,"No"
17821,"No"
17822,"No"
17823,"No"
17824,"No"
17825,"Yes"
17826,"Yes"
17827,"No"
17828,"Yes"
17829,"No"
17830,"Yes"
17831,"Yes"
17832,"No"
17833,"No"
17834,"Yes"
17835,"Yes"
17836,"No"
17837,"No"
17838,"No"
17839,"No"
17840,"Yes"
17841,"No"
17842,"No"
17843,"No"
17844,"No"
17845,"No"
17846,"Yes"
17847,"Yes"
17848,"Yes"
17849,"Yes"
17850,"Yes"
17851,"No"
17852,"Yes"
17853,"No"
17854,"Yes"
17855,"Yes"
17856,"No"
17857,"No"
17858,"Yes"
17859,"Yes"
17860,"No"
17861,"No"
17862,"No"
17863,"No"
17864,"No"
17865,"Yes"
17866,"No"
17867,"Yes"
17868,"Yes"
17869,"No"
17870,"Yes"
17871,"No"
17872,"No"
17873,"Yes"
17874,"Yes"
17875,"No"
17876,"No"
17877,"No"
17878,"No"
17879,"No"
17880,"No"
17881,"No"
17882,"No"
17883,"Yes"
17884,"No"
17885,"No"
17886,"No"
17887,"Yes"
17888,"No"
17889,"No"
17890,"No"
17891,"No"
17892,"Yes"
17893,"Yes"
17894,"No"
17895,"No"
17896,"No"
17897,"No"
17898,"No"
17899,"Yes"
17900,"No"
17901,"Yes"
17902,"No"
17903,"No"
17904,"Yes"
17905,"Yes"
17906,"Yes"
17907,"Yes"
17908,"Yes"
17909,"Yes"
17910,"No"
17911,"Yes"
17912,"No"
17913,"Yes"
17914,"Yes"
17915,"No"
17916,"No"
17917,"No"
17918,"Yes"
17919,"No"
17920,"No"
17921,"No"
17922,"No"
17923,"No"
17924,"Yes"
17925,"No"
17926,"Yes"
17927,"No"
17928,"No"
17929,"No"
17930,"No"
17931,"Yes"
17932,"No"
17933,"No"
17934,"Yes"
17935,"No"
17936,"No"
17937,"No"
17938,"No"
17939,"Yes"
17940,"Yes"
17941,"No"
17942,"No"
17943,"No"
17944,"No"
17945,"No"
17946,"No"
17947,"No"
17948,"Yes"
17949,"No"
17950,"Yes"
17951,"Yes"
17952,"Yes"
17953,"No"
17954,"No"
17955,"No"
17956,"Yes"
17957,"No"
17958,"No"
17959,"Yes"
17960,"No"
17961,"No"
17962,"No"
17963,"Yes"
17964,"No"
17965,"No"
17966,"Yes"
17967,"No"
17968,"Yes"
17969,"Yes"
17970,"No"
17971,"Yes"
17972,"Yes"
17973,"Yes"
17974,"No"
17975,"Yes"
17976,"No"
17977,"Yes"
17978,"Yes"
17979,"Yes"
17980,"No"
17981,"Yes"
17982,"No"
17983,"Yes"
17984,"No"
17985,"Yes"
17986,"No"
17987,"No"
17988,"No"
17989,"Yes"
17990,"No"
17991,"No"
17992,"Yes"
17993,"No"
17994,"Yes"
17995,"Yes"
17996,"Yes"
17997,"No"
17998,"No"
17999,"Yes"
18000,"No"
18001,"Yes"
18002,"No"
18003,"No"
18004,"No"
18005,"No"
18006,"No"
18007,"No"
18008,"Yes"
18009,"No"
18010,"No"
18011,"No"
18012,"No"
18013,"No"
18014,"No"
18015,"No"
18016,"No"
18017,"No"
18018,"No"
18019,"No"
18020,"No"
18021,"No"
18022,"Yes"
18023,"No"
18024,"Yes"
18025,"No"
18026,"Yes"
18027,"Yes"
18028,"No"
18029,"No"
18030,"No"
18031,"No"
18032,"Yes"
18033,"No"
18034,"Yes"
18035,"No"
18036,"Yes"
18037,"Yes"
18038,"No"
18039,"Yes"
18040,"No"
18041,"No"
18042,"Yes"
18043,"No"
18044,"Yes"
18045,"Yes"
18046,"No"
18047,"No"
18048,"No"
18049,"No"
18050,"No"
18051,"No"
18052,"Yes"
18053,"Yes"
18054,"No"
18055,"No"
18056,"No"
18057,"No"
18058,"Yes"
18059,"No"
18060,"No"
18061,"No"
18062,"No"
18063,"No"
18064,"No"
18065,"No"
18066,"No"
18067,"Yes"
18068,"Yes"
18069,"Yes"
18070,"Yes"
18071,"No"
18072,"No"
18073,"No"
18074,"No"
18075,"Yes"
18076,"No"
18077,"No"
18078,"No"
18079,"Yes"
18080,"Yes"
18081,"No"
18082,"No"
18083,"No"
18084,"No"
18085,"No"
18086,"Yes"
18087,"Yes"
18088,"Yes"
18089,"No"
18090,"No"
18091,"Yes"
18092,"No"
18093,"Yes"
18094,"Yes"
18095,"Yes"
18096,"Yes"
18097,"Yes"
18098,"Yes"
18099,"No"
18100,"No"
18101,"Yes"
18102,"Yes"
18103,"No"
18104,"Yes"
18105,"No"
18106,"Yes"
18107,"Yes"
18108,"No"
18109,"Yes"
18110,"No"
18111,"No"
18112,"Yes"
18113,"No"
18114,"No"
18115,"Yes"
18116,"No"
18117,"No"
18118,"No"
18119,"No"
18120,"No"
18121,"Yes"
18122,"No"
18123,"No"
18124,"No"
18125,"No"
18126,"No"
18127,"Yes"
18128,"Yes"
18129,"No"
18130,"No"
18131,"Yes"
18132,"No"
18133,"Yes"
18134,"No"
18135,"No"
18136,"No"
18137,"No"
18138,"No"
18139,"No"
18140,"No"
18141,"No"
18142,"Yes"
18143,"Yes"
18144,"No"
18145,"No"
18146,"No"
18147,"No"
18148,"No"
18149,"No"
18150,"No"
18151,"No"
18152,"No"
18153,"No"
18154,"No"
18155,"Yes"
18156,"No"
18157,"Yes"
18158,"No"
18159,"No"
18160,"Yes"
18161,"Yes"
18162,"Yes"
18163,"Yes"
18164,"No"
18165,"Yes"
18166,"No"
18167,"No"
18168,"Yes"
18169,"No"
18170,"No"
18171,"No"
18172,"No"
18173,"No"
18174,"No"
18175,"No"
18176,"No"
18177,"No"
18178,"No"
18179,"No"
18180,"No"
18181,"No"
18182,"Yes"
18183,"No"
18184,"Yes"
18185,"No"
18186,"Yes"
18187,"No"
18188,"Yes"
18189,"No"
18190,"Yes"
18191,"No"
18192,"Yes"
18193,"Yes"
18194,"No"
18195,"No"
18196,"No"
18197,"Yes"
18198,"No"
18199,"No"
18200,"No"
18201,"No"
18202,"No"
18203,"No"
18204,"Yes"
18205,"No"
18206,"Yes"
18207,"No"
18208,"Yes"
18209,"No"
18210,"Yes"
18211,"No"
18212,"No"
18213,"No"
18214,"No"
18215,"Yes"
18216,"Yes"
18217,"No"
18218,"No"
18219,"Yes"
18220,"No"
18221,"No"
18222,"Yes"
18223,"No"
18224,"Yes"
18225,"Yes"
18226,"No"
18227,"No"
18228,"Yes"
18229,"Yes"
18230,"Yes"
18231,"No"
18232,"No"
18233,"No"
18234,"No"
18235,"No"
18236,"No"
18237,"No"
18238,"No"
18239,"No"
18240,"No"
18241,"No"
18242,"Yes"
18243,"No"
18244,"Yes"
18245,"Yes"
18246,"Yes"
18247,"No"
18248,"Yes"
18249,"No"
18250,"No"
18251,"No"
18252,"Yes"
18253,"Yes"
18254,"Yes"
18255,"No"
18256,"Yes"
18257,"No"
18258,"Yes"
18259,"Yes"
18260,"No"
18261,"Yes"
18262,"No"
18263,"No"
18264,"No"
18265,"No"
18266,"Yes"
18267,"No"
18268,"No"
18269,"No"
18270,"No"
18271,"Yes"
18272,"Yes"
18273,"Yes"
18274,"Yes"
18275,"Yes"
18276,"No"
18277,"No"
18278,"No"
18279,"No"
18280,"No"
18281,"Yes"
18282,"No"
18283,"No"
18284,"No"
18285,"Yes"
18286,"No"
18287,"Yes"
18288,"No"
18289,"Yes"
18290,"Yes"
18291,"No"
18292,"Yes"
18293,"Yes"
18294,"Yes"
18295,"No"
18296,"No"
18297,"No"
18298,"No"
18299,"No"
18300,"Yes"
18301,"No"
18302,"No"
18303,"Yes"
18304,"No"
18305,"Yes"
18306,"No"
18307,"No"
18308,"No"
18309,"Yes"
18310,"Yes"
18311,"No"
18312,"Yes"
18313,"No"
18314,"No"
18315,"No"
18316,"No"
18317,"No"
18318,"Yes"
18319,"No"
18320,"No"
18321,"No"
18322,"No"
18323,"Yes"
18324,"No"
18325,"Yes"
18326,"No"
18327,"No"
18328,"No"
18329,"No"
18330,"No"
18331,"Yes"
18332,"Yes"
18333,"No"
18334,"Yes"
18335,"Yes"
18336,"Yes"
18337,"No"
18338,"No"
18339,"No"
18340,"Yes"
18341,"No"
18342,"No"
18343,"No"
18344,"No"
18345,"Yes"
18346,"No"
18347,"No"
18348,"Yes"
18349,"No"
18350,"Yes"
18351,"No"
18352,"No"
18353,"No"
18354,"No"
18355,"No"
18356,"Yes"
18357,"Yes"
18358,"No"
18359,"Yes"
18360,"No"
18361,"Yes"
18362,"Yes"
18363,"No"
18364,"No"
18365,"No"
18366,"No"
18367,"Yes"
18368,"No"
18369,"Yes"
18370,"Yes"
18371,"No"
18372,"No"
18373,"No"
18374,"Yes"
18375,"Yes"
18376,"No"
18377,"No"
18378,"Yes"
18379,"No"
18380,"No"
18381,"No"
18382,"No"
18383,"No"
18384,"No"
18385,"No"
18386,"No"
18387,"Yes"
18388,"No"
18389,"No"
18390,"Yes"
18391,"No"
18392,"No"
18393,"Yes"
18394,"Yes"
18395,"No"
18396,"No"
18397,"No"
18398,"No"
18399,"Yes"
18400,"No"
18401,"No"
18402,"No"
18403,"No"
18404,"No"
18405,"No"
18406,"No"
18407,"No"
18408,"No"
18409,"Yes"
18410,"No"
18411,"No"
18412,"Yes"
18413,"Yes"
18414,"No"
18415,"No"
18416,"Yes"
18417,"No"
18418,"No"
18419,"No"
18420,"No"
18421,"No"
18422,"No"
18423,"Yes"
18424,"No"
18425,"Yes"
18426,"No"
18427,"No"
18428,"No"
18429,"No"
18430,"No"
18431,"No"
18432,"No"
18433,"No"
18434,"Yes"
18435,"Yes"
18436,"No"
18437,"No"
18438,"Yes"
18439,"Yes"
18440,"No"
18441,"Yes"
18442,"No"
18443,"No"
18444,"No"
18445,"No"
18446,"Yes"
18447,"No"
18448,"No"
18449,"No"
18450,"No"
18451,"Yes"
18452,"Yes"
18453,"No"
18454,"Yes"
18455,"Yes"
18456,"No"
18457,"Yes"
18458,"No"
18459,"No"
18460,"No"
18461,"No"
18462,"No"
18463,"No"
18464,"No"
18465,"Yes"
18466,"No"
18467,"No"
18468,"Yes"
18469,"No"
18470,"No"
18471,"No"
18472,"Yes"
18473,"No"
18474,"No"
18475,"Yes"
18476,"No"
18477,"No"
18478,"No"
18479,"No"
18480,"No"
18481,"No"
18482,"No"
18483,"No"
18484,"No"
18485,"Yes"
18486,"No"
18487,"No"
18488,"Yes"
18489,"Yes"
18490,"No"
18491,"No"
18492,"Yes"
18493,"Yes"
18494,"No"
18495,"Yes"
18496,"No"
18497,"No"
18498,"No"
18499,"No"
18500,"Yes"
18501,"No"
18502,"No"
18503,"No"
18504,"Yes"
18505,"No"
18506,"No"
18507,"Yes"
18508,"No"
18509,"Yes"
18510,"No"
18511,"Yes"
18512,"No"
18513,"No"
18514,"No"
18515,"Yes"
18516,"No"
18517,"Yes"
18518,"No"
18519,"Yes"
18520,"Yes"
18521,"No"
18522,"No"
18523,"Yes"
18524,"No"
18525,"No"
18526,"Yes"
18527,"No"
18528,"Yes"
18529,"No"
18530,"No"
18531,"No"
18532,"No"
18533,"Yes"
18534,"No"
18535,"No"
18536,"No"
18537,"No"
18538,"No"
18539,"No"
18540,"No"
18541,"Yes"
18542,"No"
18543,"No"
18544,"No"
18545,"No"
18546,"Yes"
18547,"No"
18548,"No"
18549,"Yes"
18550,"No"
18551,"No"
18552,"No"
18553,"Yes"
18554,"No"
18555,"No"
18556,"Yes"
18557,"Yes"
18558,"No"
18559,"Yes"
18560,"No"
18561,"No"
18562,"No"
18563,"Yes"
18564,"Yes"
18565,"Yes"
18566,"No"
18567,"No"
18568,"No"
18569,"Yes"
18570,"Yes"
18571,"Yes"
18572,"No"
18573,"No"
18574,"Yes"
18575,"Yes"
18576,"No"
18577,"No"
18578,"Yes"
18579,"No"
18580,"No"
18581,"No"
18582,"No"
18583,"Yes"
18584,"Yes"
18585,"No"
18586,"No"
18587,"Yes"
18588,"No"
18589,"No"
18590,"No"
18591,"Yes"
18592,"Yes"
18593,"Yes"
18594,"No"
18595,"No"
18596,"No"
18597,"No"
18598,"No"
18599,"No"
18600,"No"
18601,"No"
18602,"No"
18603,"No"
18604,"Yes"
18605,"No"
18606,"Yes"
18607,"No"
18608,"No"
18609,"No"
18610,"No"
18611,"Yes"
18612,"No"
18613,"No"
18614,"Yes"
18615,"No"
18616,"No"
18617,"No"
18618,"Yes"
18619,"Yes"
18620,"Yes"
18621,"No"
18622,"No"
18623,"No"
18624,"No"
18625,"No"
18626,"Yes"
18627,"No"
18628,"No"
18629,"No"
18630,"Yes"
18631,"Yes"
18632,"No"
18633,"No"
18634,"No"
18635,"No"
18636,"No"
18637,"Yes"
18638,"No"
18639,"No"
18640,"No"
18641,"Yes"
18642,"No"
18643,"No"
18644,"Yes"
18645,"No"
18646,"No"
18647,"Yes"
18648,"No"
18649,"No"
18650,"No"
18651,"No"
18652,"No"
18653,"No"
18654,"Yes"
18655,"Yes"
18656,"Yes"
18657,"No"
18658,"No"
18659,"No"
18660,"No"
18661,"No"
18662,"Yes"
18663,"Yes"
18664,"No"
18665,"Yes"
18666,"Yes"
18667,"No"
18668,"No"
18669,"No"
18670,"No"
18671,"No"
18672,"No"
18673,"Yes"
18674,"Yes"
18675,"Yes"
18676,"No"
18677,"Yes"
18678,"Yes"
18679,"Yes"
18680,"No"
18681,"No"
18682,"No"
18683,"Yes"
18684,"No"
18685,"Yes"
18686,"Yes"
18687,"No"
18688,"Yes"
18689,"Yes"
18690,"Yes"
18691,"No"
18692,"No"
18693,"No"
18694,"No"
18695,"No"
18696,"No"
18697,"No"
18698,"No"
18699,"Yes"
18700,"Yes"
18701,"Yes"
18702,"Yes"
18703,"Yes"
18704,"No"
18705,"No"
18706,"No"
18707,"No"
18708,"No"
18709,"Yes"
18710,"No"
18711,"No"
18712,"No"
18713,"No"
18714,"No"
18715,"Yes"
18716,"Yes"
18717,"No"
18718,"Yes"
18719,"Yes"
18720,"Yes"
18721,"No"
18722,"No"
18723,"No"
18724,"No"
18725,"Yes"
18726,"No"
18727,"No"
18728,"Yes"
18729,"Yes"
18730,"No"
18731,"Yes"
18732,"No"
18733,"Yes"
18734,"No"
18735,"No"
18736,"No"
18737,"Yes"
18738,"No"
18739,"Yes"
18740,"No"
18741,"No"
18742,"Yes"
18743,"Yes"
18744,"No"
18745,"No"
18746,"No"
18747,"Yes"
18748,"Yes"
18749,"No"
18750,"No"
18751,"Yes"
18752,"No"
18753,"Yes"
18754,"No"
18755,"No"
18756,"No"
18757,"Yes"
18758,"No"
18759,"No"
18760,"No"
18761,"No"
18762,"No"
18763,"No"
18764,"Yes"
18765,"No"
18766,"No"
18767,"No"
18768,"No"
18769,"Yes"
18770,"No"
18771,"Yes"
18772,"No"
18773,"No"
18774,"No"
18775,"No"
18776,"No"
18777,"Yes"
18778,"No"
18779,"No"
18780,"Yes"
18781,"No"
18782,"Yes"
18783,"Yes"
18784,"No"
18785,"Yes"
18786,"No"
18787,"Yes"
18788,"Yes"
18789,"No"
18790,"Yes"
18791,"No"
18792,"No"
18793,"No"
18794,"No"
18795,"Yes"
18796,"No"
18797,"No"
18798,"Yes"
18799,"Yes"
18800,"Yes"
18801,"No"
18802,"Yes"
18803,"Yes"
18804,"No"
18805,"No"
18806,"No"
18807,"No"
18808,"No"
18809,"Yes"
18810,"No"
18811,"Yes"
18812,"No"
18813,"No"
18814,"No"
18815,"Yes"
18816,"Yes"
18817,"No"
18818,"No"
18819,"No"
18820,"Yes"
18821,"No"
18822,"Yes"
18823,"No"
18824,"No"
18825,"No"
18826,"No"
18827,"No"
18828,"No"
18829,"Yes"
18830,"No"
18831,"No"
18832,"No"
18833,"No"
18834,"Yes"
18835,"No"
18836,"Yes"
18837,"No"
18838,"No"
18839,"No"
18840,"No"
18841,"No"
18842,"Yes"
18843,"No"
18844,"No"
18845,"No"
18846,"Yes"
18847,"Yes"
18848,"No"
18849,"Yes"
18850,"Yes"
18851,"Yes"
18852,"No"
18853,"Yes"
18854,"Yes"
18855,"No"
18856,"Yes"
18857,"No"
18858,"No"
18859,"No"
18860,"No"
18861,"Yes"
18862,"No"
18863,"No"
18864,"No"
18865,"Yes"
18866,"No"
18867,"Yes"
18868,"Yes"
18869,"Yes"
18870,"No"
18871,"No"
18872,"No"
18873,"Yes"
18874,"No"
18875,"No"
18876,"Yes"
18877,"No"
18878,"Yes"
18879,"No"
18880,"Yes"
18881,"Yes"
18882,"No"
18883,"No"
18884,"No"
18885,"No"
18886,"Yes"
18887,"No"
18888,"Yes"
18889,"No"
18890,"No"
18891,"Yes"
18892,"No"
18893,"Yes"
18894,"Yes"
18895,"No"
18896,"No"
18897,"Yes"
18898,"Yes"
18899,"No"
18900,"No"
18901,"Yes"
18902,"No"
18903,"No"
18904,"No"
18905,"Yes"
18906,"Yes"
18907,"Yes"
18908,"No"
18909,"Yes"
18910,"Yes"
18911,"Yes"
18912,"Yes"
18913,"No"
18914,"No"
18915,"No"
18916,"Yes"
18917,"Yes"
18918,"No"
18919,"Yes"
18920,"No"
18921,"No"
18922,"No"
18923,"No"
18924,"No"
18925,"No"
18926,"Yes"
18927,"No"
18928,"No"
18929,"No"
18930,"No"
18931,"No"
18932,"Yes"
18933,"Yes"
18934,"Yes"
18935,"No"
18936,"No"
18937,"Yes"
18938,"No"
18939,"Yes"
18940,"No"
18941,"No"
18942,"No"
18943,"Yes"
18944,"No"
18945,"No"
18946,"Yes"
18947,"Yes"
18948,"No"
18949,"Yes"
18950,"Yes"
18951,"Yes"
18952,"No"
18953,"Yes"
18954,"No"
18955,"Yes"
18956,"No"
18957,"No"
18958,"No"
18959,"No"
18960,"No"
18961,"No"
18962,"No"
18963,"No"
18964,"No"
18965,"No"
18966,"Yes"
18967,"No"
18968,"Yes"
18969,"Yes"
18970,"Yes"
18971,"No"
18972,"No"
18973,"Yes"
18974,"No"
18975,"Yes"
18976,"No"
18977,"No"
18978,"No"
18979,"Yes"
18980,"No"
18981,"Yes"
18982,"No"
18983,"No"
18984,"Yes"
18985,"No"
18986,"Yes"
18987,"No"
18988,"No"
18989,"Yes"
18990,"No"
18991,"Yes"
18992,"No"
18993,"No"
18994,"Yes"
18995,"Yes"
18996,"No"
18997,"Yes"
18998,"No"
18999,"No"
19000,"No"
19001,"No"
19002,"Yes"
19003,"No"
19004,"Yes"
19005,"Yes"
19006,"No"
19007,"No"
19008,"No"
19009,"No"
19010,"Yes"
19011,"No"
19012,"No"
19013,"No"
19014,"No"
19015,"Yes"
19016,"Yes"
19017,"No"
19018,"No"
19019,"No"
19020,"Yes"
19021,"No"
19022,"Yes"
19023,"Yes"
19024,"No"
19025,"No"
19026,"Yes"
19027,"No"
19028,"No"
19029,"No"
19030,"No"
19031,"No"
19032,"Yes"
19033,"No"
19034,"Yes"
19035,"No"
19036,"Yes"
19037,"No"
19038,"No"
19039,"No"
19040,"No"
19041,"Yes"
19042,"Yes"
19043,"No"
19044,"Yes"
19045,"Yes"
19046,"Yes"
19047,"Yes"
19048,"Yes"
19049,"No"
19050,"No"
19051,"Yes"
19052,"No"
19053,"No"
19054,"Yes"
19055,"Yes"
19056,"Yes"
19057,"Yes"
19058,"No"
19059,"Yes"
19060,"No"
19061,"No"
19062,"No"
19063,"No"
19064,"No"
19065,"No"
19066,"No"
19067,"No"
19068,"No"
19069,"No"
19070,"No"
19071,"No"
19072,"No"
19073,"Yes"
19074,"No"
19075,"Yes"
19076,"No"
19077,"Yes"
19078,"No"
19079,"No"
19080,"Yes"
19081,"No"
19082,"No"
19083,"Yes"
19084,"Yes"
19085,"Yes"
19086,"No"
19087,"Yes"
19088,"No"
19089,"Yes"
19090,"No"
19091,"Yes"
19092,"Yes"
19093,"Yes"
19094,"No"
19095,"Yes"
19096,"Yes"
19097,"Yes"
19098,"Yes"
19099,"No"
19100,"Yes"
19101,"No"
19102,"Yes"
19103,"Yes"
19104,"No"
19105,"Yes"
19106,"No"
19107,"No"
19108,"No"
19109,"Yes"
19110,"Yes"
19111,"No"
19112,"Yes"
19113,"No"
19114,"No"
19115,"No"
19116,"Yes"
19117,"No"
19118,"Yes"
19119,"Yes"
19120,"No"
19121,"No"
19122,"Yes"
19123,"Yes"
19124,"Yes"
19125,"No"
19126,"Yes"
19127,"Yes"
19128,"No"
19129,"No"
19130,"Yes"
19131,"No"
19132,"Yes"
19133,"No"
19134,"No"
19135,"No"
19136,"Yes"
19137,"No"
19138,"Yes"
19139,"No"
19140,"No"
19141,"No"
19142,"No"
19143,"No"
19144,"No"
19145,"Yes"
19146,"No"
19147,"No"
19148,"Yes"
19149,"No"
19150,"Yes"
19151,"Yes"
19152,"No"
19153,"No"
19154,"No"
19155,"No"
19156,"Yes"
19157,"Yes"
19158,"No"
19159,"Yes"
19160,"No"
19161,"No"
19162,"No"
19163,"No"
19164,"No"
19165,"Yes"
19166,"No"
19167,"Yes"
19168,"Yes"
19169,"No"
19170,"No"
19171,"Yes"
19172,"No"
19173,"No"
19174,"Yes"
19175,"No"
19176,"No"
19177,"No"
19178,"No"
19179,"No"
19180,"Yes"
19181,"No"
19182,"No"
19183,"No"
19184,"No"
19185,"No"
19186,"No"
19187,"Yes"
19188,"No"
19189,"Yes"
19190,"Yes"
19191,"No"
19192,"Yes"
19193,"No"
19194,"No"
19195,"No"
19196,"No"
19197,"No"
19198,"No"
19199,"No"
19200,"Yes"
19201,"No"
19202,"Yes"
19203,"Yes"
19204,"No"
19205,"Yes"
19206,"Yes"
19207,"No"
19208,"No"
19209,"No"
19210,"No"
19211,"Yes"
19212,"Yes"
19213,"No"
19214,"No"
19215,"No"
19216,"No"
19217,"Yes"
19218,"No"
19219,"Yes"
19220,"No"
19221,"No"
19222,"No"
19223,"No"
19224,"No"
19225,"No"
19226,"No"
19227,"No"
19228,"No"
19229,"No"
19230,"Yes"
19231,"No"
19232,"Yes"
19233,"No"
19234,"Yes"
19235,"Yes"
19236,"No"
19237,"Yes"
19238,"Yes"
19239,"No"
19240,"Yes"
19241,"Yes"
19242,"No"
19243,"Yes"
19244,"No"
19245,"Yes"
19246,"Yes"
19247,"No"
19248,"Yes"
19249,"Yes"
19250,"No"
19251,"No"
19252,"No"
19253,"No"
19254,"No"
19255,"Yes"
19256,"No"
19257,"No"
19258,"No"
19259,"No"
19260,"No"
19261,"No"
19262,"No"
19263,"No"
19264,"No"
19265,"Yes"
19266,"No"
19267,"Yes"
19268,"No"
19269,"Yes"
19270,"Yes"
19271,"No"
19272,"No"
19273,"Yes"
19274,"No"
19275,"No"
19276,"No"
19277,"No"
19278,"No"
19279,"No"
19280,"Yes"
19281,"No"
19282,"No"
19283,"No"
19284,"No"
19285,"No"
19286,"No"
19287,"No"
19288,"Yes"
19289,"No"
19290,"Yes"
19291,"No"
19292,"No"
19293,"No"
19294,"No"
19295,"Yes"
19296,"No"
19297,"Yes"
19298,"Yes"
19299,"No"
19300,"No"
19301,"No"
19302,"No"
19303,"No"
19304,"Yes"
19305,"No"
19306,"No"
19307,"No"
19308,"No"
19309,"Yes"
19310,"No"
19311,"No"
19312,"No"
19313,"No"
19314,"No"
19315,"No"
19316,"No"
19317,"No"
19318,"No"
19319,"No"
19320,"No"
19321,"No"
19322,"Yes"
19323,"No"
19324,"No"
19325,"No"
19326,"Yes"
19327,"No"
19328,"Yes"
19329,"Yes"
19330,"No"
19331,"Yes"
19332,"No"
19333,"No"
19334,"No"
19335,"No"
19336,"No"
19337,"No"
19338,"Yes"
19339,"No"
19340,"No"
19341,"No"
19342,"No"
19343,"No"
19344,"Yes"
19345,"No"
19346,"No"
19347,"Yes"
19348,"No"
19349,"No"
19350,"No"
19351,"No"
19352,"No"
19353,"No"
19354,"No"
19355,"No"
19356,"No"
19357,"No"
19358,"No"
19359,"Yes"
19360,"No"
19361,"Yes"
19362,"Yes"
19363,"No"
19364,"No"
19365,"No"
19366,"Yes"
19367,"Yes"
19368,"No"
19369,"No"
19370,"No"
19371,"No"
19372,"No"
19373,"Yes"
19374,"Yes"
19375,"Yes"
19376,"Yes"
19377,"No"
19378,"No"
19379,"Yes"
19380,"No"
19381,"No"
19382,"No"
19383,"No"
19384,"No"
19385,"No"
19386,"No"
19387,"Yes"
19388,"Yes"
19389,"No"
19390,"Yes"
19391,"No"
19392,"No"
19393,"Yes"
19394,"No"
19395,"No"
19396,"No"
19397,"No"
19398,"No"
19399,"Yes"
19400,"Yes"
19401,"No"
19402,"No"
19403,"No"
19404,"No"
19405,"Yes"
19406,"Yes"
19407,"Yes"
19408,"No"
19409,"Yes"
19410,"No"
19411,"No"
19412,"No"
19413,"No"
19414,"No"
19415,"No"
19416,"No"
19417,"No"
19418,"Yes"
19419,"No"
19420,"No"
19421,"Yes"
19422,"No"
19423,"No"
19424,"Yes"
19425,"No"
19426,"No"
19427,"Yes"
19428,"No"
19429,"No"
19430,"Yes"
19431,"No"
19432,"Yes"
19433,"No"
19434,"Yes"
19435,"Yes"
19436,"Yes"
19437,"No"
19438,"No"
19439,"No"
19440,"No"
19441,"No"
19442,"Yes"
19443,"No"
19444,"No"
19445,"No"
19446,"No"
19447,"Yes"
19448,"No"
19449,"No"
19450,"Yes"
19451,"Yes"
19452,"Yes"
19453,"Yes"
19454,"Yes"
19455,"No"
19456,"No"
19457,"Yes"
19458,"Yes"
19459,"No"
19460,"No"
19461,"No"
19462,"Yes"
19463,"Yes"
19464,"Yes"
19465,"No"
19466,"No"
19467,"No"
19468,"No"
19469,"Yes"
19470,"Yes"
19471,"No"
19472,"Yes"
19473,"No"
19474,"No"
19475,"No"
19476,"No"
19477,"No"
19478,"No"
19479,"Yes"
19480,"No"
19481,"No"
19482,"Yes"
19483,"No"
19484,"No"
19485,"Yes"
19486,"No"
19487,"Yes"
19488,"No"
19489,"No"
19490,"Yes"
19491,"No"
19492,"Yes"
19493,"No"
19494,"No"
19495,"No"
19496,"Yes"
19497,"No"
19498,"No"
19499,"Yes"
19500,"No"
19501,"No"
19502,"Yes"
19503,"No"
19504,"No"
19505,"Yes"
19506,"No"
19507,"No"
19508,"No"
19509,"No"
19510,"No"
19511,"Yes"
19512,"Yes"
19513,"No"
19514,"No"
19515,"No"
19516,"No"
19517,"No"
19518,"No"
19519,"No"
19520,"Yes"
19521,"Yes"
19522,"No"
19523,"Yes"
19524,"No"
19525,"Yes"
19526,"Yes"
19527,"No"
19528,"No"
19529,"Yes"
19530,"No"
19531,"No"
19532,"No"
19533,"Yes"
19534,"Yes"
19535,"No"
19536,"No"
19537,"Yes"
19538,"Yes"
19539,"No"
19540,"No"
19541,"No"
19542,"No"
19543,"No"
19544,"No"
19545,"Yes"
19546,"Yes"
19547,"Yes"
19548,"No"
19549,"No"
19550,"No"
19551,"Yes"
19552,"No"
19553,"No"
19554,"No"
19555,"No"
19556,"No"
19557,"No"
19558,"No"
19559,"No"
19560,"No"
19561,"No"
19562,"Yes"
19563,"No"
19564,"No"
19565,"No"
19566,"No"
19567,"Yes"
19568,"No"
19569,"No"
19570,"No"
19571,"Yes"
19572,"No"
19573,"No"
19574,"No"
19575,"No"
19576,"No"
19577,"Yes"
19578,"No"
19579,"No"
19580,"No"
19581,"No"
19582,"No"
19583,"No"
19584,"No"
19585,"No"
19586,"No"
19587,"No"
19588,"Yes"
19589,"Yes"
19590,"No"
19591,"No"
19592,"No"
19593,"No"
19594,"No"
19595,"Yes"
19596,"No"
19597,"Yes"
19598,"Yes"
19599,"Yes"
19600,"Yes"
19601,"No"
19602,"No"
19603,"No"
19604,"No"
19605,"Yes"
19606,"Yes"
19607,"Yes"
19608,"No"
19609,"No"
19610,"No"
19611,"No"
19612,"No"
19613,"Yes"
19614,"No"
19615,"No"
19616,"No"
19617,"No"
19618,"No"
19619,"No"
19620,"No"
19621,"No"
19622,"No"
19623,"Yes"
19624,"No"
19625,"No"
19626,"No"
19627,"No"
19628,"No"
19629,"No"
19630,"No"
19631,"No"
19632,"No"
19633,"Yes"
19634,"No"
19635,"No"
19636,"No"
19637,"Yes"
19638,"No"
19639,"No"
19640,"Yes"
19641,"Yes"
19642,"No"
19643,"Yes"
19644,"No"
19645,"Yes"
19646,"No"
19647,"No"
19648,"No"
19649,"Yes"
19650,"No"
19651,"Yes"
19652,"No"
19653,"No"
19654,"No"
19655,"No"
19656,"No"
19657,"Yes"
19658,"No"
19659,"No"
19660,"No"
19661,"Yes"
19662,"No"
19663,"No"
19664,"No"
19665,"No"
19666,"No"
19667,"No"
19668,"No"
19669,"No"
19670,"No"
19671,"No"
19672,"No"
19673,"No"
19674,"No"
19675,"No"
19676,"Yes"
19677,"Yes"
19678,"Yes"
19679,"No"
19680,"No"
19681,"No"
19682,"No"
19683,"Yes"
19684,"Yes"
19685,"No"
19686,"No"
19687,"No"
19688,"No"
19689,"Yes"
19690,"No"
19691,"No"
19692,"No"
19693,"No"
19694,"No"
19695,"No"
19696,"Yes"
19697,"No"
19698,"No"
19699,"Yes"
19700,"Yes"
19701,"Yes"
19702,"No"
19703,"No"
19704,"No"
19705,"No"
19706,"Yes"
19707,"No"
19708,"No"
19709,"No"
19710,"No"
19711,"No"
19712,"No"
19713,"No"
19714,"Yes"
19715,"Yes"
19716,"No"
19717,"Yes"
19718,"Yes"
19719,"No"
19720,"Yes"
19721,"No"
19722,"Yes"
19723,"No"
19724,"No"
19725,"Yes"
19726,"No"
19727,"No"
19728,"Yes"
19729,"Yes"
19730,"Yes"
19731,"No"
19732,"Yes"
19733,"No"
19734,"No"
19735,"Yes"
19736,"No"
19737,"No"
19738,"Yes"
19739,"No"
19740,"No"
19741,"No"
19742,"Yes"
19743,"No"
19744,"Yes"
19745,"No"
19746,"No"
19747,"No"
19748,"Yes"
19749,"Yes"
19750,"No"
19751,"No"
19752,"No"
19753,"No"
19754,"No"
19755,"No"
19756,"No"
19757,"No"
19758,"Yes"
19759,"No"
19760,"No"
19761,"Yes"
19762,"Yes"
19763,"No"
19764,"No"
19765,"No"
19766,"No"
19767,"No"
19768,"No"
19769,"No"
19770,"No"
19771,"Yes"
19772,"No"
19773,"Yes"
19774,"Yes"
19775,"Yes"
19776,"No"
19777,"Yes"
19778,"No"
19779,"Yes"
19780,"No"
19781,"No"
19782,"No"
19783,"No"
19784,"No"
19785,"No"
19786,"No"
19787,"Yes"
19788,"No"
19789,"No"
19790,"No"
19791,"No"
19792,"Yes"
19793,"No"
19794,"No"
19795,"No"
19796,"Yes"
19797,"No"
19798,"No"
19799,"No"
19800,"Yes"
19801,"No"
19802,"No"
19803,"No"
19804,"No"
19805,"No"
19806,"Yes"
19807,"Yes"
19808,"No"
19809,"No"
19810,"Yes"
19811,"No"
19812,"No"
19813,"Yes"
19814,"Yes"
19815,"Yes"
19816,"No"
19817,"No"
19818,"Yes"
19819,"Yes"
19820,"Yes"
19821,"No"
19822,"No"
19823,"No"
19824,"Yes"
19825,"No"
19826,"No"
19827,"No"
19828,"Yes"
19829,"Yes"
19830,"No"
19831,"No"
19832,"No"
19833,"Yes"
19834,"Yes"
19835,"No"
19836,"Yes"
19837,"No"
19838,"Yes"
19839,"No"
19840,"No"
19841,"No"
19842,"Yes"
19843,"Yes"
19844,"No"
19845,"Yes"
19846,"No"
19847,"No"
19848,"No"
19849,"No"
19850,"No"
19851,"No"
19852,"Yes"
19853,"No"
19854,"Yes"
19855,"No"
19856,"No"
19857,"No"
19858,"No"
19859,"Yes"
19860,"No"
19861,"No"
19862,"Yes"
19863,"No"
19864,"No"
19865,"Yes"
19866,"No"
19867,"No"
19868,"No"
19869,"No"
19870,"Yes"
19871,"Yes"
19872,"No"
19873,"No"
19874,"No"
19875,"No"
19876,"No"
19877,"No"
19878,"No"
19879,"Yes"
19880,"No"
19881,"Yes"
19882,"No"
19883,"No"
19884,"Yes"
19885,"No"
19886,"No"
19887,"No"
19888,"Yes"
19889,"No"
19890,"No"
19891,"Yes"
19892,"No"
19893,"No"
19894,"No"
19895,"No"
19896,"No"
19897,"No"
19898,"Yes"
19899,"No"
19900,"No"
19901,"No"
19902,"Yes"
19903,"No"
19904,"No"
19905,"No"
19906,"Yes"
19907,"Yes"
19908,"No"
19909,"No"
19910,"No"
19911,"Yes"
19912,"Yes"
19913,"No"
19914,"No"
19915,"No"
19916,"No"
19917,"No"
19918,"Yes"
19919,"No"
19920,"No"
19921,"No"
19922,"No"
19923,"No"
19924,"No"
19925,"No"
19926,"No"
19927,"No"
19928,"Yes"
19929,"No"
19930,"No"
19931,"Yes"
19932,"No"
19933,"Yes"
19934,"Yes"
19935,"Yes"
19936,"Yes"
19937,"Yes"
19938,"No"
19939,"No"
19940,"No"
19941,"No"
19942,"No"
19943,"No"
19944,"No"
19945,"No"
19946,"Yes"
19947,"Yes"
19948,"No"
19949,"No"
19950,"Yes"
19951,"No"
19952,"Yes"
19953,"No"
19954,"Yes"
19955,"No"
19956,"Yes"
19957,"No"
19958,"Yes"
19959,"No"
19960,"No"
19961,"Yes"
19962,"Yes"
19963,"Yes"
19964,"No"
19965,"No"
19966,"No"
19967,"Yes"
19968,"No"
19969,"No"
19970,"No"
19971,"Yes"
19972,"No"
19973,"Yes"
19974,"No"
19975,"No"
19976,"No"
19977,"No"
19978,"No"
19979,"No"
19980,"No"
19981,"No"
19982,"No"
19983,"No"
19984,"No"
19985,"No"
19986,"Yes"
19987,"Yes"
19988,"No"
19989,"No"
19990,"No"
19991,"No"
19992,"No"
19993,"Yes"
19994,"Yes"
19995,"No"
19996,"No"
19997,"Yes"
19998,"No"
19999,"No"
20000,"No"
20001,"Yes"
20002,"Yes"
20003,"No"
20004,"No"
20005,"Yes"
20006,"No"
20007,"Yes"
20008,"No"
20009,"Yes"
20010,"No"
20011,"No"
20012,"Yes"
20013,"No"
20014,"No"
20015,"Yes"
20016,"No"
20017,"No"
20018,"No"
20019,"No"
20020,"Yes"
20021,"No"
20022,"No"
20023,"No"
20024,"No"
20025,"No"
20026,"Yes"
20027,"No"
20028,"No"
20029,"No"
20030,"Yes"
20031,"No"
20032,"No"
20033,"Yes"
20034,"No"
20035,"No"
20036,"Yes"
20037,"No"
20038,"No"
20039,"No"
20040,"No"
20041,"No"
20042,"Yes"
20043,"No"
20044,"No"
20045,"No"
20046,"No"
20047,"No"
20048,"Yes"
20049,"No"
20050,"No"
20051,"No"
20052,"Yes"
20053,"No"
20054,"No"
20055,"No"
20056,"No"
20057,"No"
20058,"No"
20059,"Yes"
20060,"No"
20061,"Yes"
20062,"Yes"
20063,"Yes"
20064,"No"
20065,"No"
20066,"No"
20067,"No"
20068,"No"
20069,"No"
20070,"No"
20071,"Yes"
20072,"No"
20073,"No"
20074,"Yes"
20075,"Yes"
20076,"No"
20077,"No"
20078,"No"
20079,"No"
20080,"No"
20081,"No"
20082,"No"
20083,"Yes"
20084,"No"
20085,"No"
20086,"Yes"
20087,"No"
20088,"No"
20089,"No"
20090,"No"
20091,"No"
20092,"No"
20093,"No"
20094,"No"
20095,"Yes"
20096,"No"
20097,"Yes"
20098,"No"
20099,"No"
20100,"No"
20101,"No"
20102,"Yes"
20103,"No"
20104,"No"
20105,"Yes"
20106,"No"
20107,"Yes"
20108,"No"
20109,"No"
20110,"No"
20111,"Yes"
20112,"No"
20113,"No"
20114,"Yes"
20115,"Yes"
20116,"Yes"
20117,"No"
20118,"Yes"
20119,"No"
20120,"No"
20121,"No"
20122,"Yes"
20123,"No"
20124,"No"
20125,"No"
20126,"No"
20127,"No"
20128,"No"
20129,"Yes"
20130,"No"
20131,"No"
20132,"No"
20133,"No"
20134,"No"
20135,"Yes"
20136,"No"
20137,"No"
20138,"Yes"
20139,"No"
20140,"Yes"
20141,"No"
20142,"Yes"
20143,"No"
20144,"Yes"
20145,"Yes"
20146,"No"
20147,"No"
20148,"No"
20149,"Yes"
20150,"Yes"
20151,"No"
20152,"No"
20153,"No"
20154,"No"
20155,"No"
20156,"No"
20157,"No"
20158,"No"
20159,"No"
20160,"No"
20161,"No"
20162,"No"
20163,"No"
20164,"No"
20165,"Yes"
20166,"No"
20167,"Yes"
20168,"No"
20169,"No"
20170,"No"
20171,"No"
20172,"No"
20173,"No"
20174,"No"
20175,"No"
20176,"Yes"
20177,"No"
20178,"No"
20179,"No"
20180,"Yes"
20181,"No"
20182,"Yes"
20183,"No"
20184,"Yes"
20185,"No"
20186,"Yes"
20187,"No"
20188,"No"
20189,"Yes"
20190,"No"
20191,"No"
20192,"No"
20193,"Yes"
20194,"No"
20195,"No"
20196,"Yes"
20197,"No"
20198,"No"
20199,"Yes"
20200,"No"
20201,"Yes"
20202,"Yes"
20203,"No"
20204,"No"
20205,"Yes"
20206,"No"
20207,"No"
20208,"No"
20209,"No"
20210,"No"
20211,"No"
20212,"No"
20213,"No"
20214,"Yes"
20215,"No"
20216,"No"
20217,"No"
20218,"Yes"
20219,"No"
20220,"Yes"
20221,"No"
20222,"Yes"
20223,"Yes"
20224,"No"
20225,"No"
20226,"No"
20227,"No"
20228,"No"
20229,"No"
20230,"No"
20231,"No"
20232,"Yes"
20233,"Yes"
20234,"No"
20235,"No"
20236,"No"
20237,"No"
20238,"No"
20239,"No"
20240,"Yes"
20241,"No"
20242,"No"
20243,"No"
20244,"No"
20245,"No"
20246,"No"
20247,"No"
20248,"No"
20249,"No"
20250,"No"
20251,"No"
20252,"Yes"
20253,"No"
20254,"No"
20255,"Yes"
20256,"Yes"
20257,"Yes"
20258,"No"
20259,"No"
20260,"No"
20261,"Yes"
20262,"No"
20263,"Yes"
20264,"No"
20265,"No"
20266,"Yes"
20267,"Yes"
20268,"Yes"
20269,"No"
20270,"Yes"
20271,"No"
20272,"No"
20273,"No"
20274,"No"
20275,"No"
20276,"No"
20277,"Yes"
20278,"No"
20279,"No"
20280,"No"
20281,"No"
20282,"No"
20283,"Yes"
20284,"No"
20285,"No"
20286,"No"
20287,"No"
20288,"No"
20289,"No"
20290,"Yes"
20291,"No"
20292,"No"
20293,"No"
20294,"Yes"
20295,"Yes"
20296,"Yes"
20297,"No"
20298,"No"
20299,"No"
20300,"Yes"
20301,"No"
20302,"No"
20303,"No"
20304,"No"
20305,"No"
20306,"Yes"
20307,"Yes"
20308,"Yes"
20309,"No"
20310,"Yes"
20311,"No"
20312,"Yes"
20313,"No"
20314,"No"
20315,"No"
20316,"Yes"
20317,"No"
20318,"Yes"
20319,"Yes"
20320,"No"
20321,"No"
20322,"Yes"
20323,"No"
20324,"No"
20325,"Yes"
20326,"Yes"
20327,"No"
20328,"No"
20329,"No"
20330,"No"
20331,"No"
20332,"Yes"
20333,"No"
20334,"No"
20335,"No"
20336,"No"
20337,"No"
20338,"No"
20339,"No"
20340,"No"
20341,"No"
20342,"Yes"
20343,"No"
20344,"No"
20345,"No"
20346,"No"
20347,"No"
20348,"Yes"
20349,"Yes"
20350,"No"
20351,"No"
20352,"Yes"
20353,"Yes"
20354,"Yes"
20355,"No"
20356,"No"
20357,"No"
20358,"No"
20359,"No"
20360,"No"
20361,"No"
20362,"No"
20363,"Yes"
20364,"No"
20365,"No"
20366,"No"
20367,"No"
20368,"Yes"
20369,"Yes"
20370,"Yes"
20371,"No"
20372,"Yes"
20373,"No"
20374,"Yes"
20375,"No"
20376,"Yes"
20377,"No"
20378,"No"
20379,"No"
20380,"No"
20381,"No"
20382,"No"
20383,"No"
20384,"No"
20385,"No"
20386,"No"
20387,"No"
20388,"No"
20389,"No"
20390,"Yes"
20391,"Yes"
20392,"No"
20393,"Yes"
20394,"No"
20395,"Yes"
20396,"No"
20397,"Yes"
20398,"No"
20399,"No"
20400,"Yes"
20401,"Yes"
20402,"No"
20403,"Yes"
20404,"No"
20405,"No"
20406,"Yes"
20407,"Yes"
20408,"No"
20409,"No"
20410,"No"
20411,"No"
20412,"No"
20413,"No"
20414,"Yes"
20415,"No"
20416,"No"
20417,"No"
20418,"No"
20419,"Yes"
20420,"No"
20421,"No"
20422,"No"
20423,"No"
20424,"No"
20425,"Yes"
20426,"No"
20427,"Yes"
20428,"No"
20429,"Yes"
20430,"Yes"
20431,"No"
20432,"No"
20433,"Yes"
20434,"No"
20435,"No"
20436,"No"
20437,"Yes"
20438,"Yes"
20439,"Yes"
20440,"No"
20441,"Yes"
20442,"No"
20443,"Yes"
20444,"No"
20445,"No"
20446,"No"
20447,"No"
20448,"No"
20449,"Yes"
20450,"Yes"
20451,"No"
20452,"No"
20453,"Yes"
20454,"Yes"
20455,"No"
20456,"No"
20457,"No"
20458,"No"
20459,"No"
20460,"Yes"
20461,"No"
20462,"No"
20463,"Yes"
20464,"No"
20465,"No"
20466,"No"
20467,"Yes"
20468,"Yes"
20469,"No"
20470,"Yes"
20471,"Yes"
20472,"Yes"
20473,"Yes"
20474,"No"
20475,"Yes"
20476,"No"
20477,"No"
20478,"No"
20479,"No"
20480,"No"
20481,"No"
20482,"No"
20483,"No"
20484,"No"
20485,"No"
20486,"No"
20487,"No"
20488,"No"
20489,"No"
20490,"No"
20491,"No"
20492,"Yes"
20493,"No"
20494,"No"
20495,"No"
20496,"No"
20497,"No"
20498,"No"
20499,"No"
20500,"Yes"
20501,"No"
20502,"No"
20503,"No"
20504,"No"
20505,"Yes"
20506,"No"
20507,"No"
20508,"No"
20509,"Yes"
20510,"No"
20511,"No"
20512,"Yes"
20513,"No"
20514,"No"
20515,"No"
20516,"No"
20517,"No"
20518,"Yes"
20519,"No"
20520,"No"
20521,"No"
20522,"Yes"
20523,"Yes"
20524,"Yes"
20525,"Yes"
20526,"No"
20527,"No"
20528,"No"
20529,"No"
20530,"Yes"
20531,"Yes"
20532,"Yes"
20533,"No"
20534,"Yes"
20535,"Yes"
20536,"No"
20537,"No"
20538,"No"
20539,"No"
20540,"No"
20541,"No"
20542,"Yes"
20543,"Yes"
20544,"No"
20545,"Yes"
20546,"Yes"
20547,"No"
20548,"No"
20549,"No"
20550,"No"
20551,"No"
20552,"No"
20553,"No"
20554,"No"
20555,"No"
20556,"Yes"
20557,"Yes"
20558,"No"
20559,"No"
20560,"No"
20561,"Yes"
20562,"No"
20563,"No"
20564,"Yes"
20565,"No"
20566,"Yes"
20567,"No"
20568,"No"
20569,"No"
20570,"No"
20571,"Yes"
20572,"Yes"
20573,"Yes"
20574,"No"
20575,"No"
20576,"No"
20577,"No"
20578,"Yes"
20579,"No"
20580,"No"
20581,"No"
20582,"Yes"
20583,"No"
20584,"No"
20585,"Yes"
20586,"No"
20587,"Yes"
20588,"Yes"
20589,"No"
20590,"No"
20591,"Yes"
20592,"No"
20593,"No"
20594,"No"
20595,"Yes"
20596,"Yes"
20597,"No"
20598,"No"
20599,"Yes"
20600,"No"
20601,"No"
20602,"No"
20603,"Yes"
20604,"Yes"
20605,"No"
20606,"Yes"
20607,"Yes"
20608,"No"
20609,"No"
20610,"No"
20611,"Yes"
20612,"Yes"
20613,"Yes"
20614,"No"
20615,"No"
20616,"Yes"
20617,"No"
20618,"Yes"
20619,"No"
20620,"No"
20621,"Yes"
20622,"No"
20623,"No"
20624,"Yes"
20625,"No"
20626,"Yes"
20627,"No"
20628,"No"
20629,"No"
20630,"No"
20631,"No"
20632,"No"
20633,"Yes"
20634,"Yes"
20635,"No"
20636,"No"
20637,"No"
20638,"Yes"
20639,"No"
20640,"Yes"
20641,"No"
20642,"Yes"
20643,"No"
20644,"Yes"
20645,"Yes"
20646,"Yes"
20647,"No"
20648,"No"
20649,"Yes"
20650,"No"
20651,"No"
20652,"No"
20653,"No"
20654,"No"
20655,"Yes"
20656,"No"
20657,"Yes"
20658,"No"
20659,"No"
20660,"Yes"
20661,"Yes"
20662,"No"
20663,"Yes"
20664,"Yes"
20665,"No"
20666,"No"
20667,"Yes"
20668,"No"
20669,"Yes"
20670,"No"
20671,"Yes"
20672,"Yes"
20673,"No"
20674,"No"
20675,"No"
20676,"Yes"
20677,"No"
20678,"No"
20679,"No"
20680,"No"
20681,"Yes"
20682,"No"
20683,"No"
20684,"No"
20685,"No"
20686,"Yes"
20687,"No"
20688,"No"
20689,"Yes"
20690,"No"
20691,"Yes"
20692,"No"
20693,"No"
20694,"No"
20695,"No"
20696,"Yes"
20697,"No"
20698,"Yes"
20699,"No"
20700,"Yes"
20701,"No"
20702,"No"
20703,"No"
20704,"No"
20705,"No"
20706,"No"
20707,"No"
20708,"Yes"
20709,"No"
20710,"No"
20711,"Yes"
20712,"Yes"
20713,"No"
20714,"No"
20715,"Yes"
20716,"No"
20717,"Yes"
20718,"No"
20719,"Yes"
20720,"No"
20721,"No"
20722,"No"
20723,"Yes"
20724,"Yes"
20725,"No"
20726,"No"
20727,"Yes"
20728,"No"
20729,"No"
20730,"No"
20731,"No"
20732,"Yes"
20733,"No"
20734,"Yes"
20735,"Yes"
20736,"No"
20737,"No"
20738,"Yes"
20739,"No"
20740,"No"
20741,"Yes"
20742,"No"
20743,"No"
20744,"Yes"
20745,"No"
20746,"No"
20747,"Yes"
20748,"No"
20749,"No"
20750,"Yes"
20751,"Yes"
20752,"No"
20753,"Yes"
20754,"Yes"
20755,"Yes"
20756,"Yes"
20757,"No"
20758,"No"
20759,"Yes"
20760,"Yes"
20761,"No"
20762,"No"
20763,"No"
20764,"Yes"
20765,"Yes"
20766,"No"
20767,"No"
20768,"Yes"
20769,"No"
20770,"No"
20771,"No"
20772,"No"
20773,"No"
20774,"No"
20775,"No"
20776,"No"
20777,"No"
20778,"Yes"
20779,"Yes"
20780,"No"
20781,"No"
20782,"No"
20783,"No"
20784,"No"
20785,"Yes"
20786,"No"
20787,"No"
20788,"Yes"
20789,"No"
20790,"No"
20791,"No"
20792,"Yes"
20793,"Yes"
20794,"No"
20795,"No"
20796,"No"
20797,"Yes"
20798,"Yes"
20799,"No"
20800,"No"
20801,"No"
20802,"No"
20803,"Yes"
20804,"No"
20805,"Yes"
20806,"No"
20807,"No"
20808,"No"
20809,"Yes"
20810,"No"
20811,"No"
20812,"No"
20813,"Yes"
20814,"Yes"
20815,"Yes"
20816,"Yes"
20817,"No"
20818,"No"
20819,"Yes"
20820,"No"
20821,"Yes"
20822,"Yes"
20823,"No"
20824,"No"
20825,"No"
20826,"No"
20827,"Yes"
20828,"No"
20829,"Yes"
20830,"No"
20831,"No"
20832,"No"
20833,"No"
20834,"No"
20835,"No"
20836,"No"
20837,"No"
20838,"No"
20839,"No"
20840,"No"
20841,"Yes"
20842,"Yes"
20843,"No"
20844,"No"
20845,"No"
20846,"No"
20847,"No"
20848,"No"
20849,"Yes"
20850,"No"
20851,"Yes"
20852,"No"
20853,"No"
20854,"Yes"
20855,"Yes"
20856,"Yes"
20857,"No"
20858,"Yes"
20859,"No"
20860,"No"
20861,"Yes"
20862,"No"
20863,"Yes"
20864,"No"
20865,"Yes"
20866,"No"
20867,"No"
20868,"No"
20869,"No"
20870,"No"
20871,"No"
20872,"Yes"
20873,"No"
20874,"No"
20875,"No"
20876,"No"
20877,"No"
20878,"No"
20879,"No"
20880,"Yes"
20881,"No"
20882,"No"
20883,"No"
20884,"No"
20885,"No"
20886,"No"
20887,"No"
20888,"No"
20889,"No"
20890,"No"
20891,"Yes"
20892,"No"
20893,"No"
20894,"No"
20895,"Yes"
20896,"No"
20897,"No"
20898,"No"
20899,"No"
20900,"No"
20901,"No"
20902,"No"
20903,"Yes"
20904,"Yes"
20905,"Yes"
20906,"Yes"
20907,"No"
20908,"Yes"
20909,"Yes"
20910,"Yes"
20911,"Yes"
20912,"No"
20913,"No"
20914,"No"
20915,"No"
20916,"No"
20917,"No"
20918,"No"
20919,"No"
20920,"No"
20921,"No"
20922,"No"
20923,"Yes"
20924,"No"
20925,"Yes"
20926,"No"
20927,"Yes"
20928,"No"
20929,"No"
20930,"No"
20931,"No"
20932,"Yes"
20933,"No"
20934,"Yes"
20935,"No"
20936,"Yes"
20937,"No"
20938,"No"
20939,"Yes"
20940,"No"
20941,"Yes"
20942,"No"
20943,"No"
20944,"Yes"
20945,"No"
20946,"No"
20947,"No"
20948,"No"
20949,"No"
20950,"No"
20951,"Yes"
20952,"No"
20953,"Yes"
20954,"Yes"
20955,"Yes"
20956,"No"
20957,"No"
20958,"No"
20959,"No"
20960,"Yes"
20961,"No"
20962,"No"
20963,"Yes"
20964,"No"
20965,"No"
20966,"No"
20967,"No"
20968,"No"
20969,"No"
20970,"Yes"
20971,"No"
20972,"No"
20973,"Yes"
20974,"Yes"
20975,"No"
20976,"No"
20977,"No"
20978,"No"
20979,"No"
20980,"Yes"
20981,"No"
20982,"No"
20983,"No"
20984,"Yes"
20985,"Yes"
20986,"No"
20987,"Yes"
20988,"No"
20989,"No"
20990,"Yes"
20991,"No"
20992,"Yes"
20993,"No"
20994,"No"
20995,"No"
20996,"Yes"
20997,"No"
20998,"Yes"
20999,"Yes"
21000,"Yes"
21001,"No"
21002,"No"
21003,"No"
21004,"Yes"
21005,"Yes"
21006,"No"
21007,"No"
21008,"No"
21009,"Yes"
21010,"Yes"
21011,"Yes"
21012,"No"
21013,"Yes"
21014,"Yes"
21015,"No"
21016,"No"
21017,"No"
21018,"No"
21019,"Yes"
21020,"Yes"
21021,"No"
21022,"No"
21023,"No"
21024,"No"
21025,"No"
21026,"No"
21027,"No"
21028,"No"
21029,"No"
21030,"No"
21031,"Yes"
21032,"No"
21033,"Yes"
21034,"Yes"
21035,"No"
21036,"No"
21037,"No"
21038,"No"
21039,"No"
21040,"No"
21041,"Yes"
21042,"Yes"
21043,"No"
21044,"No"
21045,"No"
21046,"Yes"
21047,"Yes"
21048,"Yes"
21049,"Yes"
21050,"No"
21051,"No"
21052,"No"
21053,"No"
21054,"No"
21055,"No"
21056,"No"
21057,"No"
21058,"Yes"
21059,"No"
21060,"No"
21061,"No"
21062,"No"
21063,"No"
21064,"Yes"
21065,"No"
21066,"No"
21067,"No"
21068,"No"
21069,"Yes"
21070,"No"
21071,"No"
21072,"Yes"
21073,"No"
21074,"No"
21075,"No"
21076,"No"
21077,"No"
21078,"No"
21079,"No"
21080,"Yes"
21081,"Yes"
21082,"Yes"
21083,"No"
21084,"No"
21085,"Yes"
21086,"Yes"
21087,"No"
21088,"No"
21089,"Yes"
21090,"Yes"
21091,"No"
21092,"Yes"
21093,"No"
21094,"No"
21095,"No"
21096,"Yes"
21097,"Yes"
21098,"No"
21099,"Yes"
21100,"Yes"
21101,"No"
21102,"No"
21103,"No"
21104,"No"
21105,"No"
21106,"No"
21107,"No"
21108,"No"
21109,"No"
21110,"Yes"
21111,"No"
21112,"No"
21113,"No"
21114,"Yes"
21115,"No"
21116,"Yes"
21117,"No"
21118,"Yes"
21119,"No"
21120,"No"
21121,"Yes"
21122,"No"
21123,"No"
21124,"Yes"
21125,"No"
21126,"No"
21127,"No"
21128,"Yes"
21129,"No"
21130,"No"
21131,"No"
21132,"No"
21133,"Yes"
21134,"No"
21135,"No"
21136,"No"
21137,"No"
21138,"No"
21139,"No"
21140,"No"
21141,"No"
21142,"Yes"
21143,"No"
21144,"No"
21145,"Yes"
21146,"Yes"
21147,"No"
21148,"Yes"
21149,"Yes"
21150,"No"
21151,"No"
21152,"No"
21153,"No"
21154,"No"
21155,"No"
21156,"No"
21157,"No"
21158,"No"
21159,"No"
21160,"No"
21161,"No"
21162,"No"
21163,"Yes"
21164,"No"
21165,"Yes"
21166,"No"
21167,"Yes"
21168,"No"
21169,"Yes"
21170,"No"
21171,"No"
21172,"No"
21173,"No"
21174,"No"
21175,"Yes"
21176,"No"
21177,"No"
21178,"No"
21179,"No"
21180,"No"
21181,"Yes"
21182,"No"
21183,"No"
21184,"No"
21185,"No"
21186,"Yes"
21187,"No"
21188,"No"
21189,"Yes"
21190,"No"
21191,"No"
21192,"Yes"
21193,"No"
21194,"No"
21195,"No"
21196,"No"
21197,"Yes"
21198,"Yes"
21199,"No"
21200,"No"
21201,"No"
21202,"No"
21203,"No"
21204,"Yes"
21205,"Yes"
21206,"No"
21207,"No"
21208,"Yes"
21209,"No"
21210,"No"
21211,"No"
21212,"Yes"
21213,"No"
21214,"No"
21215,"Yes"
21216,"No"
21217,"No"
21218,"Yes"
21219,"No"
21220,"No"
21221,"No"
21222,"No"
21223,"No"
21224,"Yes"
21225,"No"
21226,"No"
21227,"No"
21228,"No"
21229,"No"
21230,"No"
21231,"No"
21232,"No"
21233,"No"
21234,"No"
21235,"No"
21236,"No"
21237,"Yes"
21238,"No"
21239,"Yes"
21240,"No"
21241,"No"
21242,"No"
21243,"Yes"
21244,"No"
21245,"No"
21246,"Yes"
21247,"Yes"
21248,"No"
21249,"No"
21250,"Yes"
21251,"Yes"
21252,"No"
21253,"No"
21254,"No"
21255,"Yes"
21256,"Yes"
21257,"No"
21258,"Yes"
21259,"Yes"
21260,"No"
21261,"Yes"
21262,"No"
21263,"No"
21264,"No"
21265,"No"
21266,"No"
21267,"No"
21268,"No"
21269,"No"
21270,"No"
21271,"No"
21272,"Yes"
21273,"No"
21274,"No"
21275,"No"
21276,"No"
21277,"Yes"
21278,"No"
21279,"No"
21280,"No"
21281,"No"
21282,"No"
21283,"No"
21284,"No"
21285,"No"
21286,"No"
21287,"Yes"
21288,"No"
21289,"No"
21290,"No"
21291,"No"
21292,"No"
21293,"No"
21294,"No"
21295,"No"
21296,"No"
21297,"Yes"
21298,"No"
21299,"Yes"
21300,"Yes"
21301,"No"
21302,"Yes"
21303,"No"
21304,"No"
21305,"No"
21306,"No"
21307,"No"
21308,"Yes"
21309,"No"
21310,"Yes"
21311,"Yes"
21312,"Yes"
21313,"No"
21314,"No"
21315,"No"
21316,"No"
21317,"No"
21318,"No"
21319,"No"
21320,"Yes"
21321,"No"
21322,"No"
21323,"Yes"
21324,"No"
21325,"Yes"
21326,"Yes"
21327,"No"
21328,"No"
21329,"Yes"
21330,"No"
21331,"No"
21332,"No"
21333,"No"
21334,"No"
21335,"No"
21336,"No"
21337,"No"
21338,"Yes"
21339,"No"
21340,"No"
21341,"No"
21342,"Yes"
21343,"Yes"
21344,"Yes"
21345,"No"
21346,"No"
21347,"Yes"
21348,"No"
21349,"Yes"
21350,"No"
21351,"No"
21352,"No"
21353,"Yes"
21354,"No"
21355,"Yes"
21356,"No"
21357,"No"
21358,"No"
21359,"Yes"
21360,"No"
21361,"No"
21362,"No"
21363,"No"
21364,"No"
21365,"Yes"
21366,"No"
21367,"Yes"
21368,"No"
21369,"Yes"
21370,"No"
21371,"Yes"
21372,"No"
21373,"Yes"
21374,"No"
21375,"No"
21376,"Yes"
21377,"No"
21378,"Yes"
21379,"No"
21380,"No"
21381,"No"
21382,"Yes"
21383,"No"
21384,"No"
21385,"No"
21386,"Yes"
21387,"Yes"
21388,"No"
21389,"No"
21390,"Yes"
21391,"Yes"
21392,"Yes"
21393,"Yes"
21394,"No"
21395,"Yes"
21396,"No"
21397,"No"
21398,"No"
21399,"No"
21400,"Yes"
21401,"No"
21402,"No"
21403,"Yes"
21404,"No"
21405,"No"
21406,"Yes"
21407,"No"
21408,"No"
21409,"Yes"
21410,"No"
21411,"Yes"
21412,"No"
21413,"No"
21414,"Yes"
21415,"Yes"
21416,"Yes"
21417,"Yes"
21418,"Yes"
21419,"Yes"
21420,"No"
21421,"Yes"
21422,"Yes"
21423,"No"
21424,"No"
21425,"Yes"
21426,"No"
21427,"No"
21428,"Yes"
21429,"Yes"
21430,"Yes"
21431,"No"
21432,"Yes"
21433,"No"
21434,"No"
21435,"Yes"
21436,"No"
21437,"No"
21438,"No"
21439,"No"
21440,"No"
21441,"No"
21442,"No"
21443,"No"
21444,"Yes"
21445,"No"
21446,"Yes"
21447,"Yes"
21448,"Yes"
21449,"No"
21450,"Yes"
21451,"No"
21452,"Yes"
21453,"Yes"
21454,"No"
21455,"No"
21456,"Yes"
21457,"Yes"
21458,"No"
21459,"No"
21460,"No"
21461,"No"
21462,"No"
21463,"No"
21464,"Yes"
21465,"No"
21466,"No"
21467,"No"
21468,"No"
21469,"No"
21470,"No"
21471,"No"
21472,"No"
21473,"No"
21474,"No"
21475,"Yes"
21476,"No"
21477,"Yes"
21478,"Yes"
21479,"No"
21480,"No"
21481,"No"
21482,"No"
21483,"No"
21484,"No"
21485,"No"
21486,"No"
21487,"Yes"
21488,"Yes"
21489,"No"
21490,"No"
21491,"No"
21492,"Yes"
21493,"Yes"
21494,"Yes"
21495,"No"
21496,"No"
21497,"No"
21498,"No"
21499,"Yes"
21500,"No"
21501,"No"
21502,"Yes"
21503,"No"
21504,"No"
21505,"Yes"
21506,"Yes"
21507,"Yes"
21508,"No"
21509,"Yes"
21510,"No"
21511,"No"
21512,"No"
21513,"Yes"
21514,"No"
21515,"No"
21516,"No"
21517,"No"
21518,"No"
21519,"No"
21520,"No"
21521,"No"
21522,"No"
21523,"No"
21524,"Yes"
21525,"No"
21526,"No"
21527,"Yes"
21528,"No"
21529,"No"
21530,"Yes"
21531,"No"
21532,"No"
21533,"No"
21534,"No"
21535,"No"
21536,"No"
21537,"No"
21538,"No"
21539,"No"
21540,"Yes"
21541,"Yes"
21542,"No"
21543,"No"
21544,"Yes"
21545,"No"
21546,"No"
21547,"Yes"
21548,"Yes"
21549,"No"
21550,"No"
21551,"No"
21552,"No"
21553,"No"
21554,"No"
21555,"Yes"
21556,"No"
21557,"Yes"
21558,"Yes"
21559,"No"
21560,"No"
21561,"No"
21562,"Yes"
21563,"No"
21564,"No"
21565,"Yes"
21566,"Yes"
21567,"No"
21568,"No"
21569,"No"
21570,"Yes"
21571,"No"
21572,"No"
21573,"Yes"
21574,"No"
21575,"Yes"
21576,"Yes"
21577,"No"
21578,"Yes"
21579,"Yes"
21580,"No"
21581,"Yes"
21582,"No"
21583,"No"
21584,"Yes"
21585,"No"
21586,"No"
21587,"Yes"
21588,"Yes"
21589,"No"
21590,"No"
21591,"No"
21592,"No"
21593,"No"
21594,"No"
21595,"No"
21596,"Yes"
21597,"Yes"
21598,"Yes"
21599,"No"
21600,"No"
21601,"No"
21602,"No"
21603,"Yes"
21604,"No"
21605,"No"
21606,"No"
21607,"Yes"
21608,"Yes"
21609,"No"
21610,"No"
21611,"No"
21612,"Yes"
21613,"Yes"
21614,"No"
21615,"No"
21616,"No"
21617,"No"
21618,"No"
21619,"No"
21620,"No"
21621,"No"
21622,"No"
21623,"Yes"
21624,"Yes"
21625,"Yes"
21626,"No"
21627,"No"
21628,"No"
21629,"No"
21630,"Yes"
21631,"Yes"
21632,"Yes"
21633,"No"
21634,"No"
21635,"Yes"
21636,"Yes"
21637,"No"
21638,"Yes"
21639,"No"
21640,"No"
21641,"No"
21642,"Yes"
21643,"Yes"
21644,"No"
21645,"No"
21646,"No"
21647,"No"
21648,"No"
21649,"No"
21650,"Yes"
21651,"Yes"
21652,"No"
21653,"No"
21654,"No"
21655,"Yes"
21656,"Yes"
21657,"No"
21658,"No"
21659,"No"
21660,"No"
21661,"Yes"
21662,"No"
21663,"Yes"
21664,"No"
21665,"Yes"
21666,"No"
21667,"No"
21668,"No"
21669,"No"
21670,"Yes"
21671,"No"
21672,"No"
21673,"No"
21674,"No"
21675,"No"
21676,"No"
21677,"Yes"
21678,"Yes"
21679,"No"
21680,"No"
21681,"No"
21682,"No"
21683,"No"
21684,"No"
21685,"No"
21686,"No"
21687,"No"
21688,"No"
21689,"Yes"
21690,"No"
21691,"Yes"
21692,"No"
21693,"No"
21694,"No"
21695,"No"
21696,"No"
21697,"Yes"
21698,"No"
21699,"No"
21700,"No"
21701,"Yes"
21702,"No"
21703,"No"
21704,"No"
21705,"No"
21706,"No"
21707,"No"
21708,"No"
21709,"Yes"
21710,"No"
21711,"No"
21712,"Yes"
21713,"No"
21714,"No"
21715,"No"
21716,"No"
21717,"No"
21718,"Yes"
21719,"Yes"
21720,"Yes"
21721,"No"
21722,"Yes"
21723,"No"
21724,"No"
21725,"No"
21726,"No"
21727,"No"
21728,"No"
21729,"No"
21730,"No"
21731,"No"
21732,"Yes"
21733,"No"
21734,"No"
21735,"No"
21736,"No"
21737,"No"
21738,"No"
21739,"No"
21740,"No"
21741,"Yes"
21742,"No"
21743,"No"
21744,"No"
21745,"No"
21746,"No"
21747,"No"
21748,"Yes"
21749,"No"
21750,"Yes"
21751,"No"
21752,"Yes"
21753,"No"
21754,"No"
21755,"No"
21756,"No"
21757,"Yes"
21758,"No"
21759,"Yes"
21760,"Yes"
21761,"Yes"
21762,"No"
21763,"No"
21764,"No"
21765,"Yes"
21766,"No"
21767,"Yes"
21768,"Yes"
21769,"No"
21770,"Yes"
21771,"No"
21772,"No"
21773,"Yes"
21774,"No"
21775,"No"
21776,"No"
21777,"No"
21778,"No"
21779,"Yes"
21780,"No"
21781,"Yes"
21782,"No"
21783,"No"
21784,"Yes"
21785,"Yes"
21786,"No"
21787,"No"
21788,"No"
21789,"Yes"
21790,"Yes"
21791,"No"
21792,"No"
21793,"No"
21794,"Yes"
21795,"No"
21796,"No"
21797,"No"
21798,"Yes"
21799,"No"
21800,"No"
21801,"Yes"
21802,"No"
21803,"No"
21804,"No"
21805,"No"
21806,"No"
21807,"Yes"
21808,"No"
21809,"No"
21810,"No"
21811,"Yes"
21812,"Yes"
21813,"No"
21814,"No"
21815,"No"
21816,"No"
21817,"No"
21818,"Yes"
21819,"No"
21820,"No"
21821,"No"
21822,"Yes"
21823,"Yes"
21824,"Yes"
21825,"Yes"
21826,"Yes"
21827,"No"
21828,"No"
21829,"No"
21830,"Yes"
21831,"No"
21832,"No"
21833,"Yes"
21834,"No"
21835,"No"
21836,"Yes"
21837,"No"
21838,"No"
21839,"No"
21840,"No"
21841,"No"
21842,"Yes"
21843,"No"
21844,"Yes"
21845,"No"
21846,"Yes"
21847,"No"
21848,"Yes"
21849,"No"
21850,"Yes"
21851,"No"
21852,"No"
21853,"Yes"
21854,"Yes"
21855,"Yes"
21856,"Yes"
21857,"No"
21858,"Yes"
21859,"Yes"
21860,"No"
21861,"No"
21862,"No"
21863,"Yes"
21864,"No"
21865,"No"
21866,"No"
21867,"No"
21868,"No"
21869,"No"
21870,"Yes"
21871,"Yes"
21872,"No"
21873,"Yes"
21874,"Yes"
21875,"No"
21876,"No"
21877,"No"
21878,"No"
21879,"No"
21880,"Yes"
21881,"No"
21882,"No"
21883,"No"
21884,"No"
21885,"No"
21886,"Yes"
21887,"No"
21888,"No"
21889,"No"
21890,"No"
21891,"No"
21892,"Yes"
21893,"No"
21894,"Yes"
21895,"No"
21896,"No"
21897,"No"
21898,"Yes"
21899,"No"
21900,"No"
21901,"Yes"
21902,"Yes"
21903,"Yes"
21904,"No"
21905,"Yes"
21906,"No"
21907,"Yes"
21908,"No"
21909,"No"
21910,"No"
21911,"No"
21912,"No"
21913,"Yes"
21914,"Yes"
21915,"No"
21916,"Yes"
21917,"Yes"
21918,"No"
21919,"No"
21920,"No"
21921,"No"
21922,"Yes"
21923,"No"
21924,"Yes"
21925,"No"
21926,"Yes"
21927,"No"
21928,"Yes"
21929,"Yes"
21930,"Yes"
21931,"Yes"
21932,"Yes"
21933,"Yes"
21934,"No"
21935,"No"
21936,"No"
21937,"No"
21938,"No"
21939,"No"
21940,"No"
21941,"No"
21942,"No"
21943,"No"
21944,"No"
21945,"Yes"
21946,"Yes"
21947,"Yes"
21948,"Yes"
21949,"No"
21950,"No"
21951,"Yes"
21952,"Yes"
21953,"Yes"
21954,"Yes"
21955,"Yes"
21956,"No"
21957,"No"
21958,"No"
21959,"No"
21960,"No"
21961,"Yes"
21962,"No"
21963,"No"
21964,"No"
21965,"No"
21966,"Yes"
21967,"No"
21968,"Yes"
21969,"Yes"
21970,"No"
21971,"No"
21972,"No"
21973,"No"
21974,"Yes"
21975,"No"
21976,"Yes"
21977,"Yes"
21978,"Yes"
21979,"No"
21980,"No"
21981,"No"
21982,"Yes"
21983,"No"
21984,"No"
21985,"Yes"
21986,"No"
21987,"No"
21988,"No"
21989,"No"
21990,"Yes"
21991,"No"
21992,"Yes"
21993,"No"
21994,"Yes"
21995,"No"
21996,"No"
21997,"No"
21998,"No"
21999,"No"
22000,"No"
22001,"Yes"
22002,"No"
22003,"Yes"
22004,"No"
22005,"No"
22006,"Yes"
22007,"Yes"
22008,"Yes"
22009,"Yes"
22010,"No"
22011,"No"
22012,"Yes"
22013,"No"
22014,"No"
22015,"No"
22016,"Yes"
22017,"Yes"
22018,"No"
22019,"No"
22020,"No"
22021,"Yes"
22022,"No"
22023,"No"
22024,"No"
22025,"No"
22026,"No"
22027,"No"
22028,"No"
22029,"Yes"
22030,"No"
22031,"Yes"
22032,"No"
22033,"Yes"
22034,"No"
22035,"No"
22036,"No"
22037,"No"
22038,"No"
22039,"No"
22040,"No"
22041,"No"
22042,"Yes"
22043,"Yes"
22044,"No"
22045,"No"
22046,"No"
22047,"Yes"
22048,"No"
22049,"No"
22050,"Yes"
22051,"No"
22052,"No"
22053,"No"
22054,"No"
22055,"No"
22056,"No"
22057,"Yes"
22058,"No"
22059,"Yes"
22060,"Yes"
22061,"No"
22062,"Yes"
22063,"No"
22064,"No"
22065,"No"
22066,"No"
22067,"No"
22068,"Yes"
22069,"No"
22070,"No"
22071,"No"
22072,"No"
22073,"No"
22074,"Yes"
22075,"Yes"
22076,"No"
22077,"Yes"
22078,"Yes"
22079,"No"
22080,"No"
22081,"Yes"
22082,"Yes"
22083,"No"
22084,"No"
22085,"No"
22086,"No"
22087,"Yes"
22088,"Yes"
22089,"No"
22090,"No"
22091,"No"
22092,"No"
22093,"Yes"
22094,"Yes"
22095,"No"
22096,"No"
22097,"No"
22098,"No"
22099,"No"
22100,"Yes"
22101,"No"
22102,"Yes"
22103,"No"
22104,"Yes"
22105,"No"
22106,"No"
22107,"No"
22108,"No"
22109,"No"
22110,"No"
22111,"No"
22112,"No"
22113,"No"
22114,"No"
22115,"No"
22116,"Yes"
22117,"No"
22118,"No"
22119,"No"
22120,"No"
22121,"Yes"
22122,"No"
22123,"No"
22124,"Yes"
22125,"No"
22126,"No"
22127,"No"
22128,"No"
22129,"No"
22130,"Yes"
22131,"No"
22132,"No"
22133,"No"
22134,"No"
22135,"No"
22136,"No"
22137,"Yes"
22138,"No"
22139,"No"
22140,"No"
22141,"No"
22142,"No"
22143,"Yes"
22144,"No"
22145,"No"
22146,"No"
22147,"No"
22148,"No"
22149,"No"
22150,"No"
22151,"No"
22152,"No"
22153,"Yes"
22154,"No"
22155,"No"
22156,"No"
22157,"Yes"
22158,"Yes"
22159,"Yes"
22160,"No"
22161,"Yes"
22162,"No"
22163,"No"
22164,"Yes"
22165,"Yes"
22166,"No"
22167,"No"
22168,"No"
22169,"No"
22170,"No"
22171,"No"
22172,"No"
22173,"Yes"
22174,"No"
22175,"No"
22176,"No"
22177,"No"
22178,"No"
22179,"No"
22180,"No"
22181,"Yes"
22182,"No"
22183,"No"
22184,"No"
22185,"No"
22186,"No"
22187,"No"
22188,"No"
22189,"No"
22190,"No"
22191,"Yes"
22192,"No"
22193,"No"
22194,"No"
22195,"No"
22196,"Yes"
22197,"Yes"
22198,"Yes"
22199,"No"
22200,"Yes"
22201,"No"
22202,"No"
22203,"No"
22204,"Yes"
22205,"No"
22206,"Yes"
22207,"No"
22208,"No"
22209,"No"
22210,"Yes"
22211,"No"
22212,"No"
22213,"No"
22214,"Yes"
22215,"No"
22216,"Yes"
22217,"No"
22218,"Yes"
22219,"No"
22220,"Yes"
22221,"No"
22222,"No"
22223,"No"
22224,"Yes"
22225,"No"
22226,"No"
22227,"No"
22228,"Yes"
22229,"Yes"
22230,"No"
22231,"No"
22232,"No"
22233,"No"
22234,"No"
22235,"No"
22236,"No"
22237,"Yes"
22238,"No"
22239,"Yes"
22240,"No"
22241,"No"
22242,"No"
22243,"Yes"
22244,"No"
22245,"No"
22246,"No"
22247,"No"
22248,"Yes"
22249,"No"
22250,"No"
22251,"Yes"
22252,"No"
22253,"No"
22254,"No"
22255,"Yes"
22256,"No"
22257,"Yes"
22258,"No"
22259,"Yes"
22260,"No"
22261,"No"
22262,"Yes"
22263,"No"
22264,"No"
22265,"No"
22266,"No"
22267,"No"
22268,"No"
22269,"Yes"
22270,"Yes"
22271,"No"
22272,"No"
22273,"Yes"
22274,"Yes"
22275,"No"
22276,"Yes"
22277,"No"
22278,"No"
22279,"No"
22280,"Yes"
22281,"Yes"
22282,"Yes"
22283,"No"
22284,"No"
22285,"Yes"
22286,"No"
22287,"No"
22288,"No"
22289,"Yes"
22290,"No"
22291,"Yes"
22292,"Yes"
22293,"No"
22294,"No"
22295,"No"
22296,"No"
22297,"No"
22298,"No"
22299,"No"
22300,"No"
22301,"Yes"
22302,"Yes"
22303,"Yes"
22304,"No"
22305,"No"
22306,"Yes"
22307,"No"
22308,"No"
22309,"Yes"
22310,"No"
22311,"No"
22312,"No"
22313,"No"
22314,"No"
22315,"No"
22316,"No"
22317,"No"
22318,"No"
22319,"No"
22320,"No"
22321,"No"
22322,"No"
22323,"No"
22324,"No"
22325,"No"
22326,"No"
22327,"No"
22328,"No"
22329,"No"
22330,"No"
22331,"Yes"
22332,"No"
22333,"No"
22334,"Yes"
22335,"No"
22336,"No"
22337,"No"
22338,"No"
22339,"No"
22340,"No"
22341,"No"
22342,"Yes"
22343,"No"
22344,"No"
22345,"Yes"
22346,"No"
22347,"Yes"
22348,"No"
22349,"Yes"
22350,"No"
22351,"No"
22352,"No"
22353,"No"
22354,"Yes"
22355,"No"
22356,"Yes"
22357,"No"
22358,"No"
22359,"No"
22360,"No"
22361,"Yes"
22362,"No"
22363,"No"
22364,"Yes"
22365,"Yes"
22366,"No"
22367,"Yes"
22368,"Yes"
22369,"No"
22370,"No"
22371,"No"
22372,"No"
22373,"No"
22374,"No"
22375,"Yes"
22376,"No"
22377,"No"
22378,"No"
22379,"No"
22380,"No"
22381,"Yes"
22382,"No"
22383,"No"
22384,"No"
22385,"No"
22386,"No"
22387,"No"
22388,"Yes"
22389,"No"
22390,"No"
22391,"Yes"
22392,"No"
22393,"No"
22394,"No"
22395,"No"
22396,"No"
22397,"No"
22398,"No"
22399,"No"
22400,"No"
22401,"No"
22402,"Yes"
22403,"No"
22404,"Yes"
22405,"No"
22406,"Yes"
22407,"Yes"
22408,"Yes"
22409,"No"
22410,"Yes"
22411,"Yes"
22412,"No"
22413,"Yes"
22414,"No"
22415,"Yes"
22416,"No"
22417,"No"
22418,"No"
22419,"No"
22420,"No"
22421,"No"
22422,"Yes"
22423,"No"
22424,"Yes"
22425,"No"
22426,"No"
22427,"No"
22428,"Yes"
22429,"No"
22430,"No"
22431,"No"
22432,"No"
22433,"No"
22434,"No"
22435,"No"
22436,"No"
22437,"No"
22438,"No"
22439,"No"
22440,"No"
22441,"Yes"
22442,"No"
22443,"No"
22444,"No"
22445,"Yes"
22446,"No"
22447,"No"
22448,"No"
22449,"No"
22450,"No"
22451,"Yes"
22452,"No"
22453,"No"
22454,"No"
22455,"No"
22456,"Yes"
22457,"Yes"
22458,"No"
22459,"No"
22460,"Yes"
22461,"No"
22462,"No"
22463,"No"
22464,"No"
22465,"No"
22466,"No"
22467,"No"
22468,"Yes"
22469,"No"
22470,"No"
22471,"No"
22472,"No"
22473,"No"
22474,"No"
22475,"Yes"
22476,"No"
22477,"Yes"
22478,"No"
22479,"No"
22480,"No"
22481,"No"
22482,"Yes"
22483,"No"
22484,"Yes"
22485,"No"
22486,"No"
22487,"No"
22488,"No"
22489,"No"
22490,"Yes"
22491,"Yes"
22492,"No"
22493,"No"
22494,"Yes"
22495,"Yes"
22496,"No"
22497,"No"
22498,"No"
22499,"Yes"
22500,"No"
22501,"Yes"
22502,"Yes"
22503,"Yes"
22504,"No"
22505,"Yes"
22506,"No"
22507,"Yes"
22508,"No"
22509,"Yes"
22510,"No"
22511,"No"
22512,"No"
22513,"No"
22514,"Yes"
22515,"Yes"
22516,"Yes"
22517,"Yes"
22518,"Yes"
22519,"No"
22520,"No"
22521,"Yes"
22522,"Yes"
22523,"No"
22524,"No"
22525,"Yes"
22526,"Yes"
22527,"Yes"
22528,"No"
22529,"No"
22530,"No"
22531,"Yes"
22532,"Yes"
22533,"No"
22534,"No"
22535,"Yes"
22536,"No"
22537,"Yes"
22538,"No"
22539,"No"
22540,"Yes"
22541,"No"
22542,"No"
22543,"No"
22544,"No"
22545,"No"
22546,"No"
22547,"Yes"
22548,"Yes"
22549,"No"
22550,"No"
22551,"Yes"
22552,"Yes"
22553,"Yes"
22554,"Yes"
22555,"No"
22556,"No"
22557,"No"
22558,"No"
22559,"No"
22560,"No"
22561,"No"
22562,"No"
22563,"Yes"
22564,"Yes"
22565,"No"
22566,"No"
22567,"No"
22568,"No"
22569,"No"
22570,"No"
22571,"No"
22572,"No"
22573,"No"
22574,"Yes"
22575,"Yes"
22576,"No"
22577,"No"
22578,"Yes"
22579,"No"
22580,"Yes"
22581,"No"
22582,"No"
22583,"No"
22584,"Yes"
22585,"No"
22586,"No"
22587,"Yes"
22588,"No"
22589,"No"
22590,"Yes"
22591,"No"
22592,"No"
22593,"Yes"
22594,"Yes"
22595,"No"
22596,"No"
22597,"No"
22598,"No"
22599,"No"
22600,"Yes"
22601,"Yes"
22602,"No"
22603,"Yes"
22604,"No"
22605,"Yes"
22606,"No"
22607,"No"
22608,"Yes"
22609,"No"
22610,"No"
22611,"No"
22612,"No"
22613,"No"
22614,"No"
22615,"No"
22616,"No"
22617,"No"
22618,"No"
22619,"No"
22620,"No"
22621,"No"
22622,"No"
22623,"Yes"
22624,"No"
22625,"No"
22626,"Yes"
22627,"Yes"
22628,"Yes"
22629,"No"
22630,"Yes"
22631,"Yes"
22632,"No"
22633,"No"
22634,"No"
22635,"No"
22636,"Yes"
22637,"No"
22638,"No"
22639,"No"
22640,"Yes"
22641,"No"
22642,"No"
22643,"No"
22644,"No"
22645,"No"
22646,"Yes"
22647,"No"
22648,"No"
22649,"No"
22650,"Yes"
22651,"No"
22652,"Yes"
22653,"No"
22654,"No"
22655,"No"
22656,"Yes"
22657,"No"
22658,"No"
22659,"No"
22660,"No"
22661,"No"
22662,"Yes"
22663,"No"
22664,"Yes"
22665,"No"
22666,"No"
22667,"No"
22668,"Yes"
22669,"No"
22670,"No"
22671,"No"
22672,"No"
22673,"No"
22674,"No"
22675,"Yes"
22676,"No"
22677,"No"
22678,"No"
22679,"No"
22680,"Yes"
22681,"Yes"
22682,"Yes"
22683,"No"
22684,"No"
22685,"No"
22686,"Yes"
22687,"No"
22688,"No"
22689,"No"
22690,"No"
22691,"No"
22692,"No"
22693,"No"
22694,"No"
22695,"No"
22696,"Yes"
22697,"No"
22698,"No"
22699,"No"
22700,"No"
22701,"No"
22702,"Yes"
22703,"No"
22704,"Yes"
22705,"No"
22706,"No"
22707,"No"
22708,"Yes"
22709,"No"
22710,"Yes"
22711,"Yes"
22712,"Yes"
22713,"No"
22714,"No"
22715,"No"
22716,"No"
22717,"Yes"
22718,"No"
22719,"Yes"
22720,"Yes"
22721,"No"
22722,"No"
22723,"Yes"
22724,"No"
22725,"No"
22726,"No"
22727,"Yes"
22728,"Yes"
22729,"Yes"
22730,"No"
22731,"Yes"
22732,"No"
22733,"No"
22734,"No"
22735,"Yes"
22736,"Yes"
22737,"Yes"
22738,"Yes"
22739,"No"
22740,"Yes"
22741,"No"
22742,"No"
22743,"No"
22744,"Yes"
22745,"Yes"
22746,"No"
22747,"No"
22748,"No"
22749,"No"
22750,"Yes"
22751,"No"
22752,"Yes"
22753,"No"
22754,"Yes"
22755,"Yes"
22756,"Yes"
22757,"No"
22758,"No"
22759,"No"
22760,"Yes"
22761,"No"
22762,"Yes"
22763,"Yes"
22764,"No"
22765,"No"
22766,"No"
22767,"No"
22768,"No"
22769,"No"
22770,"No"
22771,"No"
22772,"Yes"
22773,"Yes"
22774,"Yes"
22775,"No"
22776,"No"
22777,"Yes"
22778,"No"
22779,"No"
22780,"No"
22781,"No"
22782,"No"
22783,"No"
22784,"No"
22785,"No"
22786,"No"
22787,"No"
22788,"No"
22789,"No"
22790,"No"
22791,"Yes"
22792,"No"
22793,"No"
22794,"No"
22795,"Yes"
22796,"No"
22797,"No"
22798,"No"
22799,"No"
22800,"No"
22801,"No"
22802,"Yes"
22803,"No"
22804,"Yes"
22805,"Yes"
22806,"No"
22807,"Yes"
22808,"Yes"
22809,"No"
22810,"No"
22811,"Yes"
22812,"Yes"
22813,"No"
22814,"No"
22815,"Yes"
22816,"Yes"
22817,"No"
22818,"No"
22819,"No"
22820,"No"
22821,"No"
22822,"No"
22823,"No"
22824,"Yes"
22825,"Yes"
22826,"No"
22827,"Yes"
22828,"Yes"
22829,"Yes"
22830,"Yes"
22831,"Yes"
22832,"Yes"
22833,"Yes"
22834,"No"
22835,"No"
22836,"No"
22837,"Yes"
22838,"Yes"
22839,"Yes"
22840,"No"
22841,"No"
22842,"No"
22843,"No"
22844,"No"
22845,"Yes"
22846,"No"
22847,"No"
22848,"No"
22849,"No"
22850,"No"
22851,"Yes"
22852,"No"
22853,"No"
22854,"No"
22855,"Yes"
22856,"No"
22857,"Yes"
22858,"No"
22859,"No"
22860,"Yes"
22861,"Yes"
22862,"No"
22863,"No"
22864,"No"
22865,"Yes"
22866,"No"
22867,"No"
22868,"Yes"
22869,"No"
22870,"Yes"
22871,"No"
22872,"No"
22873,"No"
22874,"No"
22875,"No"
22876,"No"
22877,"Yes"
22878,"No"
22879,"Yes"
22880,"No"
22881,"No"
22882,"No"
22883,"No"
22884,"Yes"
22885,"No"
22886,"Yes"
22887,"Yes"
22888,"Yes"
22889,"No"
22890,"No"
22891,"No"
22892,"No"
22893,"No"
22894,"No"
22895,"No"
22896,"No"
22897,"Yes"
22898,"No"
22899,"No"
22900,"No"
22901,"Yes"
22902,"No"
22903,"No"
22904,"No"
22905,"No"
22906,"No"
22907,"No"
22908,"No"
22909,"No"
22910,"No"
22911,"No"
22912,"No"
22913,"No"
22914,"No"
22915,"Yes"
22916,"No"
22917,"Yes"
22918,"No"
22919,"Yes"
22920,"Yes"
22921,"No"
22922,"Yes"
22923,"Yes"
22924,"Yes"
22925,"Yes"
22926,"Yes"
22927,"No"
22928,"No"
22929,"No"
22930,"No"
22931,"No"
22932,"No"
22933,"No"
22934,"No"
22935,"Yes"
22936,"No"
22937,"No"
22938,"No"
22939,"No"
22940,"No"
22941,"No"
22942,"Yes"
22943,"Yes"
22944,"No"
22945,"Yes"
22946,"Yes"
22947,"Yes"
22948,"No"
22949,"No"
22950,"No"
22951,"Yes"
22952,"No"
22953,"No"
22954,"No"
22955,"No"
22956,"No"
22957,"No"
22958,"No"
22959,"No"
22960,"Yes"
22961,"No"
22962,"No"
22963,"No"
22964,"No"
22965,"No"
22966,"No"
22967,"No"
22968,"Yes"
22969,"No"
22970,"No"
22971,"No"
22972,"Yes"
22973,"Yes"
22974,"No"
22975,"No"
22976,"Yes"
22977,"No"
22978,"Yes"
22979,"Yes"
22980,"No"
22981,"Yes"
22982,"No"
22983,"No"
22984,"Yes"
22985,"No"
22986,"No"
22987,"Yes"
22988,"No"
22989,"Yes"
22990,"No"
22991,"No"
22992,"No"
22993,"No"
22994,"No"
22995,"Yes"
22996,"No"
22997,"No"
22998,"Yes"
22999,"No"
23000,"No"
23001,"Yes"
23002,"No"
23003,"No"
23004,"Yes"
23005,"No"
23006,"Yes"
23007,"Yes"
23008,"No"
23009,"Yes"
23010,"No"
23011,"Yes"
23012,"No"
23013,"No"
23014,"No"
23015,"Yes"
23016,"No"
23017,"No"
23018,"No"
23019,"No"
23020,"Yes"
23021,"No"
23022,"No"
23023,"No"
23024,"No"
23025,"No"
23026,"No"
23027,"No"
23028,"No"
23029,"Yes"
23030,"No"
23031,"No"
23032,"No"
23033,"No"
23034,"No"
23035,"Yes"
23036,"No"
23037,"No"
23038,"No"
23039,"No"
23040,"No"
23041,"No"
23042,"Yes"
23043,"No"
23044,"No"
23045,"No"
23046,"No"
23047,"Yes"
23048,"Yes"
23049,"Yes"
23050,"Yes"
23051,"Yes"
23052,"Yes"
23053,"No"
23054,"Yes"
23055,"No"
23056,"No"
23057,"No"
23058,"No"
23059,"No"
23060,"Yes"
23061,"Yes"
23062,"No"
23063,"No"
23064,"No"
23065,"No"
23066,"Yes"
23067,"No"
23068,"No"
23069,"Yes"
23070,"Yes"
23071,"No"
23072,"No"
23073,"Yes"
23074,"No"
23075,"Yes"
23076,"No"
23077,"Yes"
23078,"Yes"
23079,"No"
23080,"No"
23081,"No"
23082,"Yes"
23083,"Yes"
23084,"No"
23085,"Yes"
23086,"No"
23087,"Yes"
23088,"No"
23089,"No"
23090,"Yes"
23091,"Yes"
23092,"No"
23093,"Yes"
23094,"No"
23095,"Yes"
23096,"Yes"
23097,"Yes"
23098,"No"
23099,"Yes"
23100,"No"
23101,"No"
23102,"Yes"
23103,"Yes"
23104,"No"
23105,"Yes"
23106,"No"
23107,"No"
23108,"No"
23109,"Yes"
23110,"Yes"
23111,"No"
23112,"No"
23113,"No"
23114,"Yes"
23115,"Yes"
23116,"Yes"
23117,"Yes"
23118,"No"
23119,"No"
23120,"No"
23121,"No"
23122,"No"
23123,"No"
23124,"No"
23125,"No"
23126,"No"
23127,"No"
23128,"No"
23129,"Yes"
23130,"No"
23131,"No"
23132,"No"
23133,"Yes"
23134,"No"
23135,"No"
23136,"Yes"
23137,"No"
23138,"Yes"
23139,"No"
23140,"No"
23141,"No"
23142,"No"
23143,"No"
23144,"No"
23145,"No"
23146,"No"
23147,"No"
23148,"No"
23149,"No"
23150,"No"
23151,"No"
23152,"No"
23153,"No"
23154,"No"
23155,"No"
23156,"No"
23157,"No"
23158,"No"
23159,"No"
23160,"No"
23161,"No"
23162,"No"
23163,"No"
23164,"No"
23165,"Yes"
23166,"Yes"
23167,"Yes"
23168,"Yes"
23169,"No"
23170,"No"
23171,"Yes"
23172,"No"
23173,"No"
23174,"Yes"
23175,"Yes"
23176,"No"
23177,"No"
23178,"No"
23179,"Yes"
23180,"Yes"
23181,"Yes"
23182,"No"
23183,"No"
23184,"Yes"
23185,"No"
23186,"No"
23187,"No"
23188,"Yes"
23189,"No"
23190,"No"
23191,"No"
23192,"Yes"
23193,"No"
23194,"No"
23195,"Yes"
23196,"No"
23197,"No"
23198,"No"
23199,"Yes"
23200,"Yes"
23201,"Yes"
23202,"No"
23203,"No"
23204,"Yes"
23205,"No"
23206,"No"
23207,"No"
23208,"Yes"
23209,"Yes"
23210,"No"
23211,"No"
23212,"No"
23213,"Yes"
23214,"No"
23215,"No"
23216,"No"
23217,"No"
23218,"No"
23219,"Yes"
23220,"No"
23221,"Yes"
23222,"No"
23223,"Yes"
23224,"No"
23225,"Yes"
23226,"No"
23227,"No"
23228,"No"
23229,"No"
23230,"No"
23231,"Yes"
23232,"No"
23233,"Yes"
23234,"Yes"
23235,"No"
23236,"Yes"
23237,"No"
23238,"Yes"
23239,"No"
23240,"No"
23241,"Yes"
23242,"Yes"
23243,"Yes"
23244,"No"
23245,"Yes"
23246,"Yes"
23247,"No"
23248,"No"
23249,"Yes"
23250,"No"
23251,"Yes"
23252,"No"
23253,"Yes"
23254,"No"
23255,"Yes"
23256,"Yes"
23257,"Yes"
23258,"No"
23259,"Yes"
23260,"No"
23261,"Yes"
23262,"Yes"
23263,"Yes"
23264,"No"
23265,"No"
23266,"No"
23267,"No"
23268,"No"
23269,"No"
23270,"No"
23271,"No"
23272,"No"
23273,"No"
23274,"No"
23275,"No"
23276,"No"
23277,"No"
23278,"No"
23279,"Yes"
23280,"No"
23281,"Yes"
23282,"No"
23283,"No"
23284,"No"
23285,"No"
23286,"No"
23287,"Yes"
23288,"No"
23289,"No"
23290,"Yes"
23291,"No"
23292,"Yes"
23293,"No"
23294,"No"
23295,"Yes"
23296,"Yes"
23297,"No"
23298,"No"
23299,"No"
23300,"No"
23301,"No"
23302,"No"
23303,"Yes"
23304,"Yes"
23305,"No"
23306,"No"
23307,"Yes"
23308,"No"
23309,"Yes"
23310,"No"
23311,"Yes"
23312,"No"
23313,"No"
23314,"No"
23315,"No"
23316,"No"
23317,"No"
23318,"No"
23319,"Yes"
23320,"No"
23321,"No"
23322,"No"
23323,"No"
23324,"No"
23325,"No"
23326,"No"
23327,"Yes"
23328,"Yes"
23329,"No"
23330,"No"
23331,"No"
23332,"Yes"
23333,"No"
23334,"No"
23335,"Yes"
23336,"No"
23337,"Yes"
23338,"No"
23339,"No"
23340,"No"
23341,"Yes"
23342,"No"
23343,"Yes"
23344,"Yes"
23345,"No"
23346,"No"
23347,"Yes"
23348,"No"
23349,"No"
23350,"No"
23351,"Yes"
23352,"No"
23353,"Yes"
23354,"Yes"
23355,"Yes"
23356,"Yes"
23357,"No"
23358,"No"
23359,"No"
23360,"Yes"
23361,"No"
23362,"No"
23363,"No"
23364,"Yes"
23365,"Yes"
23366,"No"
23367,"Yes"
23368,"No"
23369,"No"
23370,"Yes"
23371,"No"
23372,"No"
23373,"No"
23374,"No"
23375,"No"
23376,"No"
23377,"No"
23378,"No"
23379,"No"
23380,"No"
23381,"No"
23382,"No"
23383,"No"
23384,"No"
23385,"No"
23386,"Yes"
23387,"Yes"
23388,"No"
23389,"Yes"
23390,"No"
23391,"No"
23392,"No"
23393,"No"
23394,"No"
23395,"No"
23396,"Yes"
23397,"Yes"
23398,"No"
23399,"Yes"
23400,"Yes"
23401,"No"
23402,"No"
23403,"No"
23404,"Yes"
23405,"No"
23406,"No"
23407,"No"
23408,"No"
23409,"No"
23410,"Yes"
23411,"Yes"
23412,"No"
23413,"No"
23414,"No"
23415,"No"
23416,"Yes"
23417,"Yes"
23418,"No"
23419,"No"
23420,"Yes"
23421,"Yes"
23422,"Yes"
23423,"No"
23424,"No"
23425,"No"
23426,"Yes"
23427,"No"
23428,"No"
23429,"No"
23430,"Yes"
23431,"No"
23432,"Yes"
23433,"No"
23434,"No"
23435,"No"
23436,"Yes"
23437,"No"
23438,"No"
23439,"No"
23440,"Yes"
23441,"Yes"
23442,"No"
23443,"No"
23444,"Yes"
23445,"No"
23446,"No"
23447,"No"
23448,"Yes"
23449,"No"
23450,"No"
23451,"No"
23452,"Yes"
23453,"No"
23454,"No"
23455,"No"
23456,"Yes"
23457,"No"
23458,"Yes"
23459,"No"
23460,"No"
23461,"No"
23462,"No"
23463,"No"
23464,"Yes"
23465,"Yes"
23466,"No"
23467,"Yes"
23468,"Yes"
23469,"No"
23470,"Yes"
23471,"No"
23472,"No"
23473,"No"
23474,"Yes"
23475,"Yes"
23476,"No"
23477,"No"
23478,"No"
23479,"No"
23480,"No"
23481,"No"
23482,"Yes"
23483,"No"
23484,"Yes"
23485,"No"
23486,"No"
23487,"No"
23488,"No"
23489,"Yes"
23490,"Yes"
23491,"No"
23492,"No"
23493,"No"
23494,"Yes"
23495,"No"
23496,"No"
23497,"No"
23498,"Yes"
23499,"No"
23500,"No"
23501,"Yes"
23502,"Yes"
23503,"No"
23504,"Yes"
23505,"No"
23506,"Yes"
23507,"No"
23508,"No"
23509,"Yes"
23510,"Yes"
23511,"Yes"
23512,"No"
23513,"Yes"
23514,"Yes"
23515,"Yes"
23516,"Yes"
23517,"No"
23518,"No"
23519,"No"
23520,"Yes"
23521,"Yes"
23522,"No"
23523,"Yes"
23524,"No"
23525,"No"
23526,"No"
23527,"No"
23528,"Yes"
23529,"No"
23530,"No"
23531,"No"
23532,"No"
23533,"Yes"
23534,"No"
23535,"No"
23536,"No"
23537,"No"
23538,"Yes"
23539,"Yes"
23540,"No"
23541,"No"
23542,"Yes"
23543,"Yes"
23544,"No"
23545,"No"
23546,"No"
23547,"No"
23548,"Yes"
23549,"No"
23550,"Yes"
23551,"Yes"
23552,"No"
23553,"Yes"
23554,"Yes"
23555,"No"
23556,"No"
23557,"No"
23558,"Yes"
23559,"No"
23560,"No"
23561,"Yes"
23562,"No"
23563,"Yes"
23564,"No"
23565,"No"
23566,"No"
23567,"Yes"
23568,"No"
23569,"No"
23570,"Yes"
23571,"No"
23572,"No"
23573,"No"
23574,"Yes"
23575,"No"
23576,"No"
23577,"Yes"
23578,"Yes"
23579,"No"
23580,"Yes"
23581,"Yes"
23582,"Yes"
23583,"No"
23584,"No"
23585,"Yes"
23586,"No"
23587,"No"
23588,"Yes"
23589,"Yes"
23590,"Yes"
23591,"No"
23592,"Yes"
23593,"Yes"
23594,"Yes"
23595,"No"
23596,"No"
23597,"No"
23598,"No"
23599,"No"
23600,"No"
23601,"No"
23602,"Yes"
23603,"No"
23604,"No"
23605,"No"
23606,"No"
23607,"Yes"
23608,"Yes"
23609,"Yes"
23610,"No"
23611,"No"
23612,"No"
23613,"Yes"
23614,"No"
23615,"Yes"
23616,"No"
23617,"No"
23618,"Yes"
23619,"No"
23620,"No"
23621,"No"
23622,"Yes"
23623,"No"
23624,"Yes"
23625,"Yes"
23626,"Yes"
23627,"Yes"
23628,"Yes"
23629,"No"
23630,"No"
23631,"No"
23632,"Yes"
23633,"No"
23634,"No"
23635,"No"
23636,"No"
23637,"No"
23638,"No"
23639,"Yes"
23640,"No"
23641,"Yes"
23642,"No"
23643,"No"
23644,"No"
23645,"Yes"
23646,"No"
23647,"No"
23648,"No"
23649,"Yes"
23650,"Yes"
23651,"No"
23652,"No"
23653,"Yes"
23654,"Yes"
23655,"No"
23656,"No"
23657,"No"
23658,"No"
23659,"Yes"
23660,"No"
23661,"No"
23662,"No"
23663,"Yes"
23664,"No"
23665,"Yes"
23666,"No"
23667,"Yes"
23668,"No"
23669,"Yes"
23670,"No"
23671,"No"
23672,"Yes"
23673,"Yes"
23674,"Yes"
23675,"No"
23676,"Yes"
23677,"Yes"
23678,"No"
23679,"No"
23680,"No"
23681,"Yes"
23682,"Yes"
23683,"No"
23684,"Yes"
23685,"Yes"
23686,"No"
23687,"No"
23688,"No"
23689,"Yes"
23690,"Yes"
23691,"No"
23692,"Yes"
23693,"Yes"
23694,"No"
23695,"Yes"
23696,"Yes"
23697,"No"
23698,"Yes"
23699,"Yes"
23700,"No"
23701,"No"
23702,"No"
23703,"Yes"
23704,"No"
23705,"No"
23706,"Yes"
23707,"No"
23708,"No"
23709,"No"
23710,"No"
23711,"No"
23712,"Yes"
23713,"No"
23714,"Yes"
23715,"Yes"
23716,"No"
23717,"No"
23718,"Yes"
23719,"No"
23720,"No"
23721,"Yes"
23722,"No"
23723,"No"
23724,"No"
23725,"No"
23726,"No"
23727,"Yes"
23728,"Yes"
23729,"No"
23730,"No"
23731,"No"
23732,"No"
23733,"Yes"
23734,"No"
23735,"No"
23736,"No"
23737,"No"
23738,"Yes"
23739,"Yes"
23740,"Yes"
23741,"No"
23742,"No"
23743,"Yes"
23744,"No"
23745,"Yes"
23746,"Yes"
23747,"No"
23748,"Yes"
23749,"Yes"
23750,"Yes"
23751,"No"
23752,"Yes"
23753,"Yes"
23754,"No"
23755,"No"
23756,"Yes"
23757,"No"
23758,"No"
23759,"Yes"
23760,"No"
23761,"No"
23762,"No"
23763,"No"
23764,"No"
23765,"No"
23766,"No"
23767,"No"
23768,"No"
23769,"No"
23770,"No"
23771,"No"
23772,"Yes"
23773,"No"
23774,"No"
23775,"Yes"
23776,"No"
23777,"No"
23778,"No"
23779,"Yes"
23780,"No"
23781,"Yes"
23782,"Yes"
23783,"No"
23784,"No"
23785,"No"
23786,"No"
23787,"No"
23788,"Yes"
23789,"Yes"
23790,"No"
23791,"Yes"
23792,"No"
23793,"No"
23794,"No"
23795,"No"
23796,"No"
23797,"Yes"
23798,"No"
23799,"No"
23800,"Yes"
23801,"No"
23802,"Yes"
23803,"Yes"
23804,"Yes"
23805,"Yes"
23806,"No"
23807,"No"
23808,"Yes"
23809,"No"
23810,"Yes"
23811,"Yes"
23812,"No"
23813,"No"
23814,"No"
23815,"Yes"
23816,"No"
23817,"Yes"
23818,"Yes"
23819,"No"
23820,"Yes"
23821,"No"
23822,"Yes"
23823,"Yes"
23824,"Yes"
23825,"Yes"
23826,"No"
23827,"No"
23828,"No"
23829,"No"
23830,"Yes"
23831,"Yes"
23832,"No"
23833,"Yes"
23834,"No"
23835,"Yes"
23836,"Yes"
23837,"Yes"
23838,"No"
23839,"Yes"
23840,"No"
23841,"No"
23842,"No"
23843,"No"
23844,"No"
23845,"No"
23846,"Yes"
23847,"No"
23848,"Yes"
23849,"Yes"
23850,"No"
23851,"No"
23852,"No"
23853,"No"
23854,"No"
23855,"No"
23856,"No"
23857,"Yes"
23858,"No"
23859,"No"
23860,"No"
23861,"No"
23862,"No"
23863,"Yes"
23864,"No"
23865,"No"
23866,"No"
23867,"No"
23868,"Yes"
23869,"No"
23870,"No"
23871,"Yes"
23872,"Yes"
23873,"No"
23874,"Yes"
23875,"No"
23876,"No"
23877,"No"
23878,"No"
23879,"Yes"
23880,"No"
23881,"Yes"
23882,"No"
23883,"No"
23884,"Yes"
23885,"No"
23886,"No"
23887,"Yes"
23888,"Yes"
23889,"Yes"
23890,"Yes"
23891,"No"
23892,"No"
23893,"No"
23894,"No"
23895,"Yes"
23896,"No"
23897,"No"
23898,"No"
23899,"No"
23900,"No"
23901,"No"
23902,"Yes"
23903,"Yes"
23904,"Yes"
23905,"Yes"
23906,"No"
23907,"No"
23908,"No"
23909,"Yes"
23910,"Yes"
23911,"No"
23912,"Yes"
23913,"Yes"
23914,"No"
23915,"No"
23916,"No"
23917,"Yes"
23918,"No"
23919,"Yes"
23920,"Yes"
23921,"Yes"
23922,"No"
23923,"Yes"
23924,"No"
23925,"No"
23926,"No"
23927,"Yes"
23928,"No"
23929,"Yes"
23930,"No"
23931,"Yes"
23932,"Yes"
23933,"No"
23934,"No"
23935,"Yes"
23936,"No"
23937,"No"
23938,"No"
23939,"No"
23940,"No"
23941,"Yes"
23942,"Yes"
23943,"No"
23944,"No"
23945,"Yes"
23946,"Yes"
23947,"Yes"
23948,"No"
23949,"Yes"
23950,"No"
23951,"Yes"
23952,"Yes"
23953,"Yes"
23954,"No"
23955,"Yes"
23956,"No"
23957,"No"
23958,"No"
23959,"Yes"
23960,"No"
23961,"Yes"
23962,"No"
23963,"No"
23964,"Yes"
23965,"No"
23966,"No"
23967,"No"
23968,"Yes"
23969,"No"
23970,"No"
23971,"Yes"
23972,"Yes"
23973,"No"
23974,"No"
23975,"No"
23976,"No"
23977,"No"
23978,"Yes"
23979,"No"
23980,"No"
23981,"No"
23982,"Yes"
23983,"No"
23984,"Yes"
23985,"No"
23986,"Yes"
23987,"No"
23988,"No"
23989,"No"
23990,"No"
23991,"No"
23992,"No"
23993,"No"
23994,"Yes"
23995,"Yes"
23996,"No"
23997,"No"
23998,"Yes"
23999,"No"
24000,"Yes"
24001,"Yes"
24002,"No"
24003,"Yes"
24004,"Yes"
24005,"No"
24006,"Yes"
24007,"No"
24008,"No"
24009,"No"
24010,"Yes"
24011,"No"
24012,"No"
24013,"No"
24014,"No"
24015,"No"
24016,"No"
24017,"Yes"
24018,"No"
24019,"No"
24020,"No"
24021,"Yes"
24022,"Yes"
24023,"No"
24024,"No"
24025,"Yes"
24026,"No"
24027,"Yes"
24028,"No"
24029,"Yes"
24030,"Yes"
24031,"No"
24032,"No"
24033,"No"
24034,"Yes"
24035,"No"
24036,"Yes"
24037,"No"
24038,"No"
24039,"Yes"
24040,"Yes"
24041,"Yes"
24042,"Yes"
24043,"No"
24044,"No"
24045,"Yes"
24046,"Yes"
24047,"No"
24048,"No"
24049,"No"
24050,"No"
24051,"No"
24052,"No"
24053,"No"
24054,"No"
24055,"Yes"
24056,"No"
24057,"No"
24058,"No"
24059,"No"
24060,"No"
24061,"No"
24062,"No"
24063,"Yes"
24064,"No"
24065,"No"
24066,"Yes"
24067,"No"
24068,"No"
24069,"No"
24070,"Yes"
24071,"Yes"
24072,"Yes"
24073,"Yes"
24074,"No"
24075,"No"
24076,"Yes"
24077,"No"
24078,"No"
24079,"No"
24080,"Yes"
24081,"No"
24082,"No"
24083,"Yes"
24084,"No"
24085,"No"
24086,"Yes"
24087,"Yes"
24088,"No"
24089,"No"
24090,"No"
24091,"No"
24092,"No"
24093,"No"
24094,"No"
24095,"No"
24096,"Yes"
24097,"No"
24098,"No"
24099,"Yes"
24100,"No"
24101,"No"
24102,"Yes"
24103,"Yes"
24104,"No"
24105,"No"
24106,"Yes"
24107,"No"
24108,"Yes"
24109,"No"
24110,"No"
24111,"Yes"
24112,"No"
24113,"Yes"
24114,"No"
24115,"Yes"
24116,"Yes"
24117,"No"
24118,"Yes"
24119,"No"
24120,"Yes"
24121,"No"
24122,"No"
24123,"No"
24124,"Yes"
24125,"Yes"
24126,"Yes"
24127,"No"
24128,"No"
24129,"No"
24130,"No"
24131,"No"
24132,"Yes"
24133,"Yes"
24134,"No"
24135,"No"
24136,"Yes"
24137,"No"
24138,"Yes"
24139,"Yes"
24140,"No"
24141,"No"
24142,"No"
24143,"No"
24144,"Yes"
24145,"No"
24146,"Yes"
24147,"No"
24148,"No"
24149,"No"
24150,"Yes"
24151,"No"
24152,"No"
24153,"No"
24154,"No"
24155,"No"
24156,"Yes"
24157,"Yes"
24158,"Yes"
24159,"No"
24160,"No"
24161,"No"
24162,"No"
24163,"No"
24164,"No"
24165,"No"
24166,"Yes"
24167,"No"
24168,"Yes"
24169,"No"
24170,"Yes"
24171,"Yes"
24172,"No"
24173,"No"
24174,"No"
24175,"No"
24176,"Yes"
24177,"Yes"
24178,"No"
24179,"No"
24180,"No"
24181,"No"
24182,"No"
24183,"Yes"
24184,"No"
24185,"No"
24186,"Yes"
24187,"No"
24188,"Yes"
24189,"No"
24190,"Yes"
24191,"No"
24192,"Yes"
24193,"No"
24194,"Yes"
24195,"Yes"
24196,"Yes"
24197,"No"
24198,"No"
24199,"Yes"
24200,"No"
24201,"No"
24202,"No"
24203,"No"
24204,"No"
24205,"Yes"
24206,"No"
24207,"No"
24208,"No"
24209,"Yes"
24210,"No"
24211,"No"
24212,"No"
24213,"Yes"
24214,"No"
24215,"Yes"
24216,"No"
24217,"No"
24218,"No"
24219,"Yes"
24220,"Yes"
24221,"No"
24222,"Yes"
24223,"No"
24224,"No"
24225,"No"
24226,"No"
24227,"No"
24228,"Yes"
24229,"No"
24230,"No"
24231,"No"
24232,"No"
24233,"No"
24234,"No"
24235,"No"
24236,"Yes"
24237,"No"
24238,"No"
24239,"No"
24240,"Yes"
24241,"No"
24242,"No"
24243,"No"
24244,"No"
24245,"Yes"
24246,"Yes"
24247,"Yes"
24248,"No"
24249,"No"
24250,"Yes"
24251,"No"
24252,"Yes"
24253,"No"
24254,"No"
24255,"No"
24256,"Yes"
24257,"No"
24258,"Yes"
24259,"No"
24260,"Yes"
24261,"No"
24262,"No"
24263,"No"
24264,"No"
24265,"No"
24266,"Yes"
24267,"Yes"
24268,"Yes"
24269,"Yes"
24270,"No"
24271,"Yes"
24272,"No"
24273,"No"
24274,"Yes"
24275,"Yes"
24276,"Yes"
24277,"Yes"
24278,"No"
24279,"No"
24280,"No"
24281,"Yes"
24282,"No"
24283,"No"
24284,"No"
24285,"No"
24286,"No"
24287,"No"
24288,"Yes"
24289,"Yes"
24290,"No"
24291,"No"
24292,"No"
24293,"No"
24294,"No"
24295,"Yes"
24296,"No"
24297,"Yes"
24298,"No"
24299,"Yes"
24300,"Yes"
24301,"No"
24302,"No"
24303,"No"
24304,"No"
24305,"No"
24306,"No"
24307,"No"
24308,"No"
24309,"Yes"
24310,"No"
24311,"No"
24312,"No"
24313,"No"
24314,"Yes"
24315,"No"
24316,"No"
24317,"No"
24318,"No"
24319,"No"
24320,"No"
24321,"Yes"
24322,"No"
24323,"No"
24324,"No"
24325,"No"
24326,"No"
24327,"No"
24328,"Yes"
24329,"Yes"
24330,"Yes"
24331,"Yes"
24332,"No"
24333,"No"
24334,"Yes"
24335,"No"
24336,"No"
24337,"No"
24338,"No"
24339,"No"
24340,"No"
24341,"No"
24342,"Yes"
24343,"No"
24344,"Yes"
24345,"No"
24346,"No"
24347,"No"
24348,"Yes"
24349,"No"
24350,"No"
24351,"No"
24352,"No"
24353,"Yes"
24354,"Yes"
24355,"No"
24356,"No"
24357,"Yes"
24358,"Yes"
24359,"No"
24360,"No"
24361,"No"
24362,"No"
24363,"Yes"
24364,"No"
24365,"No"
24366,"No"
24367,"Yes"
24368,"Yes"
24369,"Yes"
24370,"Yes"
24371,"Yes"
24372,"No"
24373,"No"
24374,"Yes"
24375,"Yes"
24376,"Yes"
24377,"No"
24378,"No"
24379,"Yes"
24380,"Yes"
24381,"No"
24382,"No"
24383,"Yes"
24384,"No"
24385,"Yes"
24386,"No"
24387,"Yes"
24388,"No"
24389,"Yes"
24390,"No"
24391,"Yes"
24392,"Yes"
24393,"No"
24394,"No"
24395,"No"
24396,"Yes"
24397,"No"
24398,"Yes"
24399,"No"
24400,"Yes"
24401,"No"
24402,"No"
24403,"Yes"
24404,"No"
24405,"No"
24406,"No"
24407,"No"
24408,"No"
24409,"No"
24410,"Yes"
24411,"No"
24412,"No"
24413,"No"
24414,"Yes"
24415,"No"
24416,"No"
24417,"No"
24418,"No"
24419,"Yes"
24420,"No"
24421,"Yes"
24422,"No"
24423,"No"
24424,"No"
24425,"Yes"
24426,"Yes"
24427,"No"
24428,"No"
24429,"Yes"
24430,"No"
24431,"No"
24432,"No"
24433,"No"
24434,"No"
24435,"No"
24436,"No"
24437,"No"
24438,"No"
24439,"Yes"
24440,"Yes"
24441,"Yes"
24442,"Yes"
24443,"No"
24444,"Yes"
24445,"No"
24446,"No"
24447,"No"
24448,"No"
24449,"No"
24450,"No"
24451,"Yes"
24452,"No"
24453,"Yes"
24454,"Yes"
24455,"No"
24456,"Yes"
24457,"Yes"
24458,"No"
24459,"Yes"
24460,"Yes"
24461,"Yes"
24462,"No"
24463,"No"
24464,"No"
24465,"No"
24466,"Yes"
24467,"No"
24468,"No"
24469,"No"
24470,"No"
24471,"No"
24472,"No"
24473,"No"
24474,"No"
24475,"No"
24476,"Yes"
24477,"No"
24478,"No"
24479,"Yes"
24480,"No"
24481,"No"
24482,"No"
24483,"No"
24484,"No"
24485,"No"
24486,"No"
24487,"No"
24488,"No"
24489,"No"
24490,"Yes"
24491,"Yes"
24492,"No"
24493,"No"
24494,"No"
24495,"No"
24496,"Yes"
24497,"No"
24498,"No"
24499,"Yes"
24500,"Yes"
24501,"No"
24502,"Yes"
24503,"Yes"
24504,"Yes"
24505,"No"
24506,"No"
24507,"Yes"
24508,"No"
24509,"Yes"
24510,"Yes"
24511,"No"
24512,"Yes"
24513,"No"
24514,"Yes"
24515,"Yes"
24516,"No"
24517,"No"
24518,"No"
24519,"No"
24520,"No"
24521,"No"
24522,"No"
24523,"Yes"
24524,"Yes"
24525,"No"
24526,"No"
24527,"No"
24528,"No"
24529,"No"
24530,"No"
24531,"No"
24532,"No"
24533,"No"
24534,"No"
24535,"No"
24536,"Yes"
24537,"Yes"
24538,"No"
24539,"Yes"
24540,"No"
24541,"No"
24542,"Yes"
24543,"Yes"
24544,"No"
24545,"No"
24546,"Yes"
24547,"No"
24548,"No"
24549,"No"
24550,"No"
24551,"Yes"
24552,"No"
24553,"Yes"
24554,"No"
24555,"No"
24556,"No"
24557,"No"
24558,"Yes"
24559,"Yes"
24560,"Yes"
24561,"No"
24562,"Yes"
24563,"Yes"
24564,"No"
24565,"Yes"
24566,"Yes"
24567,"No"
24568,"No"
24569,"No"
24570,"No"
24571,"No"
24572,"No"
24573,"No"
24574,"No"
24575,"Yes"
24576,"Yes"
24577,"Yes"
24578,"No"
24579,"Yes"
24580,"Yes"
24581,"No"
24582,"Yes"
24583,"No"
24584,"Yes"
24585,"No"
24586,"No"
24587,"No"
24588,"No"
24589,"No"
24590,"Yes"
24591,"Yes"
24592,"No"
24593,"Yes"
24594,"Yes"
24595,"No"
24596,"Yes"
24597,"Yes"
24598,"No"
24599,"No"
24600,"No"
24601,"No"
24602,"No"
24603,"No"
24604,"No"
24605,"Yes"
24606,"No"
24607,"No"
24608,"No"
24609,"No"
24610,"No"
24611,"No"
24612,"Yes"
24613,"No"
24614,"No"
24615,"No"
24616,"Yes"
24617,"No"
24618,"Yes"
24619,"Yes"
24620,"Yes"
24621,"No"
24622,"No"
24623,"Yes"
24624,"No"
24625,"No"
24626,"No"
24627,"No"
24628,"No"
24629,"No"
24630,"Yes"
24631,"No"
24632,"No"
24633,"Yes"
24634,"No"
24635,"No"
24636,"Yes"
24637,"No"
24638,"No"
24639,"No"
24640,"No"
24641,"Yes"
24642,"No"
24643,"No"
24644,"No"
24645,"Yes"
24646,"Yes"
24647,"Yes"
24648,"No"
24649,"No"
24650,"No"
24651,"Yes"
24652,"No"
24653,"No"
24654,"Yes"
24655,"No"
24656,"No"
24657,"Yes"
24658,"No"
24659,"Yes"
24660,"No"
24661,"Yes"
24662,"No"
24663,"No"
24664,"No"
24665,"No"
24666,"No"
24667,"Yes"
24668,"No"
24669,"No"
24670,"No"
24671,"Yes"
24672,"Yes"
24673,"No"
24674,"No"
24675,"No"
24676,"No"
24677,"No"
24678,"No"
24679,"Yes"
24680,"No"
24681,"Yes"
24682,"No"
24683,"No"
24684,"No"
24685,"No"
24686,"No"
24687,"No"
24688,"No"
24689,"Yes"
24690,"Yes"
24691,"No"
24692,"No"
24693,"No"
24694,"No"
24695,"No"
24696,"No"
24697,"Yes"
24698,"No"
24699,"No"
24700,"No"
24701,"Yes"
24702,"No"
24703,"No"
24704,"No"
24705,"No"
24706,"Yes"
24707,"Yes"
24708,"No"
24709,"Yes"
24710,"No"
24711,"No"
24712,"Yes"
24713,"No"
24714,"Yes"
24715,"Yes"
24716,"No"
24717,"No"
24718,"No"
24719,"No"
24720,"No"
24721,"No"
24722,"No"
24723,"No"
24724,"No"
24725,"Yes"
24726,"No"
24727,"No"
24728,"No"
24729,"No"
24730,"Yes"
24731,"No"
24732,"No"
24733,"No"
24734,"No"
24735,"No"
24736,"No"
24737,"Yes"
24738,"Yes"
24739,"No"
24740,"No"
24741,"No"
24742,"No"
24743,"No"
24744,"Yes"
24745,"No"
24746,"No"
24747,"No"
24748,"No"
24749,"No"
24750,"No"
24751,"No"
24752,"No"
24753,"No"
24754,"Yes"
24755,"No"
24756,"Yes"
24757,"Yes"
24758,"No"
24759,"No"
24760,"Yes"
24761,"No"
24762,"No"
24763,"Yes"
24764,"Yes"
24765,"No"
24766,"No"
24767,"No"
24768,"No"
24769,"Yes"
24770,"Yes"
24771,"No"
24772,"No"
24773,"No"
24774,"No"
24775,"No"
24776,"No"
24777,"Yes"
24778,"Yes"
24779,"No"
24780,"Yes"
24781,"No"
24782,"Yes"
24783,"No"
24784,"No"
24785,"Yes"
24786,"No"
24787,"No"
24788,"Yes"
24789,"Yes"
24790,"Yes"
24791,"Yes"
24792,"No"
24793,"No"
24794,"No"
24795,"No"
24796,"No"
24797,"No"
24798,"No"
24799,"No"
24800,"Yes"
24801,"Yes"
24802,"Yes"
24803,"Yes"
24804,"Yes"
24805,"No"
24806,"No"
24807,"No"
24808,"No"
24809,"No"
24810,"No"
24811,"No"
24812,"No"
24813,"No"
24814,"No"
24815,"No"
24816,"No"
24817,"No"
24818,"No"
24819,"No"
24820,"No"
24821,"No"
24822,"No"
24823,"No"
24824,"No"
24825,"No"
24826,"No"
24827,"No"
24828,"Yes"
24829,"No"
24830,"No"
24831,"Yes"
24832,"Yes"
24833,"Yes"
24834,"No"
24835,"No"
24836,"No"
24837,"Yes"
24838,"No"
24839,"Yes"
24840,"No"
24841,"No"
24842,"No"
24843,"Yes"
24844,"No"
24845,"No"
24846,"No"
24847,"No"
24848,"Yes"
24849,"No"
24850,"Yes"
24851,"No"
24852,"No"
24853,"Yes"
24854,"Yes"
24855,"No"
24856,"No"
24857,"No"
24858,"No"
24859,"Yes"
24860,"Yes"
24861,"Yes"
24862,"No"
24863,"No"
24864,"Yes"
24865,"No"
24866,"No"
24867,"No"
24868,"No"
24869,"Yes"
24870,"No"
24871,"Yes"
24872,"No"
24873,"Yes"
24874,"No"
24875,"No"
24876,"No"
24877,"No"
24878,"Yes"
24879,"No"
24880,"No"
24881,"No"
24882,"No"
24883,"No"
24884,"No"
24885,"Yes"
24886,"No"
24887,"Yes"
24888,"Yes"
24889,"Yes"
24890,"No"
24891,"No"
24892,"No"
24893,"No"
24894,"No"
24895,"No"
24896,"No"
24897,"Yes"
24898,"No"
24899,"No"
24900,"No"
24901,"No"
24902,"No"
24903,"No"
24904,"No"
24905,"Yes"
24906,"Yes"
24907,"Yes"
24908,"No"
24909,"Yes"
24910,"No"
24911,"Yes"
24912,"No"
24913,"Yes"
24914,"Yes"
24915,"No"
24916,"No"
24917,"No"
24918,"No"
24919,"No"
24920,"No"
24921,"No"
24922,"No"
24923,"No"
24924,"No"
24925,"No"
24926,"No"
24927,"No"
24928,"No"
24929,"No"
24930,"No"
24931,"Yes"
24932,"No"
24933,"No"
24934,"No"
24935,"No"
24936,"No"
24937,"Yes"
24938,"No"
24939,"No"
24940,"No"
24941,"Yes"
24942,"No"
24943,"Yes"
24944,"No"
24945,"No"
24946,"No"
24947,"Yes"
24948,"Yes"
24949,"No"
24950,"No"
24951,"No"
24952,"No"
24953,"No"
24954,"No"
24955,"Yes"
24956,"No"
24957,"No"
24958,"Yes"
24959,"No"
24960,"No"
24961,"No"
24962,"No"
24963,"Yes"
24964,"Yes"
24965,"No"
24966,"No"
24967,"No"
24968,"No"
24969,"Yes"
24970,"No"
24971,"Yes"
24972,"No"
24973,"No"
24974,"No"
24975,"No"
24976,"No"
24977,"No"
24978,"No"
24979,"No"
24980,"No"
24981,"No"
24982,"No"
24983,"Yes"
24984,"No"
24985,"Yes"
24986,"Yes"
24987,"No"
24988,"Yes"
24989,"No"
24990,"No"
24991,"Yes"
24992,"No"
24993,"No"
24994,"No"
24995,"No"
24996,"Yes"
24997,"Yes"
24998,"No"
24999,"No"
25000,"Yes"
25001,"Yes"
25002,"No"
25003,"Yes"
25004,"Yes"
25005,"Yes"
25006,"No"
25007,"Yes"
25008,"No"
25009,"Yes"
25010,"No"
25011,"No"
25012,"No"
25013,"Yes"
25014,"Yes"
25015,"Yes"
25016,"No"
25017,"No"
25018,"Yes"
25019,"No"
25020,"No"
25021,"No"
25022,"Yes"
25023,"No"
25024,"Yes"
25025,"No"
25026,"No"
25027,"Yes"
25028,"Yes"
25029,"No"
25030,"Yes"
25031,"No"
25032,"Yes"
25033,"Yes"
25034,"Yes"
25035,"No"
25036,"No"
25037,"No"
25038,"Yes"
25039,"No"
25040,"No"
25041,"Yes"
25042,"Yes"
25043,"Yes"
25044,"No"
25045,"Yes"
25046,"No"
25047,"Yes"
25048,"No"
25049,"No"
25050,"No"
25051,"No"
25052,"Yes"
25053,"No"
25054,"Yes"
25055,"Yes"
25056,"Yes"
25057,"Yes"
25058,"No"
25059,"No"
25060,"No"
25061,"Yes"
25062,"Yes"
25063,"No"
25064,"Yes"
25065,"Yes"
25066,"No"
25067,"Yes"
25068,"Yes"
25069,"Yes"
25070,"Yes"
25071,"Yes"
25072,"Yes"
25073,"No"
25074,"No"
25075,"No"
25076,"No"
25077,"No"
25078,"No"
25079,"No"
25080,"No"
25081,"No"
25082,"No"
25083,"No"
25084,"No"
25085,"No"
25086,"No"
25087,"Yes"
25088,"No"
25089,"No"
25090,"No"
25091,"No"
25092,"No"
25093,"Yes"
25094,"No"
25095,"No"
25096,"No"
25097,"No"
25098,"No"
25099,"Yes"
25100,"Yes"
25101,"Yes"
25102,"No"
25103,"Yes"
25104,"No"
25105,"No"
25106,"No"
25107,"No"
25108,"No"
25109,"No"
25110,"No"
25111,"No"
25112,"No"
25113,"Yes"
25114,"Yes"
25115,"No"
25116,"No"
25117,"No"
25118,"Yes"
25119,"Yes"
25120,"No"
25121,"Yes"
25122,"No"
25123,"No"
25124,"No"
25125,"Yes"
25126,"No"
25127,"No"
25128,"Yes"
25129,"No"
25130,"No"
25131,"Yes"
25132,"No"
25133,"Yes"
25134,"No"
25135,"No"
25136,"No"
25137,"Yes"
25138,"No"
25139,"No"
25140,"No"
25141,"No"
25142,"No"
25143,"No"
25144,"No"
25145,"No"
25146,"No"
25147,"Yes"
25148,"No"
25149,"Yes"
25150,"No"
25151,"No"
25152,"No"
25153,"Yes"
25154,"No"
25155,"Yes"
25156,"No"
25157,"No"
25158,"No"
25159,"No"
25160,"No"
25161,"No"
25162,"Yes"
25163,"No"
25164,"No"
25165,"Yes"
25166,"No"
25167,"No"
25168,"No"
25169,"Yes"
25170,"Yes"
25171,"No"
25172,"No"
25173,"No"
25174,"No"
25175,"Yes"
25176,"No"
25177,"Yes"
25178,"No"
25179,"No"
25180,"No"
25181,"No"
25182,"No"
25183,"No"
25184,"No"
25185,"No"
25186,"No"
25187,"Yes"
25188,"No"
25189,"No"
25190,"No"
25191,"Yes"
25192,"Yes"
25193,"No"
25194,"No"
25195,"No"
25196,"No"
25197,"No"
25198,"No"
25199,"Yes"
25200,"No"
25201,"No"
25202,"No"
25203,"No"
25204,"No"
25205,"No"
25206,"No"
25207,"Yes"
25208,"Yes"
25209,"No"
25210,"Yes"
25211,"No"
25212,"No"
25213,"No"
25214,"Yes"
25215,"No"
25216,"No"
25217,"No"
25218,"No"
25219,"No"
25220,"Yes"
25221,"No"
25222,"Yes"
25223,"No"
25224,"No"
25225,"No"
25226,"Yes"
25227,"Yes"
25228,"No"
25229,"No"
25230,"No"
25231,"No"
25232,"No"
25233,"Yes"
25234,"No"
25235,"No"
25236,"No"
25237,"No"
25238,"Yes"
25239,"No"
25240,"No"
25241,"Yes"
25242,"No"
25243,"Yes"
25244,"Yes"
25245,"No"
25246,"No"
25247,"No"
25248,"No"
25249,"No"
25250,"No"
25251,"No"
25252,"No"
25253,"No"
25254,"No"
25255,"Yes"
25256,"No"
25257,"Yes"
25258,"No"
25259,"No"
25260,"No"
25261,"No"
25262,"No"
25263,"No"
25264,"No"
25265,"Yes"
25266,"No"
25267,"Yes"
25268,"No"
25269,"No"
25270,"No"
25271,"Yes"
25272,"No"
25273,"Yes"
25274,"No"
25275,"Yes"
25276,"No"
25277,"No"
25278,"Yes"
25279,"No"
25280,"No"
25281,"No"
25282,"No"
25283,"No"
25284,"Yes"
25285,"No"
25286,"Yes"
25287,"No"
25288,"No"
25289,"No"
25290,"Yes"
25291,"No"
25292,"Yes"
25293,"No"
25294,"No"
25295,"No"
25296,"No"
25297,"No"
25298,"No"
25299,"Yes"
25300,"Yes"
25301,"No"
25302,"Yes"
25303,"Yes"
25304,"Yes"
25305,"No"
25306,"Yes"
25307,"No"
25308,"No"
25309,"No"
25310,"No"
25311,"No"
25312,"No"
25313,"Yes"
25314,"Yes"
25315,"No"
25316,"Yes"
25317,"Yes"
25318,"No"
25319,"Yes"
25320,"Yes"
25321,"No"
25322,"No"
25323,"No"
25324,"No"
25325,"Yes"
25326,"No"
25327,"Yes"
25328,"Yes"
25329,"No"
25330,"Yes"
25331,"Yes"
25332,"No"
25333,"No"
25334,"No"
25335,"Yes"
25336,"Yes"
25337,"Yes"
25338,"Yes"
25339,"Yes"
25340,"Yes"
25341,"No"
25342,"Yes"
25343,"No"
25344,"No"
25345,"No"
25346,"No"
25347,"Yes"
25348,"No"
25349,"No"
25350,"No"
25351,"No"
25352,"No"
25353,"No"
25354,"Yes"
25355,"No"
25356,"No"
25357,"Yes"
25358,"Yes"
25359,"No"
25360,"No"
25361,"No"
25362,"No"
25363,"Yes"
25364,"Yes"
25365,"Yes"
25366,"No"
25367,"Yes"
25368,"No"
25369,"No"
25370,"No"
25371,"No"
25372,"Yes"
25373,"Yes"
25374,"No"
25375,"No"
25376,"Yes"
25377,"No"
25378,"No"
25379,"Yes"
25380,"Yes"
25381,"No"
25382,"No"
25383,"No"
25384,"No"
25385,"Yes"
25386,"No"
25387,"No"
25388,"No"
25389,"Yes"
25390,"Yes"
25391,"No"
25392,"No"
25393,"No"
25394,"No"
25395,"Yes"
25396,"Yes"
25397,"Yes"
25398,"Yes"
25399,"No"
25400,"No"
25401,"No"
25402,"Yes"
25403,"Yes"
25404,"Yes"
25405,"No"
25406,"No"
25407,"Yes"
25408,"No"
25409,"No"
25410,"Yes"
25411,"No"
25412,"No"
25413,"No"
25414,"No"
25415,"No"
25416,"Yes"
25417,"No"
25418,"Yes"
25419,"No"
25420,"No"
25421,"No"
25422,"No"
25423,"No"
25424,"Yes"
25425,"No"
25426,"Yes"
25427,"Yes"
25428,"No"
25429,"No"
25430,"Yes"
25431,"No"
25432,"Yes"
25433,"No"
25434,"Yes"
25435,"No"
25436,"No"
25437,"No"
25438,"No"
25439,"No"
25440,"Yes"
25441,"No"
25442,"No"
25443,"No"
25444,"No"
25445,"No"
25446,"Yes"
25447,"Yes"
25448,"No"
25449,"No"
25450,"No"
25451,"No"
25452,"No"
25453,"Yes"
25454,"Yes"
25455,"No"
25456,"Yes"
25457,"No"
25458,"No"
25459,"Yes"
25460,"Yes"
25461,"No"
25462,"Yes"
25463,"No"
25464,"Yes"
25465,"No"
25466,"No"
25467,"Yes"
25468,"Yes"
25469,"No"
25470,"No"
25471,"No"
25472,"No"
25473,"Yes"
25474,"Yes"
25475,"No"
25476,"No"
25477,"No"
25478,"No"
25479,"Yes"
25480,"Yes"
25481,"No"
25482,"No"
25483,"No"
25484,"No"
25485,"Yes"
25486,"Yes"
25487,"No"
25488,"No"
25489,"Yes"
25490,"No"
25491,"Yes"
25492,"No"
25493,"Yes"
25494,"Yes"
25495,"No"
25496,"No"
25497,"No"
25498,"No"
25499,"No"
25500,"No"
25501,"No"
25502,"No"
25503,"No"
25504,"No"
25505,"No"
25506,"Yes"
25507,"No"
25508,"No"
25509,"No"
25510,"No"
25511,"Yes"
25512,"No"
25513,"No"
25514,"No"
25515,"Yes"
25516,"Yes"
25517,"No"
25518,"No"
25519,"No"
25520,"Yes"
25521,"Yes"
25522,"No"
25523,"No"
25524,"No"
25525,"No"
25526,"No"
25527,"No"
25528,"No"
25529,"No"
25530,"Yes"
25531,"Yes"
25532,"Yes"
25533,"Yes"
25534,"Yes"
25535,"No"
25536,"No"
25537,"No"
25538,"No"
25539,"Yes"
25540,"No"
25541,"Yes"
25542,"No"
25543,"No"
25544,"No"
25545,"Yes"
25546,"Yes"
25547,"Yes"
25548,"No"
25549,"Yes"
25550,"No"
25551,"No"
25552,"No"
25553,"Yes"
25554,"Yes"
25555,"Yes"
25556,"Yes"
25557,"No"
25558,"Yes"
25559,"No"
25560,"No"
25561,"No"
25562,"Yes"
25563,"No"
25564,"No"
25565,"No"
25566,"No"
25567,"Yes"
25568,"No"
25569,"No"
25570,"No"
25571,"Yes"
25572,"No"
25573,"No"
25574,"Yes"
25575,"No"
25576,"Yes"
25577,"No"
25578,"No"
25579,"No"
25580,"No"
25581,"No"
25582,"No"
25583,"No"
25584,"Yes"
25585,"No"
25586,"No"
25587,"No"
25588,"Yes"
25589,"Yes"
25590,"No"
25591,"No"
25592,"Yes"
25593,"No"
25594,"No"
25595,"Yes"
25596,"Yes"
25597,"No"
25598,"No"
25599,"No"
25600,"No"
25601,"No"
25602,"Yes"
25603,"No"
25604,"No"
25605,"No"
25606,"No"
25607,"Yes"
25608,"No"
25609,"No"
25610,"No"
25611,"Yes"
25612,"No"
25613,"No"
25614,"Yes"
25615,"No"
25616,"No"
25617,"No"
25618,"No"
25619,"Yes"
25620,"Yes"
25621,"No"
25622,"No"
25623,"No"
25624,"Yes"
25625,"No"
25626,"No"
25627,"No"
25628,"Yes"
25629,"Yes"
25630,"Yes"
25631,"No"
25632,"Yes"
25633,"Yes"
25634,"No"
25635,"No"
25636,"Yes"
25637,"No"
25638,"Yes"
25639,"Yes"
25640,"Yes"
25641,"No"
25642,"No"
25643,"No"
25644,"No"
25645,"No"
25646,"No"
25647,"No"
25648,"Yes"
25649,"No"
25650,"Yes"
25651,"No"
25652,"No"
25653,"Yes"
25654,"No"
25655,"No"
25656,"Yes"
25657,"Yes"
25658,"No"
25659,"Yes"
25660,"Yes"
25661,"No"
25662,"No"
25663,"No"
25664,"Yes"
25665,"No"
25666,"No"
25667,"No"
25668,"No"
25669,"No"
25670,"No"
25671,"No"
25672,"Yes"
25673,"No"
25674,"No"
25675,"No"
25676,"No"
25677,"No"
25678,"Yes"
25679,"Yes"
25680,"No"
25681,"No"
25682,"Yes"
25683,"No"
25684,"Yes"
25685,"Yes"
25686,"No"
25687,"Yes"
25688,"No"
25689,"Yes"
25690,"Yes"
25691,"No"
25692,"Yes"
25693,"Yes"
25694,"Yes"
25695,"No"
25696,"No"
25697,"No"
25698,"Yes"
25699,"No"
25700,"No"
25701,"No"
25702,"No"
25703,"Yes"
25704,"No"
25705,"Yes"
25706,"No"
25707,"Yes"
25708,"No"
25709,"No"
25710,"Yes"
25711,"Yes"
25712,"No"
25713,"No"
25714,"No"
25715,"No"
25716,"Yes"
25717,"Yes"
25718,"Yes"
25719,"No"
25720,"Yes"
25721,"No"
25722,"No"
25723,"Yes"
25724,"Yes"
25725,"Yes"
25726,"Yes"
25727,"No"
25728,"No"
25729,"Yes"
25730,"No"
25731,"No"
25732,"Yes"
25733,"No"
25734,"No"
25735,"No"
25736,"No"
25737,"No"
25738,"No"
25739,"No"
25740,"No"
25741,"No"
25742,"No"
25743,"No"
25744,"Yes"
25745,"Yes"
25746,"Yes"
25747,"No"
25748,"No"
25749,"No"
25750,"Yes"
25751,"No"
25752,"Yes"
25753,"No"
25754,"No"
25755,"No"
25756,"Yes"
25757,"No"
25758,"No"
25759,"No"
25760,"Yes"
25761,"No"
25762,"No"
25763,"Yes"
25764,"Yes"
25765,"No"
25766,"No"
25767,"No"
25768,"No"
25769,"No"
25770,"Yes"
25771,"Yes"
25772,"Yes"
25773,"Yes"
25774,"Yes"
25775,"No"
25776,"No"
25777,"No"
25778,"Yes"
25779,"Yes"
25780,"No"
25781,"Yes"
25782,"No"
25783,"Yes"
25784,"Yes"
25785,"No"
25786,"No"
25787,"No"
25788,"Yes"
25789,"No"
25790,"No"
25791,"No"
25792,"No"
25793,"Yes"
25794,"Yes"
25795,"No"
25796,"No"
25797,"No"
25798,"No"
25799,"No"
25800,"No"
25801,"Yes"
25802,"Yes"
25803,"No"
25804,"No"
25805,"No"
25806,"No"
25807,"Yes"
25808,"Yes"
25809,"No"
25810,"No"
25811,"No"
25812,"Yes"
25813,"Yes"
25814,"No"
25815,"No"
25816,"Yes"
25817,"No"
25818,"No"
25819,"No"
25820,"No"
25821,"No"
25822,"Yes"
25823,"Yes"
25824,"Yes"
25825,"No"
25826,"No"
25827,"No"
25828,"No"
25829,"Yes"
25830,"No"
25831,"No"
25832,"No"
25833,"Yes"
25834,"No"
25835,"Yes"
25836,"Yes"
25837,"Yes"
25838,"No"
25839,"Yes"
25840,"No"
25841,"Yes"
25842,"No"
25843,"No"
25844,"No"
25845,"No"
25846,"No"
25847,"Yes"
25848,"No"
25849,"No"
25850,"No"
25851,"No"
25852,"Yes"
25853,"No"
25854,"No"
25855,"Yes"
25856,"No"
25857,"Yes"
25858,"No"
25859,"Yes"
25860,"Yes"
25861,"Yes"
25862,"Yes"
25863,"Yes"
25864,"Yes"
25865,"No"
25866,"No"
25867,"Yes"
25868,"Yes"
25869,"No"
25870,"No"
25871,"Yes"
25872,"No"
25873,"No"
25874,"No"
25875,"Yes"
25876,"No"
25877,"Yes"
25878,"No"
25879,"No"
25880,"No"
25881,"No"
25882,"No"
25883,"No"
25884,"No"
25885,"Yes"
25886,"No"
25887,"Yes"
25888,"No"
25889,"Yes"
25890,"No"
25891,"No"
25892,"No"
25893,"No"
25894,"No"
25895,"Yes"
25896,"Yes"
25897,"No"
25898,"Yes"
25899,"No"
25900,"Yes"
25901,"No"
25902,"Yes"
25903,"No"
25904,"Yes"
25905,"No"
25906,"No"
25907,"No"
25908,"No"
25909,"No"
25910,"Yes"
25911,"No"
25912,"No"
25913,"Yes"
25914,"No"
25915,"No"
25916,"No"
25917,"No"
25918,"No"
25919,"No"
25920,"Yes"
25921,"No"
25922,"No"
25923,"No"
25924,"No"
25925,"No"
25926,"No"
25927,"No"
25928,"No"
25929,"Yes"
25930,"Yes"
25931,"No"
25932,"No"
25933,"No"
25934,"Yes"
25935,"No"
25936,"No"
25937,"No"
25938,"No"
25939,"No"
25940,"Yes"
25941,"Yes"
25942,"Yes"
25943,"No"
25944,"No"
25945,"Yes"
25946,"No"
25947,"No"
25948,"Yes"
25949,"Yes"
25950,"No"
25951,"Yes"
25952,"Yes"
25953,"No"
25954,"No"
25955,"No"
25956,"No"
25957,"No"
25958,"No"
25959,"Yes"
25960,"No"
25961,"No"
25962,"No"
25963,"No"
25964,"Yes"
25965,"No"
25966,"Yes"
25967,"No"
25968,"No"
25969,"Yes"
25970,"Yes"
25971,"Yes"
25972,"Yes"
25973,"No"
25974,"No"
25975,"No"
25976,"No"
25977,"Yes"
25978,"Yes"
25979,"Yes"
25980,"No"
25981,"No"
25982,"Yes"
25983,"No"
25984,"No"
25985,"No"
25986,"No"
25987,"No"
25988,"No"
25989,"No"
25990,"No"
25991,"Yes"
25992,"No"
25993,"Yes"
25994,"No"
25995,"Yes"
25996,"No"
25997,"No"
25998,"Yes"
25999,"No"
26000,"No"
26001,"Yes"
26002,"No"
26003,"No"
26004,"No"
26005,"No"
26006,"Yes"
26007,"No"
26008,"No"
26009,"No"
26010,"No"
26011,"No"
26012,"Yes"
26013,"Yes"
26014,"No"
26015,"No"
26016,"Yes"
26017,"Yes"
26018,"No"
26019,"Yes"
26020,"No"
26021,"No"
26022,"Yes"
26023,"No"
26024,"No"
26025,"Yes"
26026,"Yes"
26027,"Yes"
26028,"No"
26029,"Yes"
26030,"No"
26031,"No"
26032,"No"
26033,"No"
26034,"Yes"
26035,"No"
26036,"No"
26037,"Yes"
26038,"No"
26039,"No"
26040,"Yes"
26041,"Yes"
26042,"No"
26043,"Yes"
26044,"No"
26045,"No"
26046,"No"
26047,"No"
26048,"No"
26049,"No"
26050,"No"
26051,"Yes"
26052,"Yes"
26053,"No"
26054,"No"
26055,"Yes"
26056,"Yes"
26057,"Yes"
26058,"No"
26059,"No"
26060,"No"
26061,"No"
26062,"Yes"
26063,"Yes"
26064,"Yes"
26065,"Yes"
26066,"No"
26067,"No"
26068,"No"
26069,"No"
26070,"No"
26071,"Yes"
26072,"No"
26073,"No"
26074,"No"
26075,"No"
26076,"No"
26077,"No"
26078,"No"
26079,"Yes"
26080,"No"
26081,"No"
26082,"No"
26083,"No"
26084,"No"
26085,"No"
26086,"Yes"
26087,"Yes"
26088,"No"
26089,"No"
26090,"No"
26091,"No"
26092,"Yes"
26093,"No"
26094,"No"
26095,"No"
26096,"Yes"
26097,"No"
26098,"Yes"
26099,"No"
26100,"No"
26101,"No"
26102,"No"
26103,"Yes"
26104,"Yes"
26105,"No"
26106,"Yes"
26107,"No"
26108,"Yes"
26109,"No"
26110,"No"
26111,"Yes"
26112,"No"
26113,"No"
26114,"No"
26115,"No"
26116,"No"
26117,"Yes"
26118,"No"
26119,"No"
26120,"No"
26121,"No"
26122,"No"
26123,"No"
26124,"Yes"
26125,"Yes"
26126,"No"
26127,"No"
26128,"Yes"
26129,"No"
26130,"No"
26131,"Yes"
26132,"No"
26133,"No"
26134,"No"
26135,"No"
26136,"Yes"
26137,"Yes"
26138,"No"
26139,"Yes"
26140,"Yes"
26141,"No"
26142,"No"
26143,"No"
26144,"Yes"
26145,"No"
26146,"No"
26147,"Yes"
26148,"No"
26149,"No"
26150,"No"
26151,"Yes"
26152,"No"
26153,"Yes"
26154,"No"
26155,"No"
26156,"Yes"
26157,"No"
26158,"No"
26159,"Yes"
26160,"No"
26161,"No"
26162,"Yes"
26163,"No"
26164,"Yes"
26165,"No"
26166,"No"
26167,"No"
26168,"No"
26169,"Yes"
26170,"No"
26171,"No"
26172,"No"
26173,"Yes"
26174,"No"
26175,"Yes"
26176,"No"
26177,"No"
26178,"Yes"
26179,"No"
26180,"No"
26181,"Yes"
26182,"No"
26183,"Yes"
26184,"Yes"
26185,"No"
26186,"No"
26187,"Yes"
26188,"No"
26189,"No"
26190,"No"
26191,"Yes"
26192,"No"
26193,"Yes"
26194,"No"
26195,"No"
26196,"No"
26197,"No"
26198,"No"
26199,"No"
26200,"No"
26201,"No"
26202,"No"
26203,"No"
26204,"No"
26205,"No"
26206,"No"
26207,"No"
26208,"Yes"
26209,"No"
26210,"Yes"
26211,"No"
26212,"No"
26213,"No"
26214,"No"
26215,"Yes"
26216,"No"
26217,"Yes"
26218,"Yes"
26219,"No"
26220,"No"
26221,"No"
26222,"No"
26223,"No"
26224,"No"
26225,"No"
26226,"Yes"
26227,"No"
26228,"No"
26229,"No"
26230,"No"
26231,"No"
26232,"Yes"
26233,"No"
26234,"No"
26235,"Yes"
26236,"No"
26237,"No"
26238,"Yes"
26239,"Yes"
26240,"No"
26241,"No"
26242,"No"
26243,"No"
26244,"Yes"
26245,"No"
26246,"No"
26247,"No"
26248,"No"
26249,"Yes"
26250,"No"
26251,"No"
26252,"No"
26253,"No"
26254,"No"
26255,"No"
26256,"Yes"
26257,"No"
26258,"Yes"
26259,"No"
26260,"No"
26261,"Yes"
26262,"No"
26263,"No"
26264,"Yes"
26265,"Yes"
26266,"No"
26267,"No"
26268,"No"
26269,"No"
26270,"Yes"
26271,"No"
26272,"Yes"
26273,"No"
26274,"Yes"
26275,"Yes"
26276,"No"
26277,"No"
26278,"No"
26279,"No"
26280,"No"
26281,"Yes"
26282,"No"
26283,"No"
26284,"No"
26285,"Yes"
26286,"No"
26287,"No"
26288,"Yes"
26289,"No"
26290,"No"
26291,"No"
26292,"No"
26293,"Yes"
26294,"Yes"
26295,"No"
26296,"Yes"
26297,"No"
26298,"No"
26299,"No"
26300,"No"
26301,"Yes"
26302,"Yes"
26303,"Yes"
26304,"No"
26305,"No"
26306,"No"
26307,"No"
26308,"No"
26309,"No"
26310,"Yes"
26311,"Yes"
26312,"No"
26313,"No"
26314,"No"
26315,"No"
26316,"No"
26317,"Yes"
26318,"No"
26319,"No"
26320,"No"
26321,"No"
26322,"No"
26323,"No"
26324,"No"
26325,"No"
26326,"No"
26327,"No"
26328,"No"
26329,"No"
26330,"No"
26331,"No"
26332,"No"
26333,"Yes"
26334,"No"
26335,"Yes"
26336,"No"
26337,"Yes"
26338,"No"
26339,"No"
26340,"Yes"
26341,"No"
26342,"Yes"
26343,"No"
26344,"Yes"
26345,"No"
26346,"No"
26347,"No"
26348,"No"
26349,"No"
26350,"No"
26351,"Yes"
26352,"Yes"
26353,"No"
26354,"No"
26355,"Yes"
26356,"No"
26357,"Yes"
26358,"No"
26359,"Yes"
26360,"No"
26361,"Yes"
26362,"No"
26363,"Yes"
26364,"No"
26365,"No"
26366,"Yes"
26367,"No"
26368,"No"
26369,"Yes"
26370,"No"
26371,"No"
26372,"No"
26373,"No"
26374,"Yes"
26375,"Yes"
26376,"No"
26377,"Yes"
26378,"No"
26379,"No"
26380,"No"
26381,"Yes"
26382,"No"
26383,"No"
26384,"No"
26385,"Yes"
26386,"Yes"
26387,"No"
26388,"No"
26389,"No"
26390,"No"
26391,"No"
26392,"No"
26393,"No"
26394,"Yes"
26395,"No"
26396,"No"
26397,"No"
26398,"No"
26399,"No"
26400,"No"
26401,"No"
26402,"Yes"
26403,"No"
26404,"Yes"
26405,"No"
26406,"No"
26407,"No"
26408,"No"
26409,"No"
26410,"No"
26411,"No"
26412,"No"
26413,"No"
26414,"No"
26415,"Yes"
26416,"No"
26417,"Yes"
26418,"No"
26419,"No"
26420,"No"
26421,"No"
26422,"Yes"
26423,"No"
26424,"Yes"
26425,"Yes"
26426,"No"
26427,"No"
26428,"No"
26429,"Yes"
26430,"Yes"
26431,"Yes"
26432,"No"
26433,"No"
26434,"No"
26435,"Yes"
26436,"Yes"
26437,"Yes"
26438,"No"
26439,"No"
26440,"Yes"
26441,"No"
26442,"No"
26443,"No"
26444,"Yes"
26445,"No"
26446,"Yes"
26447,"No"
26448,"No"
26449,"Yes"
26450,"No"
26451,"No"
26452,"No"
26453,"No"
26454,"No"
26455,"No"
26456,"No"
26457,"No"
26458,"Yes"
26459,"No"
26460,"Yes"
26461,"No"
26462,"No"
26463,"No"
26464,"No"
26465,"No"
26466,"No"
26467,"Yes"
26468,"No"
26469,"Yes"
26470,"No"
26471,"No"
26472,"No"
26473,"No"
26474,"Yes"
26475,"No"
26476,"No"
26477,"No"
26478,"No"
26479,"No"
26480,"No"
26481,"No"
26482,"Yes"
26483,"No"
26484,"No"
26485,"Yes"
26486,"No"
26487,"No"
26488,"No"
26489,"No"
26490,"Yes"
26491,"Yes"
26492,"No"
26493,"No"
26494,"No"
26495,"Yes"
26496,"No"
26497,"No"
26498,"No"
26499,"No"
26500,"No"
26501,"Yes"
26502,"Yes"
26503,"No"
26504,"Yes"
26505,"Yes"
26506,"No"
26507,"No"
26508,"No"
26509,"Yes"
26510,"Yes"
26511,"No"
26512,"No"
26513,"No"
26514,"No"
26515,"No"
26516,"No"
26517,"Yes"
26518,"No"
26519,"No"
26520,"No"
26521,"Yes"
26522,"Yes"
26523,"No"
26524,"Yes"
26525,"No"
26526,"No"
26527,"Yes"
26528,"No"
26529,"No"
26530,"Yes"
26531,"Yes"
26532,"Yes"
26533,"No"
26534,"No"
26535,"No"
26536,"No"
26537,"No"
26538,"No"
26539,"No"
26540,"Yes"
26541,"Yes"
26542,"No"
26543,"Yes"
26544,"No"
26545,"Yes"
26546,"No"
26547,"Yes"
26548,"No"
26549,"No"
26550,"No"
26551,"Yes"
26552,"No"
26553,"No"
26554,"No"
26555,"Yes"
26556,"No"
26557,"No"
26558,"Yes"
26559,"No"
26560,"Yes"
26561,"No"
26562,"No"
26563,"Yes"
26564,"No"
26565,"No"
26566,"Yes"
26567,"Yes"
26568,"No"
26569,"No"
26570,"Yes"
26571,"Yes"
26572,"No"
26573,"Yes"
26574,"No"
26575,"No"
26576,"No"
26577,"No"
26578,"Yes"
26579,"Yes"
26580,"No"
26581,"No"
26582,"Yes"
26583,"No"
26584,"No"
26585,"No"
26586,"No"
26587,"No"
26588,"Yes"
26589,"No"
26590,"No"
26591,"Yes"
26592,"No"
26593,"No"
26594,"Yes"
26595,"Yes"
26596,"No"
26597,"No"
26598,"No"
26599,"No"
26600,"No"
26601,"Yes"
26602,"No"
26603,"No"
26604,"No"
26605,"No"
26606,"Yes"
26607,"No"
26608,"No"
26609,"Yes"
26610,"No"
26611,"No"
26612,"No"
26613,"No"
26614,"Yes"
26615,"No"
26616,"No"
26617,"No"
26618,"Yes"
26619,"Yes"
26620,"Yes"
26621,"Yes"
26622,"No"
26623,"Yes"
26624,"No"
26625,"Yes"
26626,"No"
26627,"No"
26628,"No"
26629,"No"
26630,"No"
26631,"No"
26632,"Yes"
26633,"Yes"
26634,"Yes"
26635,"No"
26636,"Yes"
26637,"Yes"
26638,"No"
26639,"No"
26640,"No"
26641,"No"
26642,"No"
26643,"Yes"
26644,"Yes"
26645,"Yes"
26646,"No"
26647,"No"
26648,"Yes"
26649,"No"
26650,"No"
26651,"Yes"
26652,"No"
26653,"No"
26654,"No"
26655,"No"
26656,"Yes"
26657,"No"
26658,"No"
26659,"No"
26660,"No"
26661,"No"
26662,"Yes"
26663,"Yes"
26664,"Yes"
26665,"Yes"
26666,"No"
26667,"Yes"
26668,"Yes"
26669,"Yes"
26670,"No"
26671,"Yes"
26672,"No"
26673,"Yes"
26674,"Yes"
26675,"No"
26676,"No"
26677,"Yes"
26678,"No"
26679,"Yes"
26680,"Yes"
26681,"No"
26682,"No"
26683,"Yes"
26684,"No"
26685,"Yes"
26686,"Yes"
26687,"Yes"
26688,"No"
26689,"No"
26690,"No"
26691,"No"
26692,"No"
26693,"No"
26694,"No"
26695,"No"
26696,"No"
26697,"No"
26698,"Yes"
26699,"Yes"
26700,"No"
26701,"No"
26702,"No"
26703,"Yes"
26704,"No"
26705,"No"
26706,"Yes"
26707,"No"
26708,"No"
26709,"No"
26710,"No"
26711,"No"
26712,"No"
26713,"No"
26714,"No"
26715,"No"
26716,"No"
26717,"Yes"
26718,"No"
26719,"No"
26720,"Yes"
26721,"No"
26722,"No"
26723,"No"
26724,"Yes"
26725,"No"
26726,"No"
26727,"No"
26728,"No"
26729,"No"
26730,"No"
26731,"No"
26732,"No"
26733,"No"
26734,"No"
26735,"No"
26736,"No"
26737,"No"
26738,"No"
26739,"No"
26740,"Yes"
26741,"No"
26742,"No"
26743,"Yes"
26744,"No"
26745,"No"
26746,"No"
26747,"No"
26748,"No"
26749,"Yes"
26750,"Yes"
26751,"No"
26752,"No"
26753,"Yes"
26754,"No"
26755,"No"
26756,"No"
26757,"Yes"
26758,"No"
26759,"No"
26760,"No"
26761,"Yes"
26762,"Yes"
26763,"Yes"
26764,"No"
26765,"No"
26766,"No"
26767,"No"
26768,"Yes"
26769,"No"
26770,"No"
26771,"No"
26772,"Yes"
26773,"No"
26774,"No"
26775,"No"
26776,"Yes"
26777,"Yes"
26778,"No"
26779,"Yes"
26780,"Yes"
26781,"Yes"
26782,"No"
26783,"No"
26784,"No"
26785,"Yes"
26786,"Yes"
26787,"No"
26788,"No"
26789,"Yes"
26790,"No"
26791,"No"
26792,"No"
26793,"No"
26794,"No"
26795,"Yes"
26796,"No"
26797,"Yes"
26798,"Yes"
26799,"No"
26800,"Yes"
26801,"No"
26802,"No"
26803,"No"
26804,"No"
26805,"No"
26806,"No"
26807,"Yes"
26808,"No"
26809,"Yes"
26810,"No"
26811,"No"
26812,"No"
26813,"Yes"
26814,"Yes"
26815,"No"
26816,"No"
26817,"No"
26818,"No"
26819,"No"
26820,"No"
26821,"No"
26822,"No"
26823,"Yes"
26824,"Yes"
26825,"No"
26826,"No"
26827,"No"
26828,"Yes"
26829,"Yes"
26830,"Yes"
26831,"No"
26832,"No"
26833,"No"
26834,"No"
26835,"No"
26836,"No"
26837,"No"
26838,"No"
26839,"No"
26840,"No"
26841,"No"
26842,"Yes"
26843,"No"
26844,"No"
26845,"No"
26846,"Yes"
26847,"No"
26848,"Yes"
26849,"No"
26850,"Yes"
26851,"No"
26852,"No"
26853,"No"
26854,"No"
26855,"No"
26856,"No"
26857,"No"
26858,"No"
26859,"No"
26860,"No"
26861,"No"
26862,"Yes"
26863,"Yes"
26864,"No"
26865,"Yes"
26866,"No"
26867,"No"
26868,"No"
26869,"Yes"
26870,"No"
26871,"No"
26872,"No"
26873,"No"
26874,"No"
26875,"No"
26876,"Yes"
26877,"No"
26878,"Yes"
26879,"Yes"
26880,"Yes"
26881,"Yes"
26882,"Yes"
26883,"No"
26884,"No"
26885,"No"
26886,"No"
26887,"No"
26888,"Yes"
26889,"No"
26890,"No"
26891,"Yes"
26892,"No"
26893,"No"
26894,"No"
26895,"Yes"
26896,"No"
26897,"No"
26898,"No"
26899,"No"
26900,"No"
26901,"No"
26902,"Yes"
26903,"Yes"
26904,"No"
26905,"Yes"
26906,"No"
26907,"No"
26908,"No"
26909,"No"
26910,"No"
26911,"Yes"
26912,"Yes"
26913,"No"
26914,"No"
26915,"Yes"
26916,"No"
26917,"No"
26918,"No"
26919,"No"
26920,"Yes"
26921,"No"
26922,"Yes"
26923,"No"
26924,"Yes"
26925,"No"
26926,"Yes"
26927,"No"
26928,"No"
26929,"Yes"
26930,"No"
26931,"Yes"
26932,"Yes"
26933,"No"
26934,"No"
26935,"No"
26936,"No"
26937,"No"
26938,"No"
26939,"Yes"
26940,"No"
26941,"No"
26942,"No"
26943,"No"
26944,"No"
26945,"Yes"
26946,"Yes"
26947,"No"
26948,"No"
26949,"No"
26950,"Yes"
26951,"No"
26952,"No"
26953,"Yes"
26954,"Yes"
26955,"No"
26956,"Yes"
26957,"No"
26958,"Yes"
26959,"No"
26960,"No"
26961,"No"
26962,"Yes"
26963,"No"
26964,"Yes"
26965,"Yes"
26966,"Yes"
26967,"No"
26968,"No"
26969,"No"
26970,"No"
26971,"No"
26972,"No"
26973,"Yes"
26974,"No"
26975,"Yes"
26976,"Yes"
26977,"No"
26978,"No"
26979,"Yes"
26980,"Yes"
26981,"Yes"
26982,"Yes"
26983,"No"
26984,"No"
26985,"Yes"
26986,"No"
26987,"No"
26988,"No"
26989,"Yes"
26990,"Yes"
26991,"No"
26992,"Yes"
26993,"No"
26994,"Yes"
26995,"No"
26996,"No"
26997,"No"
26998,"Yes"
26999,"No"
27000,"No"
27001,"Yes"
27002,"No"
27003,"No"
27004,"No"
27005,"No"
27006,"No"
27007,"Yes"
27008,"Yes"
27009,"Yes"
27010,"Yes"
27011,"Yes"
27012,"Yes"
27013,"Yes"
27014,"No"
27015,"No"
27016,"No"
27017,"Yes"
27018,"No"
27019,"No"
27020,"Yes"
27021,"No"
27022,"No"
27023,"Yes"
27024,"No"
27025,"No"
27026,"No"
27027,"Yes"
27028,"Yes"
27029,"Yes"
27030,"No"
27031,"No"
27032,"Yes"
27033,"No"
27034,"No"
27035,"No"
27036,"No"
27037,"No"
27038,"No"
27039,"No"
27040,"Yes"
27041,"No"
27042,"Yes"
27043,"Yes"
27044,"No"
27045,"No"
27046,"No"
27047,"No"
27048,"Yes"
27049,"No"
27050,"Yes"
27051,"Yes"
27052,"No"
27053,"No"
27054,"No"
27055,"Yes"
27056,"Yes"
27057,"Yes"
27058,"Yes"
27059,"No"
27060,"No"
27061,"No"
27062,"No"
27063,"No"
27064,"No"
27065,"No"
27066,"Yes"
27067,"Yes"
27068,"Yes"
27069,"No"
27070,"No"
27071,"Yes"
27072,"No"
27073,"No"
27074,"No"
27075,"No"
27076,"Yes"
27077,"No"
27078,"No"
27079,"No"
27080,"No"
27081,"Yes"
27082,"No"
27083,"No"
27084,"No"
27085,"No"
27086,"Yes"
27087,"No"
27088,"Yes"
27089,"Yes"
27090,"No"
27091,"No"
27092,"Yes"
27093,"No"
27094,"No"
27095,"No"
27096,"No"
27097,"No"
27098,"No"
27099,"No"
27100,"Yes"
27101,"No"
27102,"No"
27103,"Yes"
27104,"No"
27105,"No"
27106,"No"
27107,"No"
27108,"No"
27109,"No"
27110,"No"
27111,"No"
27112,"No"
27113,"Yes"
27114,"No"
27115,"No"
27116,"No"
27117,"No"
27118,"No"
27119,"No"
27120,"No"
27121,"Yes"
27122,"Yes"
27123,"No"
27124,"Yes"
27125,"No"
27126,"No"
27127,"Yes"
27128,"Yes"
27129,"No"
27130,"No"
27131,"No"
27132,"No"
27133,"No"
27134,"Yes"
27135,"No"
27136,"No"
27137,"No"
27138,"No"
27139,"No"
27140,"No"
27141,"No"
27142,"No"
27143,"Yes"
27144,"Yes"
27145,"No"
27146,"Yes"
27147,"No"
27148,"No"
27149,"No"
27150,"No"
27151,"No"
27152,"Yes"
27153,"No"
27154,"Yes"
27155,"Yes"
27156,"No"
27157,"No"
27158,"No"
27159,"No"
27160,"No"
27161,"No"
27162,"No"
27163,"Yes"
27164,"No"
27165,"No"
27166,"No"
27167,"No"
27168,"No"
27169,"Yes"
27170,"Yes"
27171,"No"
27172,"No"
27173,"No"
27174,"Yes"
27175,"Yes"
27176,"No"
27177,"No"
27178,"No"
27179,"No"
27180,"Yes"
27181,"No"
27182,"Yes"
27183,"No"
27184,"No"
27185,"No"
27186,"No"
27187,"Yes"
27188,"No"
27189,"No"
27190,"No"
27191,"Yes"
27192,"No"
27193,"No"
27194,"Yes"
27195,"No"
27196,"No"
27197,"Yes"
27198,"No"
27199,"No"
27200,"Yes"
27201,"No"
27202,"Yes"
27203,"No"
27204,"No"
27205,"No"
27206,"Yes"
27207,"No"
27208,"No"
27209,"No"
27210,"No"
27211,"No"
27212,"No"
27213,"No"
27214,"Yes"
27215,"No"
27216,"No"
27217,"No"
27218,"No"
27219,"No"
27220,"No"
27221,"No"
27222,"No"
27223,"No"
27224,"No"
27225,"No"
27226,"No"
27227,"No"
27228,"No"
27229,"No"
27230,"Yes"
27231,"No"
27232,"No"
27233,"No"
27234,"No"
27235,"No"
27236,"No"
27237,"No"
27238,"No"
27239,"Yes"
27240,"No"
27241,"No"
27242,"No"
27243,"Yes"
27244,"No"
27245,"No"
27246,"No"
27247,"No"
27248,"No"
27249,"Yes"
27250,"Yes"
27251,"No"
27252,"Yes"
27253,"No"
27254,"No"
27255,"No"
27256,"Yes"
27257,"No"
27258,"No"
27259,"Yes"
27260,"No"
27261,"No"
27262,"Yes"
27263,"No"
27264,"Yes"
27265,"No"
27266,"Yes"
27267,"Yes"
27268,"No"
27269,"Yes"
27270,"No"
27271,"Yes"
27272,"No"
27273,"No"
27274,"No"
27275,"Yes"
27276,"No"
27277,"No"
27278,"No"
27279,"No"
27280,"Yes"
27281,"Yes"
27282,"No"
27283,"No"
27284,"No"
27285,"No"
27286,"Yes"
27287,"Yes"
27288,"No"
27289,"Yes"
27290,"No"
27291,"Yes"
27292,"No"
27293,"No"
27294,"Yes"
27295,"No"
27296,"Yes"
27297,"No"
27298,"Yes"
27299,"No"
27300,"No"
27301,"No"
27302,"No"
27303,"No"
27304,"Yes"
27305,"No"
27306,"No"
27307,"No"
27308,"No"
27309,"No"
27310,"Yes"
27311,"Yes"
27312,"No"
27313,"No"
27314,"No"
27315,"No"
27316,"No"
27317,"No"
27318,"No"
27319,"No"
27320,"No"
27321,"No"
27322,"No"
27323,"No"
27324,"No"
27325,"No"
27326,"Yes"
27327,"Yes"
27328,"No"
27329,"No"
27330,"No"
27331,"Yes"
27332,"Yes"
27333,"No"
27334,"No"
27335,"No"
27336,"No"
27337,"No"
27338,"Yes"
27339,"Yes"
27340,"No"
27341,"Yes"
27342,"No"
27343,"No"
27344,"No"
27345,"Yes"
27346,"No"
27347,"Yes"
27348,"No"
27349,"No"
27350,"Yes"
27351,"Yes"
27352,"No"
27353,"No"
27354,"No"
27355,"Yes"
27356,"No"
27357,"Yes"
27358,"Yes"
27359,"No"
27360,"Yes"
27361,"No"
27362,"No"
27363,"No"
27364,"No"
27365,"No"
27366,"No"
27367,"No"
27368,"No"
27369,"No"
27370,"No"
27371,"No"
27372,"No"
27373,"No"
27374,"No"
27375,"No"
27376,"No"
27377,"No"
27378,"No"
27379,"No"
27380,"Yes"
27381,"No"
27382,"Yes"
27383,"No"
27384,"Yes"
27385,"Yes"
27386,"No"
27387,"No"
27388,"No"
27389,"No"
27390,"No"
27391,"No"
27392,"No"
27393,"No"
27394,"No"
27395,"No"
27396,"Yes"
27397,"No"
27398,"Yes"
27399,"No"
27400,"No"
27401,"No"
27402,"No"
27403,"No"
27404,"Yes"
27405,"No"
27406,"No"
27407,"No"
27408,"No"
27409,"No"
27410,"Yes"
27411,"No"
27412,"No"
27413,"No"
27414,"No"
27415,"No"
27416,"No"
27417,"Yes"
27418,"Yes"
27419,"No"
27420,"Yes"
27421,"No"
27422,"No"
27423,"No"
27424,"No"
27425,"No"
27426,"Yes"
27427,"No"
27428,"No"
27429,"No"
27430,"No"
27431,"No"
27432,"No"
27433,"No"
27434,"No"
27435,"No"
27436,"No"
27437,"Yes"
27438,"Yes"
27439,"No"
27440,"No"
27441,"No"
27442,"Yes"
27443,"No"
27444,"No"
27445,"No"
27446,"Yes"
27447,"No"
27448,"No"
27449,"No"
27450,"No"
27451,"No"
27452,"No"
27453,"No"
27454,"No"
27455,"Yes"
27456,"No"
27457,"Yes"
27458,"Yes"
27459,"No"
27460,"No"
27461,"No"
27462,"No"
27463,"No"
27464,"Yes"
27465,"No"
27466,"Yes"
27467,"Yes"
27468,"No"
27469,"Yes"
27470,"No"
27471,"No"
27472,"No"
27473,"No"
27474,"No"
27475,"No"
27476,"No"
27477,"Yes"
27478,"No"
27479,"Yes"
27480,"No"
27481,"No"
27482,"No"
27483,"No"
27484,"No"
27485,"Yes"
27486,"Yes"
27487,"No"
27488,"Yes"
27489,"Yes"
27490,"Yes"
27491,"No"
27492,"No"
27493,"No"
27494,"No"
27495,"No"
27496,"No"
27497,"Yes"
27498,"No"
27499,"Yes"
27500,"Yes"
27501,"No"
27502,"No"
27503,"Yes"
27504,"Yes"
27505,"Yes"
27506,"No"
27507,"No"
27508,"No"
27509,"No"
27510,"No"
27511,"Yes"
27512,"No"
27513,"No"
27514,"Yes"
27515,"No"
27516,"No"
27517,"No"
27518,"No"
27519,"No"
27520,"No"
27521,"Yes"
27522,"No"
27523,"Yes"
27524,"No"
27525,"No"
27526,"No"
27527,"Yes"
27528,"No"
27529,"No"
27530,"Yes"
27531,"No"
27532,"No"
27533,"No"
27534,"Yes"
27535,"Yes"
27536,"No"
27537,"Yes"
27538,"Yes"
27539,"Yes"
27540,"No"
27541,"Yes"
27542,"No"
27543,"No"
27544,"Yes"
27545,"No"
27546,"No"
27547,"No"
27548,"No"
27549,"Yes"
27550,"Yes"
27551,"No"
27552,"No"
27553,"Yes"
27554,"No"
27555,"Yes"
27556,"Yes"
27557,"No"
27558,"No"
27559,"No"
27560,"Yes"
27561,"No"
27562,"Yes"
27563,"Yes"
27564,"Yes"
27565,"No"
27566,"No"
27567,"No"
27568,"Yes"
27569,"No"
27570,"No"
27571,"Yes"
27572,"Yes"
27573,"No"
27574,"No"
27575,"No"
27576,"Yes"
27577,"Yes"
27578,"Yes"
27579,"No"
27580,"No"
27581,"No"
27582,"No"
27583,"Yes"
27584,"No"
27585,"No"
27586,"Yes"
27587,"Yes"
27588,"Yes"
27589,"No"
27590,"No"
27591,"No"
27592,"No"
27593,"No"
27594,"No"
27595,"No"
27596,"No"
27597,"No"
27598,"Yes"
27599,"No"
27600,"Yes"
27601,"No"
27602,"No"
27603,"No"
27604,"No"
27605,"No"
27606,"Yes"
27607,"No"
27608,"No"
27609,"No"
27610,"Yes"
27611,"No"
27612,"Yes"
27613,"No"
27614,"No"
27615,"No"
27616,"No"
27617,"Yes"
27618,"No"
27619,"Yes"
27620,"Yes"
27621,"No"
27622,"No"
27623,"No"
27624,"Yes"
27625,"Yes"
27626,"No"
27627,"Yes"
27628,"Yes"
27629,"No"
27630,"No"
27631,"No"
27632,"No"
27633,"No"
27634,"No"
27635,"Yes"
27636,"No"
27637,"Yes"
27638,"No"
27639,"No"
27640,"No"
27641,"No"
27642,"No"
27643,"No"
27644,"Yes"
27645,"No"
27646,"Yes"
27647,"No"
27648,"No"
27649,"No"
27650,"Yes"
27651,"No"
27652,"No"
27653,"Yes"
27654,"No"
27655,"Yes"
27656,"No"
27657,"No"
27658,"No"
27659,"No"
27660,"No"
27661,"No"
27662,"No"
27663,"No"
27664,"No"
27665,"No"
27666,"Yes"
27667,"No"
27668,"No"
27669,"Yes"
27670,"No"
27671,"No"
27672,"No"
27673,"No"
27674,"No"
27675,"No"
27676,"No"
27677,"Yes"
27678,"Yes"
27679,"Yes"
27680,"Yes"
27681,"Yes"
27682,"Yes"
27683,"No"
27684,"Yes"
27685,"Yes"
27686,"Yes"
27687,"No"
27688,"No"
27689,"No"
27690,"No"
27691,"Yes"
27692,"No"
27693,"Yes"
27694,"No"
27695,"No"
27696,"Yes"
27697,"No"
27698,"Yes"
27699,"No"
27700,"No"
27701,"No"
27702,"No"
27703,"No"
27704,"Yes"
27705,"No"
27706,"No"
27707,"Yes"
27708,"No"
27709,"No"
27710,"Yes"
27711,"No"
27712,"Yes"
27713,"No"
27714,"No"
27715,"No"
27716,"No"
27717,"Yes"
27718,"Yes"
27719,"No"
27720,"No"
27721,"Yes"
27722,"No"
27723,"No"
27724,"No"
27725,"No"
27726,"Yes"
27727,"Yes"
27728,"No"
27729,"No"
27730,"No"
27731,"Yes"
27732,"No"
27733,"No"
27734,"No"
27735,"Yes"
27736,"Yes"
27737,"Yes"
27738,"Yes"
27739,"No"
27740,"No"
27741,"No"
27742,"Yes"
27743,"No"
27744,"No"
27745,"Yes"
27746,"Yes"
27747,"No"
27748,"Yes"
27749,"No"
27750,"No"
27751,"No"
27752,"No"
27753,"No"
27754,"No"
27755,"No"
27756,"No"
27757,"Yes"
27758,"No"
27759,"No"
27760,"No"
27761,"No"
27762,"No"
27763,"Yes"
27764,"Yes"
27765,"Yes"
27766,"No"
27767,"No"
27768,"No"
27769,"No"
27770,"Yes"
27771,"Yes"
27772,"No"
27773,"Yes"
27774,"Yes"
27775,"No"
27776,"No"
27777,"No"
27778,"Yes"
27779,"Yes"
27780,"No"
27781,"No"
27782,"Yes"
27783,"No"
27784,"No"
27785,"No"
27786,"Yes"
27787,"No"
27788,"Yes"
27789,"No"
27790,"No"
27791,"Yes"
27792,"No"
27793,"No"
27794,"No"
27795,"No"
27796,"No"
27797,"Yes"
27798,"No"
27799,"No"
27800,"No"
27801,"No"
27802,"Yes"
27803,"Yes"
27804,"No"
27805,"Yes"
27806,"Yes"
27807,"No"
27808,"No"
27809,"No"
27810,"Yes"
27811,"Yes"
27812,"No"
27813,"No"
27814,"No"
27815,"Yes"
27816,"Yes"
27817,"No"
27818,"Yes"
27819,"Yes"
27820,"No"
27821,"No"
27822,"No"
27823,"No"
27824,"No"
27825,"Yes"
27826,"Yes"
27827,"Yes"
27828,"Yes"
27829,"No"
27830,"No"
27831,"No"
27832,"No"
27833,"Yes"
27834,"No"
27835,"Yes"
27836,"No"
27837,"Yes"
27838,"No"
27839,"No"
27840,"No"
27841,"No"
27842,"No"
27843,"Yes"
27844,"Yes"
27845,"No"
27846,"Yes"
27847,"Yes"
27848,"Yes"
27849,"No"
27850,"No"
27851,"No"
27852,"No"
27853,"No"
27854,"Yes"
27855,"No"
27856,"Yes"
27857,"No"
27858,"No"
27859,"No"
27860,"Yes"
27861,"Yes"
27862,"Yes"
27863,"Yes"
27864,"No"
27865,"No"
27866,"Yes"
27867,"No"
27868,"Yes"
27869,"No"
27870,"No"
27871,"No"
27872,"Yes"
27873,"No"
27874,"No"
27875,"No"
27876,"No"
27877,"No"
27878,"Yes"
27879,"No"
27880,"No"
27881,"No"
27882,"No"
27883,"Yes"
27884,"Yes"
27885,"Yes"
27886,"No"
27887,"No"
27888,"No"
27889,"No"
27890,"No"
27891,"No"
27892,"No"
27893,"Yes"
27894,"No"
27895,"No"
27896,"No"
27897,"No"
27898,"No"
27899,"Yes"
27900,"No"
27901,"No"
27902,"No"
27903,"No"
27904,"No"
27905,"Yes"
27906,"Yes"
27907,"Yes"
27908,"No"
27909,"No"
27910,"No"
27911,"No"
27912,"No"
27913,"No"
27914,"Yes"
27915,"No"
27916,"No"
27917,"Yes"
27918,"Yes"
27919,"Yes"
27920,"Yes"
27921,"No"
27922,"No"
27923,"Yes"
27924,"Yes"
27925,"No"
27926,"No"
27927,"Yes"
27928,"No"
27929,"No"
27930,"No"
27931,"Yes"
27932,"No"
27933,"No"
27934,"No"
27935,"No"
27936,"No"
27937,"Yes"
27938,"No"
27939,"No"
27940,"Yes"
27941,"No"
27942,"No"
27943,"No"
27944,"Yes"
27945,"No"
27946,"Yes"
27947,"No"
27948,"No"
27949,"No"
27950,"Yes"
27951,"No"
27952,"No"
27953,"No"
27954,"No"
27955,"No"
27956,"No"
27957,"No"
27958,"No"
27959,"No"
27960,"No"
27961,"Yes"
27962,"No"
27963,"Yes"
27964,"Yes"
27965,"Yes"
27966,"No"
27967,"No"
27968,"No"
27969,"No"
27970,"No"
27971,"No"
27972,"No"
27973,"No"
27974,"No"
27975,"No"
27976,"Yes"
27977,"Yes"
27978,"No"
27979,"No"
27980,"No"
27981,"No"
27982,"No"
27983,"No"
27984,"Yes"
27985,"No"
27986,"No"
27987,"No"
27988,"Yes"
27989,"No"
27990,"Yes"
27991,"No"
27992,"No"
27993,"Yes"
27994,"No"
27995,"Yes"
27996,"Yes"
27997,"No"
27998,"No"
27999,"No"
28000,"Yes"
28001,"Yes"
28002,"Yes"
28003,"Yes"
28004,"Yes"
28005,"No"
28006,"No"
28007,"No"
28008,"Yes"
28009,"Yes"
28010,"Yes"
28011,"Yes"
28012,"No"
28013,"Yes"
28014,"No"
28015,"No"
28016,"Yes"
28017,"No"
28018,"Yes"
28019,"No"
28020,"No"
28021,"No"
28022,"Yes"
28023,"No"
28024,"Yes"
28025,"No"
28026,"Yes"
28027,"Yes"
28028,"No"
28029,"Yes"
28030,"No"
28031,"Yes"
28032,"No"
28033,"Yes"
28034,"No"
28035,"Yes"
28036,"No"
28037,"No"
28038,"No"
28039,"No"
28040,"No"
28041,"Yes"
28042,"No"
28043,"No"
28044,"No"
28045,"No"
28046,"Yes"
28047,"No"
28048,"No"
28049,"Yes"
28050,"Yes"
28051,"No"
28052,"No"
28053,"Yes"
28054,"No"
28055,"No"
28056,"Yes"
28057,"No"
28058,"Yes"
28059,"No"
28060,"No"
28061,"No"
28062,"No"
28063,"No"
28064,"Yes"
28065,"No"
28066,"No"
28067,"No"
28068,"No"
28069,"Yes"
28070,"Yes"
28071,"No"
28072,"Yes"
28073,"Yes"
28074,"No"
28075,"Yes"
28076,"Yes"
28077,"No"
28078,"Yes"
28079,"No"
28080,"No"
28081,"No"
28082,"No"
28083,"No"
28084,"No"
28085,"No"
28086,"Yes"
28087,"No"
28088,"Yes"
28089,"No"
28090,"No"
28091,"No"
28092,"Yes"
28093,"No"
28094,"Yes"
28095,"No"
28096,"No"
28097,"Yes"
28098,"No"
28099,"Yes"
28100,"No"
28101,"No"
28102,"No"
28103,"No"
28104,"No"
28105,"Yes"
28106,"No"
28107,"No"
28108,"Yes"
28109,"No"
28110,"Yes"
28111,"No"
28112,"Yes"
28113,"Yes"
28114,"No"
28115,"No"
28116,"Yes"
28117,"Yes"
28118,"Yes"
28119,"No"
28120,"Yes"
28121,"Yes"
28122,"Yes"
28123,"No"
28124,"No"
28125,"No"
28126,"Yes"
28127,"Yes"
28128,"Yes"
28129,"Yes"
28130,"No"
28131,"No"
28132,"No"
28133,"Yes"
28134,"No"
28135,"No"
28136,"Yes"
28137,"No"
28138,"No"
28139,"No"
28140,"No"
28141,"No"
28142,"No"
28143,"Yes"
28144,"No"
28145,"Yes"
28146,"No"
28147,"No"
28148,"No"
28149,"No"
28150,"No"
28151,"No"
28152,"No"
28153,"No"
28154,"No"
28155,"No"
28156,"Yes"
28157,"No"
28158,"No"
28159,"No"
28160,"Yes"
28161,"No"
28162,"No"
28163,"No"
28164,"No"
28165,"No"
28166,"Yes"
28167,"Yes"
28168,"Yes"
28169,"No"
28170,"No"
28171,"Yes"
28172,"Yes"
28173,"No"
28174,"No"
28175,"No"
28176,"No"
28177,"No"
28178,"Yes"
28179,"Yes"
28180,"No"
28181,"No"
28182,"Yes"
28183,"Yes"
28184,"Yes"
28185,"No"
28186,"No"
28187,"No"
28188,"No"
28189,"Yes"
28190,"No"
28191,"No"
28192,"No"
28193,"No"
28194,"Yes"
28195,"Yes"
28196,"No"
28197,"No"
28198,"No"
28199,"No"
28200,"No"
28201,"No"
28202,"Yes"
28203,"No"
28204,"Yes"
28205,"Yes"
28206,"No"
28207,"No"
28208,"No"
28209,"No"
28210,"No"
28211,"Yes"
28212,"Yes"
28213,"No"
28214,"No"
28215,"Yes"
28216,"No"
28217,"No"
28218,"No"
28219,"No"
28220,"Yes"
28221,"No"
28222,"No"
28223,"No"
28224,"No"
28225,"Yes"
28226,"No"
28227,"No"
28228,"Yes"
28229,"Yes"
28230,"No"
28231,"No"
28232,"Yes"
28233,"No"
28234,"No"
28235,"No"
28236,"No"
28237,"No"
28238,"No"
28239,"No"
28240,"No"
28241,"No"
28242,"No"
28243,"Yes"
28244,"Yes"
28245,"No"
28246,"No"
28247,"No"
28248,"Yes"
28249,"No"
28250,"No"
28251,"No"
28252,"No"
28253,"No"
28254,"Yes"
28255,"No"
28256,"No"
28257,"No"
28258,"Yes"
28259,"No"
28260,"Yes"
28261,"Yes"
28262,"No"
28263,"Yes"
28264,"Yes"
28265,"No"
28266,"No"
28267,"Yes"
28268,"No"
28269,"No"
28270,"No"
28271,"No"
28272,"No"
28273,"No"
28274,"No"
28275,"Yes"
28276,"No"
28277,"Yes"
28278,"No"
28279,"No"
28280,"No"
28281,"No"
28282,"Yes"
28283,"No"
28284,"No"
28285,"No"
28286,"No"
28287,"No"
28288,"Yes"
28289,"Yes"
28290,"No"
28291,"No"
28292,"Yes"
28293,"No"
28294,"No"
28295,"Yes"
28296,"No"
28297,"No"
28298,"No"
28299,"Yes"
28300,"Yes"
28301,"No"
28302,"No"
28303,"No"
28304,"No"
28305,"No"
28306,"No"
28307,"No"
28308,"No"
28309,"No"
28310,"No"
28311,"Yes"
28312,"No"
28313,"No"
28314,"No"
28315,"No"
28316,"No"
28317,"No"
28318,"Yes"
28319,"No"
28320,"Yes"
28321,"No"
28322,"No"
28323,"No"
28324,"Yes"
28325,"No"
28326,"No"
28327,"Yes"
28328,"Yes"
28329,"Yes"
28330,"No"
28331,"No"
28332,"No"
28333,"No"
28334,"No"
28335,"No"
28336,"No"
28337,"Yes"
28338,"No"
28339,"No"
28340,"No"
28341,"No"
28342,"No"
28343,"No"
28344,"Yes"
28345,"Yes"
28346,"No"
28347,"Yes"
28348,"Yes"
28349,"No"
28350,"Yes"
28351,"No"
28352,"No"
28353,"No"
28354,"No"
28355,"No"
28356,"No"
28357,"Yes"
28358,"Yes"
28359,"No"
28360,"No"
28361,"Yes"
28362,"No"
28363,"Yes"
28364,"No"
28365,"No"
28366,"No"
28367,"No"
28368,"Yes"
28369,"Yes"
28370,"Yes"
28371,"No"
28372,"Yes"
28373,"No"
28374,"No"
28375,"No"
28376,"No"
28377,"No"
28378,"No"
28379,"No"
28380,"Yes"
28381,"No"
28382,"No"
28383,"No"
28384,"No"
28385,"No"
28386,"Yes"
28387,"Yes"
28388,"Yes"
28389,"No"
28390,"No"
28391,"No"
28392,"Yes"
28393,"No"
28394,"Yes"
28395,"Yes"
28396,"No"
28397,"Yes"
28398,"No"
28399,"No"
28400,"Yes"
28401,"No"
28402,"No"
28403,"No"
28404,"No"
28405,"No"
28406,"No"
28407,"No"
28408,"No"
28409,"No"
28410,"Yes"
28411,"No"
28412,"No"
28413,"No"
28414,"Yes"
28415,"Yes"
28416,"Yes"
28417,"No"
28418,"No"
28419,"Yes"
28420,"No"
28421,"No"
28422,"No"
28423,"No"
28424,"No"
28425,"No"
28426,"Yes"
28427,"Yes"
28428,"Yes"
28429,"Yes"
28430,"No"
28431,"No"
28432,"No"
28433,"Yes"
28434,"Yes"
28435,"No"
28436,"No"
28437,"No"
28438,"No"
28439,"No"
28440,"No"
28441,"No"
28442,"No"
28443,"Yes"
28444,"Yes"
28445,"Yes"
28446,"No"
28447,"No"
28448,"Yes"
28449,"Yes"
28450,"No"
28451,"No"
28452,"Yes"
28453,"No"
28454,"Yes"
28455,"No"
28456,"Yes"
28457,"No"
28458,"No"
28459,"No"
28460,"No"
28461,"No"
28462,"No"
28463,"No"
28464,"No"
28465,"Yes"
28466,"No"
28467,"Yes"
28468,"Yes"
28469,"No"
28470,"No"
28471,"Yes"
28472,"Yes"
28473,"Yes"
28474,"No"
28475,"Yes"
28476,"No"
28477,"No"
28478,"No"
28479,"No"
28480,"Yes"
28481,"No"
28482,"No"
28483,"No"
28484,"No"
28485,"No"
28486,"No"
28487,"Yes"
28488,"No"
28489,"Yes"
28490,"No"
28491,"No"
28492,"No"
28493,"No"
28494,"No"
28495,"No"
28496,"No"
28497,"No"
28498,"No"
28499,"No"
28500,"No"
28501,"Yes"
28502,"No"
28503,"No"
28504,"No"
28505,"No"
28506,"Yes"
28507,"No"
28508,"No"
28509,"No"
28510,"No"
28511,"No"
28512,"No"
28513,"No"
28514,"Yes"
28515,"No"
28516,"Yes"
28517,"No"
28518,"No"
28519,"No"
28520,"Yes"
28521,"No"
28522,"No"
28523,"Yes"
28524,"No"
28525,"No"
28526,"Yes"
28527,"No"
28528,"Yes"
28529,"No"
28530,"No"
28531,"No"
28532,"No"
28533,"Yes"
28534,"Yes"
28535,"No"
28536,"No"
28537,"No"
28538,"No"
28539,"No"
28540,"No"
28541,"No"
28542,"Yes"
28543,"No"
28544,"Yes"
28545,"No"
28546,"Yes"
28547,"No"
28548,"Yes"
28549,"No"
28550,"No"
28551,"No"
28552,"No"
28553,"No"
28554,"No"
28555,"Yes"
28556,"No"
28557,"No"
28558,"Yes"
28559,"Yes"
28560,"No"
28561,"Yes"
28562,"Yes"
28563,"No"
28564,"Yes"
28565,"No"
28566,"No"
28567,"Yes"
28568,"No"
28569,"No"
28570,"Yes"
28571,"No"
28572,"No"
28573,"No"
28574,"No"
28575,"No"
28576,"Yes"
28577,"No"
28578,"Yes"
28579,"Yes"
28580,"Yes"
28581,"No"
28582,"No"
28583,"No"
28584,"No"
28585,"No"
28586,"No"
28587,"No"
28588,"No"
28589,"No"
28590,"No"
28591,"No"
28592,"Yes"
28593,"No"
28594,"No"
28595,"Yes"
28596,"Yes"
28597,"No"
28598,"No"
28599,"No"
28600,"Yes"
28601,"Yes"
28602,"No"
28603,"Yes"
28604,"Yes"
28605,"No"
28606,"No"
28607,"No"
28608,"No"
28609,"No"
28610,"No"
28611,"No"
28612,"No"
28613,"Yes"
28614,"No"
28615,"Yes"
28616,"No"
28617,"No"
28618,"No"
28619,"No"
28620,"No"
28621,"No"
28622,"No"
28623,"No"
28624,"Yes"
28625,"Yes"
28626,"No"
28627,"No"
28628,"Yes"
28629,"No"
28630,"No"
28631,"No"
28632,"No"
28633,"No"
28634,"No"
28635,"No"
28636,"Yes"
28637,"No"
28638,"No"
28639,"Yes"
28640,"Yes"
28641,"Yes"
28642,"No"
28643,"No"
28644,"No"
28645,"No"
28646,"No"
28647,"Yes"
28648,"No"
28649,"Yes"
28650,"No"
28651,"Yes"
28652,"Yes"
28653,"No"
28654,"No"
28655,"Yes"
28656,"No"
28657,"Yes"
28658,"No"
28659,"Yes"
28660,"Yes"
28661,"No"
28662,"Yes"
28663,"No"
28664,"Yes"
28665,"No"
28666,"No"
28667,"No"
28668,"Yes"
28669,"No"
28670,"No"
28671,"No"
28672,"No"
28673,"No"
28674,"Yes"
28675,"No"
28676,"No"
28677,"No"
28678,"No"
28679,"Yes"
28680,"No"
28681,"No"
28682,"Yes"
28683,"No"
28684,"No"
28685,"Yes"
28686,"Yes"
28687,"No"
28688,"No"
28689,"No"
28690,"No"
28691,"Yes"
28692,"No"
28693,"Yes"
28694,"No"
28695,"No"
28696,"No"
28697,"No"
28698,"No"
28699,"No"
28700,"No"
28701,"No"
28702,"Yes"
28704,"Yes"
28705,"No"
28706,"No"
28707,"No"
28708,"No"
28709,"No"
28710,"No"
28711,"Yes"
28712,"No"
28713,"No"
28714,"No"
28715,"No"
28716,"No"
28717,"Yes"
28718,"No"
28719,"No"
28720,"No"
28721,"No"
28722,"No"
28723,"Yes"
28724,"No"
28725,"No"
28726,"No"
28727,"No"
28728,"No"
28729,"No"
28730,"No"
28731,"No"
28732,"No"
28733,"No"
28734,"No"
28735,"Yes"
28736,"Yes"
28737,"Yes"
28738,"No"
28739,"No"
28740,"No"
28741,"No"
28742,"No"
28743,"No"
28744,"No"
28745,"Yes"
28746,"No"
28747,"No"
28748,"No"
28749,"No"
28750,"No"
28751,"Yes"
28752,"No"
28753,"No"
28754,"No"
28755,"No"
28756,"No"
28757,"Yes"
28758,"No"
28759,"No"
28760,"No"
28761,"No"
28762,"No"
28763,"No"
28764,"No"
28765,"No"
28766,"No"
28767,"Yes"
28768,"No"
28769,"No"
28770,"No"
28771,"No"
28772,"No"
28773,"No"
28774,"No"
28775,"No"
28776,"No"
28777,"No"
28778,"No"
28779,"Yes"
28780,"No"
28781,"No"
28782,"No"
28783,"No"
28784,"No"
28785,"Yes"
28786,"No"
28787,"No"
28788,"No"
28789,"No"
28790,"Yes"
28791,"No"
28792,"No"
28793,"No"
28794,"No"
28795,"No"
28796,"No"
28797,"No"
28798,"Yes"
28799,"No"
28800,"No"
28801,"No"
28802,"Yes"
28803,"Yes"
28804,"Yes"
28805,"No"
28806,"No"
28807,"Yes"
28808,"No"
28809,"No"
28810,"No"
28811,"Yes"
28812,"No"
28813,"No"
28814,"No"
28815,"No"
28816,"No"
28817,"No"
28818,"No"
28819,"No"
28820,"No"
28821,"No"
28822,"No"
28823,"Yes"
28824,"No"
28825,"No"
28826,"No"
28827,"Yes"
28828,"No"
28829,"No"
28830,"No"
28831,"No"
28832,"No"
28833,"No"
28834,"Yes"
28835,"Yes"
28836,"No"
28837,"Yes"
28838,"Yes"
28839,"Yes"
28840,"Yes"
28841,"No"
28842,"No"
28843,"No"
28844,"No"
28845,"No"
28846,"No"
28847,"No"
28848,"No"
28849,"No"
28850,"Yes"
28851,"Yes"
28852,"No"
28853,"No"
28854,"No"
28855,"Yes"
28856,"No"
28857,"No"
28858,"No"
28859,"Yes"
28860,"Yes"
28861,"Yes"
28862,"No"
28863,"No"
28864,"No"
28865,"No"
28866,"No"
28867,"No"
28868,"No"
28869,"No"
28870,"No"
28871,"No"
28872,"No"
28873,"Yes"
28874,"Yes"
28875,"Yes"
28876,"No"
28877,"Yes"
28878,"No"
28879,"Yes"
28880,"No"
28881,"No"
28882,"Yes"
28883,"No"
28884,"No"
28885,"No"
28886,"No"
28887,"No"
28888,"No"
28889,"No"
28890,"No"
28891,"No"
28892,"No"
28893,"Yes"
28894,"No"
28895,"No"
28896,"Yes"
28897,"No"
28898,"No"
28899,"Yes"
28900,"No"
28901,"No"
28902,"Yes"
28903,"No"
28904,"Yes"
28905,"Yes"
28906,"No"
28907,"Yes"
28908,"Yes"
28909,"Yes"
28910,"Yes"
28911,"No"
28912,"No"
28913,"Yes"
28914,"Yes"
28915,"No"
28916,"No"
28917,"No"
28918,"No"
28919,"Yes"
28920,"Yes"
28921,"No"
28922,"No"
28923,"Yes"
28924,"No"
28925,"Yes"
28926,"No"
28927,"No"
28928,"No"
28929,"No"
28930,"No"
28931,"No"
28932,"No"
28933,"Yes"
28934,"No"
28935,"No"
28936,"No"
28937,"No"
28938,"No"
28939,"No"
28940,"Yes"
28941,"No"
28942,"No"
28943,"No"
28944,"No"
28945,"No"
28946,"Yes"
28947,"No"
28948,"No"
28949,"No"
28950,"No"
28951,"No"
28952,"No"
28953,"No"
28954,"No"
28955,"No"
28956,"No"
28957,"No"
28958,"No"
28959,"Yes"
28960,"No"
28961,"No"
28962,"Yes"
28963,"Yes"
28964,"No"
28965,"No"
28966,"No"
28967,"No"
28968,"Yes"
28969,"Yes"
28970,"Yes"
28971,"Yes"
28972,"No"
28973,"No"
28974,"No"
28975,"No"
28976,"Yes"
28977,"No"
28978,"Yes"
28979,"Yes"
28980,"No"
28981,"No"
28982,"Yes"
28983,"Yes"
28984,"Yes"
28985,"Yes"
28986,"No"
28987,"Yes"
28988,"No"
28989,"Yes"
28990,"Yes"
28991,"Yes"
28992,"No"
28993,"Yes"
28994,"No"
28995,"Yes"
28996,"No"
28997,"No"
28998,"No"
28999,"Yes"
29000,"No"
29001,"No"
29002,"No"
29003,"No"
29004,"No"
29005,"Yes"
29006,"No"
29007,"No"
29008,"No"
29009,"No"
29010,"No"
29011,"No"
29012,"No"
29013,"Yes"
29014,"No"
29015,"No"
29016,"Yes"
29017,"No"
29018,"No"
29019,"Yes"
29020,"No"
29021,"No"
29022,"Yes"
29023,"No"
29024,"No"
29025,"No"
29026,"No"
29027,"Yes"
29028,"No"
29029,"No"
29030,"No"
29031,"Yes"
29032,"No"
29033,"Yes"
29034,"No"
29035,"No"
29036,"Yes"
29037,"No"
29038,"No"
29039,"Yes"
29040,"No"
29041,"No"
29042,"No"
29043,"Yes"
29044,"No"
29045,"No"
29046,"Yes"
29047,"Yes"
29048,"Yes"
29049,"No"
29050,"No"
29051,"No"
29052,"No"
29053,"No"
29054,"No"
29055,"Yes"
29056,"Yes"
29057,"Yes"
29058,"No"
29059,"No"
29060,"No"
29061,"No"
29062,"No"
29063,"Yes"
29064,"No"
29065,"No"
29066,"No"
29067,"Yes"
29068,"No"
29069,"Yes"
29070,"No"
29071,"Yes"
29072,"Yes"
29073,"Yes"
29074,"Yes"
29075,"Yes"
29076,"Yes"
29077,"Yes"
29078,"No"
29079,"No"
29080,"Yes"
29081,"No"
29082,"No"
29083,"No"
29084,"Yes"
29085,"No"
29086,"No"
29087,"No"
29088,"No"
29089,"Yes"
29090,"No"
29091,"No"
29092,"No"
29093,"No"
29094,"No"
29095,"Yes"
29096,"No"
29097,"No"
29098,"Yes"
29099,"No"
29100,"No"
29101,"No"
29102,"No"
29103,"No"
29104,"No"
29105,"No"
29106,"No"
29107,"No"
29108,"No"
29109,"No"
29110,"No"
29111,"No"
29112,"No"
29113,"Yes"
29114,"No"
29115,"No"
29116,"No"
29117,"Yes"
29118,"No"
29119,"Yes"
29120,"Yes"
29121,"No"
29122,"No"
29123,"Yes"
29124,"No"
29125,"No"
29126,"No"
29127,"No"
29128,"No"
29129,"No"
29130,"No"
29131,"Yes"
29132,"Yes"
29133,"No"
29134,"No"
29135,"No"
29136,"No"
29137,"Yes"
29138,"Yes"
29139,"No"
29140,"No"
29141,"Yes"
29142,"No"
29143,"No"
29144,"Yes"
29145,"Yes"
29146,"No"
29147,"No"
29148,"No"
29149,"No"
29150,"No"
29151,"No"
29152,"Yes"
29153,"No"
29154,"Yes"
29155,"Yes"
29156,"Yes"
29157,"Yes"
29158,"No"
29159,"Yes"
29160,"Yes"
29161,"Yes"
29162,"No"
29163,"Yes"
29164,"No"
29165,"No"
29166,"No"
29167,"Yes"
29168,"No"
29169,"No"
29170,"Yes"
29171,"No"
29172,"No"
29173,"No"
29174,"No"
29175,"No"
29176,"Yes"
29177,"No"
29178,"No"
29179,"Yes"
29180,"No"
29181,"No"
29182,"Yes"
29183,"No"
29184,"No"
29185,"Yes"
29186,"No"
29187,"Yes"
29188,"No"
29189,"Yes"
29190,"Yes"
29191,"Yes"
29192,"Yes"
29193,"No"
29194,"Yes"
29195,"Yes"
29196,"No"
29197,"Yes"
29198,"Yes"
29199,"No"
29200,"No"
29201,"No"
29202,"No"
29203,"No"
29204,"No"
29205,"No"
29206,"No"
29207,"Yes"
29208,"Yes"
29209,"No"
29210,"Yes"
29211,"No"
29212,"No"
29213,"No"
29214,"Yes"
29215,"No"
29216,"No"
29217,"No"
29218,"No"
29219,"Yes"
29220,"Yes"
29221,"No"
29222,"No"
29223,"No"
29224,"No"
29225,"Yes"
29226,"No"
29227,"No"
29228,"No"
29229,"No"
29230,"No"
29231,"Yes"
29232,"No"
29233,"No"
29234,"No"
29235,"No"
29236,"Yes"
29237,"Yes"
29238,"No"
29239,"No"
29240,"No"
29241,"Yes"
29242,"Yes"
29243,"Yes"
29244,"Yes"
29245,"Yes"
29246,"Yes"
29247,"Yes"
29248,"No"
29249,"No"
29250,"Yes"
29251,"No"
29252,"Yes"
29253,"No"
29254,"No"
29255,"Yes"
29256,"No"
29257,"Yes"
29258,"No"
29259,"No"
29260,"No"
29261,"No"
29262,"No"
29263,"No"
29264,"Yes"
29265,"Yes"
29266,"Yes"
29267,"No"
29268,"No"
29269,"No"
29270,"No"
29271,"Yes"
29272,"Yes"
29273,"No"
29274,"No"
29275,"No"
29276,"No"
29277,"No"
29278,"Yes"
29279,"Yes"
29280,"No"
29281,"No"
29282,"No"
29283,"No"
29284,"No"
29285,"Yes"
29286,"No"
29287,"Yes"
29288,"No"
29289,"No"
29290,"No"
29291,"No"
29292,"No"
29293,"No"
29294,"No"
29295,"Yes"
29296,"No"
29297,"Yes"
29298,"No"
29299,"Yes"
29300,"No"
29301,"No"
29302,"No"
29303,"No"
29304,"No"
29305,"No"
29306,"Yes"
29307,"No"
29308,"Yes"
29309,"No"
29310,"Yes"
29311,"Yes"
29312,"No"
29313,"No"
29314,"No"
29315,"No"
29316,"No"
29317,"No"
29318,"No"
29319,"No"
29320,"Yes"
29321,"No"
29322,"No"
29323,"No"
29324,"Yes"
29325,"No"
29326,"No"
29327,"Yes"
29328,"No"
29329,"No"
29330,"Yes"
29331,"No"
29332,"Yes"
29333,"No"
29334,"Yes"
29335,"No"
29336,"No"
29337,"No"
29338,"Yes"
29339,"No"
29340,"No"
29341,"No"
29342,"No"
29343,"Yes"
29344,"No"
29345,"No"
29346,"Yes"
29347,"Yes"
29348,"No"
29349,"No"
29350,"No"
29351,"Yes"
29352,"No"
29353,"No"
29354,"No"
29355,"No"
29356,"No"
29357,"No"
29358,"No"
29359,"No"
29360,"No"
29361,"No"
29362,"No"
29363,"No"
29364,"No"
29365,"Yes"
29366,"No"
29367,"No"
29368,"No"
29369,"Yes"
29370,"No"
29371,"No"
29372,"No"
29373,"No"
29374,"Yes"
29375,"Yes"
29376,"Yes"
29377,"No"
29378,"No"
29379,"No"
29380,"No"
29381,"No"
29382,"No"
29383,"Yes"
29384,"No"
29385,"Yes"
29386,"No"
29387,"No"
29388,"No"
29389,"No"
29390,"No"
29391,"No"
29392,"No"
29393,"No"
29394,"Yes"
29395,"No"
29396,"No"
29397,"No"
29398,"No"
29399,"No"
29400,"No"
29401,"No"
29402,"No"
29403,"Yes"
29404,"Yes"
29405,"Yes"
29406,"No"
29407,"Yes"
29408,"No"
29409,"No"
29410,"Yes"
29411,"No"
29412,"No"
29413,"No"
29414,"Yes"
29415,"No"
29416,"No"
29417,"No"
29418,"No"
29419,"No"
29420,"No"
29421,"No"
29422,"No"
29423,"No"
29424,"Yes"
29425,"No"
29426,"No"
29427,"Yes"
29428,"No"
29429,"No"
29430,"No"
29431,"No"
29432,"Yes"
29433,"No"
29434,"Yes"
29435,"No"
29436,"No"
29437,"Yes"
29438,"No"
29439,"Yes"
29440,"No"
29441,"No"
29442,"Yes"
29443,"No"
29444,"No"
29445,"No"
29446,"No"
29447,"No"
29448,"No"
29449,"No"
29450,"No"
29451,"Yes"
29452,"No"
29453,"No"
29454,"No"
29455,"No"
29456,"No"
29457,"Yes"
29458,"No"
29459,"No"
29460,"No"
29461,"No"
29462,"Yes"
29463,"No"
29464,"No"
29465,"Yes"
29466,"No"
29467,"Yes"
29468,"Yes"
29469,"Yes"
29470,"No"
29471,"No"
29472,"No"
29473,"No"
29474,"No"
29475,"No"
29476,"Yes"
29477,"Yes"
29478,"Yes"
29479,"Yes"
29480,"No"
29481,"No"
29482,"Yes"
29483,"No"
29484,"No"
29485,"No"
29486,"No"
29487,"No"
29488,"No"
29489,"Yes"
29490,"No"
29491,"No"
29492,"No"
29493,"No"
29494,"No"
29495,"No"
29496,"Yes"
29497,"No"
29498,"No"
29499,"No"
29500,"No"
29501,"No"
29502,"No"
29503,"No"
29504,"No"
29505,"No"
29506,"Yes"
29507,"No"
29508,"No"
29509,"Yes"
29510,"No"
29511,"No"
29512,"Yes"
29513,"No"
29514,"No"
29515,"No"
29516,"No"
29517,"No"
29518,"No"
29519,"Yes"
29520,"No"
29521,"No"
29522,"No"
29523,"Yes"
29524,"Yes"
29525,"Yes"
29526,"No"
29527,"No"
29528,"No"
29529,"No"
29530,"No"
29531,"No"
29532,"No"
29533,"No"
29534,"No"
29535,"No"
29536,"No"
29537,"Yes"
29538,"Yes"
29539,"Yes"
29540,"No"
29541,"Yes"
29542,"No"
29543,"Yes"
29544,"No"
29545,"No"
29546,"No"
29547,"Yes"
29548,"No"
29549,"Yes"
29550,"Yes"
29551,"No"
29552,"Yes"
29553,"No"
29554,"Yes"
29555,"No"
29556,"No"
29557,"No"
29558,"No"
29559,"No"
29560,"No"
29561,"No"
29562,"No"
29563,"Yes"
29564,"No"
29565,"Yes"
29566,"No"
29567,"No"
29568,"Yes"
29569,"No"
29570,"Yes"
29571,"Yes"
29572,"No"
29573,"Yes"
29574,"No"
29575,"No"
29576,"No"
29577,"No"
29578,"Yes"
29579,"Yes"
29580,"Yes"
29581,"No"
29582,"Yes"
29583,"Yes"
29584,"No"
29585,"No"
29586,"No"
29587,"Yes"
29588,"No"
29589,"No"
29590,"No"
29591,"No"
29592,"No"
29593,"Yes"
29594,"No"
29595,"Yes"
29596,"No"
29597,"Yes"
29598,"Yes"
29599,"No"
29600,"No"
29601,"No"
29602,"No"
29603,"No"
29604,"No"
29605,"No"
29606,"Yes"
29607,"Yes"
29608,"No"
29609,"Yes"
29610,"Yes"
29611,"Yes"
29612,"Yes"
29613,"No"
29614,"Yes"
29615,"No"
29616,"No"
29617,"Yes"
29618,"No"
29619,"No"
29620,"No"
29621,"Yes"
29622,"No"
29623,"No"
29624,"No"
29625,"No"
29626,"No"
29627,"Yes"
29628,"No"
29629,"No"
29630,"Yes"
29631,"Yes"
29632,"No"
29633,"No"
29634,"No"
29635,"No"
29636,"No"
29637,"No"
29638,"No"
29639,"No"
29640,"No"
29641,"Yes"
29642,"No"
29643,"No"
29644,"No"
29645,"No"
29646,"No"
29647,"No"
29648,"No"
29649,"No"
29650,"Yes"
29651,"No"
29652,"No"
29653,"Yes"
29654,"Yes"
29655,"No"
29656,"No"
29657,"No"
29658,"No"
29659,"No"
29660,"No"
29661,"No"
29662,"No"
29663,"No"
29664,"No"
29665,"No"
29666,"Yes"
29667,"Yes"
29668,"No"
29669,"No"
29670,"No"
29671,"No"
29672,"Yes"
29673,"Yes"
29674,"Yes"
29675,"Yes"
29676,"Yes"
29677,"No"
29678,"No"
29679,"No"
29680,"No"
29681,"Yes"
29682,"No"
29683,"Yes"
29684,"No"
29685,"Yes"
29686,"No"
29687,"Yes"
29688,"No"
29689,"No"
29690,"Yes"
29691,"No"
29692,"Yes"
29693,"No"
29694,"No"
29695,"No"
29696,"Yes"
29697,"No"
29698,"No"
29699,"Yes"
29700,"No"
29701,"No"
29702,"No"
29703,"Yes"
29704,"No"
29705,"No"
29706,"No"
29707,"No"
29708,"No"
29709,"Yes"
29710,"Yes"
29711,"No"
29712,"No"
29713,"Yes"
29714,"Yes"
29715,"Yes"
29716,"No"
29717,"No"
29718,"Yes"
29719,"No"
29720,"No"
29721,"No"
29722,"No"
29723,"Yes"
29724,"No"
29725,"No"
29726,"No"
29727,"No"
29728,"No"
29729,"No"
29730,"Yes"
29731,"No"
29732,"No"
29733,"No"
29734,"No"
29735,"No"
29736,"No"
29737,"No"
29738,"No"
29739,"Yes"
29740,"No"
29741,"No"
29742,"No"
29743,"No"
29744,"No"
29745,"No"
29746,"No"
29747,"No"
29748,"Yes"
29749,"Yes"
29750,"Yes"
29751,"No"
29752,"No"
29753,"No"
29754,"Yes"
29755,"No"
29756,"Yes"
29757,"Yes"
29758,"No"
29759,"No"
29760,"No"
29761,"No"
29762,"No"
29763,"No"
29764,"Yes"
29765,"No"
29766,"Yes"
29767,"Yes"
29768,"No"
29769,"No"
29770,"No"
29771,"No"
29772,"No"
29773,"Yes"
29774,"Yes"
29775,"No"
29776,"Yes"
29777,"No"
29778,"No"
29779,"Yes"
29780,"Yes"
29781,"No"
29782,"Yes"
29783,"Yes"
29784,"No"
29785,"No"
29786,"No"
29787,"No"
29788,"Yes"
29789,"No"
29790,"No"
29791,"No"
29792,"No"
29793,"No"
29794,"No"
29795,"Yes"
29796,"Yes"
29797,"No"
29798,"No"
29799,"Yes"
29800,"No"
29801,"Yes"
29802,"No"
29803,"Yes"
29804,"No"
29805,"No"
29806,"No"
29807,"Yes"
29808,"No"
29809,"No"
29810,"Yes"
29811,"Yes"
29812,"No"
29813,"No"
29814,"No"
29815,"No"
29816,"No"
29817,"No"
29818,"No"
29819,"No"
29820,"Yes"
29821,"No"
29822,"No"
29823,"No"
29824,"Yes"
29825,"Yes"
29826,"No"
29827,"Yes"
29828,"Yes"
29829,"No"
29830,"No"
29831,"No"
29832,"Yes"
29833,"No"
29834,"Yes"
29835,"No"
29836,"No"
29837,"No"
29838,"Yes"
29839,"Yes"
29840,"Yes"
29841,"No"
29842,"Yes"
29843,"Yes"
29844,"No"
29845,"Yes"
29846,"No"
29847,"No"
29848,"Yes"
29849,"No"
29850,"No"
29851,"No"
29852,"No"
29853,"No"
29854,"No"
29855,"No"
29856,"No"
29857,"No"
29858,"No"
29859,"Yes"
29860,"No"
29861,"No"
29862,"No"
29863,"No"
29864,"No"
29865,"No"
29866,"Yes"
29867,"No"
29868,"Yes"
29869,"Yes"
29870,"Yes"
29871,"No"
29872,"No"
29873,"Yes"
29874,"No"
29875,"No"
29876,"No"
29877,"Yes"
29878,"No"
29879,"No"
29880,"Yes"
29881,"No"
29882,"Yes"
29883,"Yes"
29884,"Yes"
29885,"No"
29886,"No"
29887,"No"
29888,"Yes"
29889,"Yes"
29890,"Yes"
29891,"No"
29892,"Yes"
29893,"No"
29894,"No"
29895,"No"
29896,"Yes"
29897,"Yes"
29898,"No"
29899,"No"
29900,"No"
29901,"Yes"
29902,"No"
29903,"Yes"
29904,"No"
29905,"Yes"
29906,"No"
29907,"Yes"
29908,"No"
29909,"No"
29910,"No"
29911,"Yes"
29912,"No"
29913,"No"
29914,"No"
29915,"No"
29916,"Yes"
29917,"No"
29918,"No"
29919,"No"
29920,"No"
29921,"No"
29922,"Yes"
29923,"No"
29924,"No"
29925,"No"
29926,"No"
29927,"Yes"
29928,"Yes"
29929,"No"
29930,"No"
29931,"Yes"
29932,"Yes"
29933,"No"
29934,"Yes"
29935,"No"
29936,"No"
29937,"No"
29938,"No"
29939,"No"
29940,"No"
29941,"No"
29942,"No"
29943,"No"
29944,"Yes"
29945,"No"
29946,"Yes"
29947,"Yes"
29948,"No"
29949,"No"
29950,"No"
29951,"Yes"
29952,"No"
29953,"No"
29954,"Yes"
29955,"No"
29956,"Yes"
29957,"Yes"
29958,"No"
29959,"No"
29960,"Yes"
29961,"Yes"
29962,"Yes"
29963,"No"
29964,"Yes"
29965,"No"
29966,"Yes"
29967,"No"
29968,"Yes"
29969,"No"
29970,"No"
29971,"No"
29972,"Yes"
29973,"Yes"
29974,"No"
29975,"Yes"
29976,"Yes"
29977,"No"
29978,"Yes"
29979,"Yes"
29980,"No"
29981,"No"
29982,"Yes"
29983,"No"
29984,"Yes"
29985,"No"
29986,"No"
29987,"No"
29988,"No"
29989,"No"
29990,"No"
29991,"No"
29992,"No"
29993,"Yes"
29994,"No"
29995,"No"
29996,"No"
29997,"No"
29998,"No"
29999,"No"
30000,"No"
30001,"No"
30002,"Yes"
30003,"No"
30004,"No"
30005,"No"
30006,"Yes"
30007,"No"
30008,"Yes"
30009,"No"
30010,"Yes"
30011,"No"
30012,"No"
30013,"No"
30014,"No"
30015,"No"
30016,"No"
30017,"No"
30018,"No"
30019,"No"
30020,"No"
30021,"No"
30022,"No"
30023,"Yes"
30024,"No"
30025,"No"
30026,"Yes"
30027,"No"
30028,"No"
30029,"No"
30030,"No"
30031,"No"
30032,"No"
30033,"Yes"
30034,"No"
30035,"No"
30036,"No"
30037,"No"
30038,"Yes"
30039,"No"
30040,"No"
30041,"No"
30042,"No"
30043,"No"
30044,"No"
30045,"No"
30046,"Yes"
30047,"No"
30048,"No"
30049,"Yes"
30050,"No"
30051,"No"
30052,"No"
30053,"Yes"
30054,"No"
30055,"No"
30056,"No"
30057,"Yes"
30058,"Yes"
30059,"No"
30060,"No"
30061,"No"
30062,"Yes"
30063,"No"
30064,"Yes"
30065,"No"
30066,"Yes"
30067,"No"
30068,"Yes"
30069,"No"
30070,"Yes"
30071,"No"
30072,"No"
30073,"Yes"
30074,"No"
30075,"No"
30076,"No"
30077,"No"
30078,"No"
30079,"No"
30080,"No"
30081,"Yes"
30082,"No"
30083,"No"
30084,"Yes"
30085,"No"
30086,"No"
30087,"Yes"
30088,"No"
30089,"No"
30090,"Yes"
30091,"No"
30092,"Yes"
30093,"No"
30094,"No"
30095,"Yes"
30096,"No"
30097,"No"
30098,"Yes"
30099,"Yes"
30100,"No"
30101,"No"
30102,"Yes"
30103,"No"
30104,"Yes"
30105,"No"
30106,"No"
30107,"No"
30108,"No"
30109,"No"
30110,"No"
30111,"Yes"
30112,"No"
30113,"No"
30114,"No"
30115,"No"
30116,"No"
30117,"Yes"
30118,"No"
30119,"No"
30120,"Yes"
30121,"No"
30122,"No"
30123,"No"
30124,"No"
30125,"Yes"
30126,"No"
30127,"No"
30128,"No"
30129,"No"
30130,"No"
30131,"No"
30132,"No"
30133,"No"
30134,"No"
30135,"No"
30136,"No"
30137,"Yes"
30138,"Yes"
30139,"No"
30140,"No"
30141,"No"
30142,"No"
30143,"No"
30144,"Yes"
30145,"Yes"
30146,"Yes"
30147,"No"
30148,"Yes"
30149,"No"
30150,"No"
30151,"Yes"
30152,"Yes"
30153,"No"
30154,"Yes"
30155,"Yes"
30156,"No"
30157,"No"
30158,"No"
30159,"Yes"
30160,"Yes"
30161,"No"
30162,"Yes"
30163,"Yes"
30164,"Yes"
30165,"No"
30166,"No"
30167,"Yes"
30168,"Yes"
30169,"No"
30170,"No"
30171,"No"
30172,"No"
30173,"Yes"
30174,"No"
30175,"No"
30176,"No"
30177,"Yes"
30178,"Yes"
30179,"Yes"
30180,"No"
30181,"No"
30182,"No"
30183,"No"
30184,"Yes"
30185,"No"
30186,"No"
30187,"No"
30188,"No"
30189,"No"
30190,"No"
30191,"No"
30192,"Yes"
30193,"Yes"
30194,"No"
30195,"Yes"
30196,"No"
30197,"No"
30198,"Yes"
30199,"No"
30200,"No"
30201,"Yes"
30202,"Yes"
30203,"No"
30204,"No"
30205,"No"
30206,"No"
30207,"Yes"
30208,"Yes"
30209,"No"
30210,"No"
30211,"Yes"
30212,"No"
30213,"Yes"
30214,"Yes"
30215,"No"
30216,"No"
30217,"Yes"
30218,"Yes"
30219,"No"
30220,"No"
30221,"No"
30222,"No"
30223,"No"
30224,"No"
30225,"Yes"
30226,"No"
30227,"Yes"
30228,"Yes"
30229,"No"
30230,"Yes"
30231,"Yes"
30232,"No"
30233,"Yes"
30234,"No"
30235,"No"
30236,"No"
30237,"No"
30238,"No"
30239,"No"
30240,"Yes"
30241,"No"
30242,"No"
30243,"No"
30244,"No"
30245,"Yes"
30246,"No"
30247,"No"
30248,"No"
30249,"Yes"
30250,"No"
30251,"No"
30252,"No"
30253,"No"
30254,"Yes"
30255,"No"
30256,"No"
30257,"Yes"
30258,"Yes"
30259,"Yes"
30260,"Yes"
30261,"No"
30262,"No"
30263,"No"
30264,"No"
30265,"Yes"
30266,"Yes"
30267,"No"
30268,"No"
30269,"No"
30270,"No"
30271,"Yes"
30272,"Yes"
30273,"Yes"
30274,"Yes"
30275,"No"
30276,"No"
30277,"No"
30278,"No"
30279,"Yes"
30280,"Yes"
30281,"No"
30282,"Yes"
30283,"Yes"
30284,"No"
30285,"Yes"
30286,"No"
30287,"No"
30288,"No"
30289,"No"
30290,"Yes"
30291,"No"
30292,"Yes"
30293,"Yes"
30294,"No"
30295,"Yes"
30296,"No"
30297,"No"
30298,"No"
30299,"No"
30300,"No"
30301,"No"
30302,"No"
30303,"Yes"
30304,"No"
30305,"Yes"
30306,"No"
30307,"No"
30308,"No"
30309,"Yes"
30310,"No"
30311,"Yes"
30312,"Yes"
30313,"Yes"
30314,"Yes"
30315,"Yes"
30316,"No"
30317,"Yes"
30318,"No"
30319,"Yes"
30320,"No"
30321,"No"
30322,"No"
30323,"No"
30324,"No"
30325,"Yes"
30326,"No"
30327,"No"
30328,"No"
30329,"No"
30330,"No"
30331,"No"
30332,"No"
30333,"Yes"
30334,"No"
30335,"No"
30336,"No"
30337,"No"
30338,"Yes"
30339,"No"
30340,"Yes"
30341,"Yes"
30342,"Yes"
30343,"No"
30344,"Yes"
30345,"No"
30346,"No"
30347,"No"
30348,"Yes"
30349,"Yes"
30350,"No"
30351,"No"
30352,"Yes"
30353,"Yes"
30354,"Yes"
30355,"No"
30356,"No"
30357,"No"
30358,"No"
30359,"No"
30360,"No"
30361,"Yes"
30362,"No"
30363,"Yes"
30364,"No"
30365,"No"
30366,"Yes"
30367,"No"
30368,"No"
30369,"No"
30370,"No"
30371,"No"
30372,"No"
30373,"No"
30374,"No"
30375,"Yes"
30376,"No"
30377,"Yes"
30378,"Yes"
30379,"No"
30380,"Yes"
30381,"No"
30382,"Yes"
30383,"No"
30384,"No"
30385,"No"
30386,"Yes"
30387,"No"
30388,"No"
30389,"Yes"
30390,"Yes"
30391,"No"
30392,"No"
30393,"Yes"
30394,"No"
30395,"No"
30396,"Yes"
30397,"Yes"
30398,"No"
30399,"No"
30400,"No"
30401,"Yes"
30402,"No"
30403,"No"
30404,"No"
30405,"No"
30406,"Yes"
30407,"No"
30408,"No"
30409,"Yes"
30410,"Yes"
30411,"No"
30412,"No"
30413,"Yes"
30414,"No"
30415,"No"
30416,"No"
30417,"No"
30418,"Yes"
30419,"No"
30420,"No"
30421,"No"
30422,"Yes"
30423,"Yes"
30424,"No"
30425,"No"
30426,"No"
30427,"No"
30428,"Yes"
30429,"No"
30430,"Yes"
30431,"No"
30432,"No"
30433,"No"
30434,"No"
30435,"No"
30436,"Yes"
30437,"No"
30438,"Yes"
30439,"No"
30440,"Yes"
30441,"No"
30442,"No"
30443,"No"
30444,"Yes"
30445,"No"
30446,"No"
30447,"No"
30448,"No"
30449,"No"
30450,"No"
30451,"No"
30452,"No"
30453,"Yes"
30454,"No"
30455,"No"
30456,"No"
30457,"Yes"
30458,"No"
30459,"No"
30460,"No"
30461,"No"
30462,"No"
30463,"No"
30464,"No"
30465,"No"
30466,"No"
30467,"No"
30468,"No"
30469,"Yes"
30470,"No"
30471,"No"
30472,"No"
30473,"No"
30474,"No"
30475,"No"
30476,"Yes"
30477,"Yes"
30478,"No"
30479,"Yes"
30480,"Yes"
30481,"Yes"
30482,"No"
30483,"Yes"
30484,"No"
30485,"Yes"
30486,"No"
30487,"No"
30488,"No"
30489,"No"
30490,"Yes"
30491,"No"
30492,"No"
30493,"No"
30494,"No"
30495,"No"
30496,"No"
30497,"No"
30498,"No"
30499,"No"
30500,"No"
30501,"No"
30502,"Yes"
30503,"No"
30504,"No"
30505,"No"
30506,"Yes"
30507,"No"
30508,"No"
30509,"No"
30510,"No"
30511,"No"
30512,"No"
30513,"No"
30514,"Yes"
30515,"Yes"
30516,"No"
30517,"No"
30518,"No"
30519,"No"
30520,"No"
30521,"No"
30522,"No"
30523,"No"
30524,"No"
30525,"No"
30526,"No"
30527,"No"
30528,"Yes"
30529,"Yes"
30530,"Yes"
30531,"Yes"
30532,"No"
30533,"No"
30534,"Yes"
30535,"No"
30536,"No"
30537,"No"
30538,"No"
30539,"No"
30540,"No"
30541,"Yes"
30542,"Yes"
30543,"Yes"
30544,"Yes"
30545,"No"
30546,"No"
30547,"No"
30548,"Yes"
30549,"Yes"
30550,"No"
30551,"No"
30552,"No"
30553,"No"
30554,"No"
30555,"Yes"
30556,"No"
30557,"No"
30558,"No"
30559,"No"
30560,"Yes"
30561,"No"
30562,"No"
30563,"No"
30564,"Yes"
30565,"No"
30566,"No"
30567,"No"
30568,"No"
30569,"No"
30570,"No"
30571,"No"
30572,"No"
30573,"No"
30574,"No"
30575,"No"
30576,"No"
30577,"No"
30578,"Yes"
30579,"No"
30580,"No"
30581,"Yes"
30582,"No"
30583,"No"
30584,"No"
30585,"No"
30586,"Yes"
30587,"No"
30588,"No"
30589,"Yes"
30590,"No"
30591,"No"
30592,"Yes"
30593,"No"
30594,"No"
30595,"No"
30596,"Yes"
30597,"No"
30598,"No"
30599,"No"
30600,"No"
30601,"No"
30602,"No"
30603,"No"
30604,"No"
30605,"No"
30606,"No"
30607,"Yes"
30608,"No"
30609,"No"
30610,"No"
30611,"No"
30612,"No"
30613,"No"
30614,"Yes"
30615,"No"
30616,"No"
30617,"No"
30618,"No"
30619,"No"
30620,"Yes"
30621,"No"
30622,"No"
30623,"Yes"
30624,"Yes"
30625,"No"
30626,"No"
30627,"No"
30628,"No"
30629,"No"
30630,"Yes"
30631,"Yes"
30632,"Yes"
30633,"Yes"
30634,"No"
30635,"Yes"
30636,"Yes"
30637,"No"
30638,"No"
30639,"No"
30640,"Yes"
30641,"No"
30642,"No"
30643,"No"
30644,"Yes"
30645,"No"
30646,"Yes"
30647,"Yes"
30648,"Yes"
30649,"No"
30650,"No"
30651,"No"
30652,"Yes"
30653,"No"
30654,"No"
30655,"No"
30656,"No"
30657,"No"
30658,"Yes"
30659,"No"
30660,"No"
30661,"Yes"
30662,"No"
30663,"Yes"
30664,"No"
30665,"No"
30666,"No"
30667,"Yes"
30668,"No"
30669,"No"
30670,"No"
30671,"No"
30672,"Yes"
30673,"No"
30674,"No"
30675,"No"
30676,"Yes"
30677,"Yes"
30678,"No"
30679,"Yes"
30680,"Yes"
30681,"No"
30682,"No"
30683,"Yes"
30684,"Yes"
30685,"No"
30686,"Yes"
30687,"Yes"
30688,"No"
30689,"Yes"
30690,"No"
30691,"No"
30692,"No"
30693,"No"
30694,"No"
30695,"No"
30696,"No"
30697,"No"
30698,"Yes"
30699,"No"
30700,"No"
30701,"No"
30702,"Yes"
30703,"No"
30704,"Yes"
30705,"No"
30706,"No"
30707,"No"
30708,"No"
30709,"Yes"
30710,"No"
30711,"No"
30712,"No"
30713,"Yes"
30714,"No"
30715,"No"
30716,"No"
30717,"No"
30718,"No"
30719,"Yes"
30720,"Yes"
30721,"No"
30722,"No"
30723,"No"
30724,"No"
30725,"Yes"
30726,"No"
30727,"No"
30728,"No"
30729,"No"
30730,"No"
30731,"No"
30732,"No"
30733,"Yes"
30734,"No"
30735,"Yes"
30736,"Yes"
30737,"Yes"
30738,"No"
30739,"No"
30740,"Yes"
30741,"No"
30742,"No"
30743,"No"
30744,"No"
30745,"No"
30746,"No"
30747,"No"
30748,"No"
30749,"No"
30750,"No"
30751,"Yes"
30752,"No"
30753,"No"
30754,"Yes"
30755,"Yes"
30756,"Yes"
30757,"Yes"
30758,"No"
30759,"No"
30760,"No"
30761,"Yes"
30762,"No"
30763,"Yes"
30764,"No"
30765,"Yes"
30766,"No"
30767,"No"
30768,"Yes"
30769,"No"
30770,"Yes"
30771,"No"
30772,"No"
30773,"No"
30774,"No"
30775,"No"
30776,"No"
30777,"Yes"
30778,"No"
30779,"No"
30780,"Yes"
30781,"No"
30782,"No"
30783,"No"
30784,"No"
30785,"No"
30786,"No"
30787,"Yes"
30788,"No"
30789,"No"
30790,"No"
30791,"No"
30792,"No"
30793,"No"
30794,"No"
30795,"Yes"
30796,"Yes"
30797,"No"
30798,"No"
30799,"Yes"
30800,"No"
30801,"No"
30802,"No"
30803,"Yes"
30804,"No"
30805,"Yes"
30806,"No"
30807,"Yes"
30808,"No"
30809,"No"
30810,"Yes"
30811,"No"
30812,"No"
30813,"Yes"
30814,"No"
30815,"No"
30816,"No"
30817,"No"
30818,"No"
30819,"Yes"
30820,"Yes"
30821,"Yes"
30822,"No"
30823,"Yes"
30824,"Yes"
30825,"No"
30826,"Yes"
30827,"Yes"
30828,"No"
30829,"No"
30830,"No"
30831,"No"
30832,"No"
30833,"No"
30834,"No"
30835,"No"
30836,"Yes"
30837,"No"
30838,"No"
30839,"No"
30840,"No"
30841,"Yes"
30842,"No"
30843,"No"
30844,"No"
30845,"No"
30846,"Yes"
30847,"Yes"
30848,"No"
30849,"No"
30850,"Yes"
30851,"No"
30852,"Yes"
30853,"Yes"
30854,"Yes"
30855,"Yes"
30856,"No"
30857,"No"
30858,"Yes"
30859,"No"
30860,"No"
30861,"No"
30862,"Yes"
30863,"No"
30864,"No"
30865,"No"
30866,"No"
30867,"No"
30868,"Yes"
30869,"No"
30870,"Yes"
30871,"Yes"
30872,"No"
30873,"Yes"
30874,"No"
30875,"No"
30876,"No"
30877,"No"
30878,"No"
30879,"No"
30880,"No"
30881,"No"
30882,"No"
30883,"No"
30884,"Yes"
30885,"No"
30886,"No"
30887,"Yes"
30888,"Yes"
30889,"No"
30890,"Yes"
30891,"Yes"
30892,"No"
30893,"No"
30894,"No"
30895,"No"
30896,"No"
30897,"No"
30898,"Yes"
30899,"No"
30900,"Yes"
30901,"Yes"
30902,"No"
30903,"Yes"
30904,"No"
30905,"No"
30906,"No"
30907,"No"
30908,"No"
30909,"Yes"
30910,"No"
30911,"Yes"
30912,"Yes"
30913,"No"
30914,"Yes"
30915,"Yes"
30916,"No"
30917,"No"
30918,"Yes"
30919,"No"
30920,"No"
30921,"No"
30922,"No"
30923,"Yes"
30924,"No"
30925,"No"
30926,"No"
30927,"No"
30928,"No"
30929,"Yes"
30931,"Yes"
30932,"No"
30933,"No"
30934,"Yes"
30935,"Yes"
30936,"No"
30937,"No"
30938,"No"
30939,"No"
30940,"No"
30941,"No"
30942,"No"
30943,"No"
30944,"Yes"
30945,"Yes"
30946,"Yes"
30947,"No"
30948,"No"
30949,"No"
30950,"No"
30951,"No"
30952,"No"
30953,"No"
30954,"No"
30955,"Yes"
30956,"Yes"
30957,"No"
30958,"Yes"
30959,"No"
30960,"No"
30961,"Yes"
30962,"Yes"
30963,"No"
30964,"No"
30965,"No"
30966,"No"
30967,"Yes"
30968,"No"
30969,"No"
30970,"Yes"
30971,"No"
30972,"Yes"
30973,"No"
30974,"No"
30975,"No"
30976,"Yes"
30977,"No"
30978,"Yes"
30979,"No"
30980,"No"
30981,"No"
30982,"Yes"
30983,"No"
30984,"Yes"
30985,"Yes"
30986,"Yes"
30987,"No"
30988,"Yes"
30989,"No"
30990,"Yes"
30991,"No"
30992,"No"
30993,"No"
30994,"Yes"
30995,"No"
30996,"No"
30997,"No"
30998,"No"
30999,"Yes"
31000,"No"
31001,"No"
31002,"No"
31003,"Yes"
31004,"Yes"
31005,"No"
31006,"Yes"
31007,"No"
31008,"Yes"
31009,"Yes"
31010,"Yes"
31011,"Yes"
31012,"No"
31013,"Yes"
31014,"No"
31015,"No"
31016,"No"
31017,"No"
31018,"No"
31019,"No"
31020,"No"
31021,"Yes"
31022,"No"
31023,"No"
31024,"No"
31025,"No"
31026,"No"
31027,"Yes"
31028,"No"
31029,"No"
31030,"No"
31031,"No"
31032,"No"
31033,"No"
31034,"No"
31035,"Yes"
31036,"Yes"
31037,"No"
31038,"Yes"
31039,"No"
31040,"Yes"
31041,"Yes"
31042,"Yes"
31043,"No"
31044,"No"
31045,"Yes"
31046,"Yes"
31047,"Yes"
31048,"No"
31049,"Yes"
31050,"Yes"
31051,"No"
31052,"No"
31053,"No"
31054,"No"
31055,"Yes"
31056,"No"
31057,"No"
31058,"No"
31059,"Yes"
31060,"No"
31061,"No"
31062,"No"
31063,"No"
31064,"No"
31065,"No"
31066,"No"
31067,"No"
31068,"Yes"
31069,"No"
31070,"Yes"
31071,"No"
31072,"No"
31073,"No"
31074,"Yes"
31075,"No"
31076,"No"
31077,"Yes"
31078,"No"
31079,"No"
31080,"Yes"
31081,"No"
31082,"Yes"
31083,"Yes"
31084,"No"
31085,"No"
31086,"Yes"
31087,"No"
31088,"Yes"
31089,"No"
31090,"No"
31091,"No"
31092,"No"
31093,"No"
31094,"No"
31095,"No"
31096,"Yes"
31097,"No"
31098,"Yes"
31099,"No"
31100,"Yes"
31101,"No"
31102,"No"
31103,"No"
31104,"No"
31105,"No"
31106,"No"
31107,"No"
31108,"Yes"
31109,"No"
31110,"No"
31111,"No"
31112,"Yes"
31113,"No"
31114,"No"
31115,"No"
31116,"No"
31117,"Yes"
31118,"Yes"
31119,"No"
31120,"No"
31121,"No"
31122,"Yes"
31123,"Yes"
31124,"No"
31125,"No"
31126,"No"
31127,"No"
31128,"No"
31129,"No"
31130,"No"
31131,"Yes"
31132,"No"
31133,"No"
31134,"Yes"
31135,"No"
31136,"No"
31137,"No"
31138,"No"
31139,"No"
31140,"No"
31141,"No"
31142,"Yes"
31143,"Yes"
31144,"No"
31145,"Yes"
31146,"No"
31147,"No"
31148,"No"
31149,"No"
31150,"Yes"
31151,"Yes"
31152,"Yes"
31153,"Yes"
31154,"Yes"
31155,"No"
31156,"No"
31157,"Yes"
31158,"No"
31159,"No"
31160,"No"
31161,"No"
31162,"Yes"
31163,"No"
31164,"No"
31165,"Yes"
31166,"No"
31167,"No"
31168,"No"
31169,"No"
31170,"No"
31171,"Yes"
31172,"Yes"
31173,"Yes"
31174,"No"
31175,"No"
31176,"No"
31177,"Yes"
31178,"No"
31179,"Yes"
31180,"Yes"
31181,"No"
31182,"No"
31183,"Yes"
31184,"No"
31185,"Yes"
31186,"No"
31187,"No"
31188,"Yes"
31189,"Yes"
31190,"No"
31191,"No"
31192,"No"
31193,"Yes"
31194,"No"
31195,"No"
31196,"No"
31197,"Yes"
31198,"Yes"
31199,"Yes"
31200,"Yes"
31201,"No"
31202,"No"
31203,"No"
31204,"No"
31205,"Yes"
31206,"Yes"
31207,"No"
31208,"No"
31209,"No"
31210,"No"
31211,"No"
31212,"Yes"
31213,"Yes"
31214,"Yes"
31215,"No"
31216,"Yes"
31217,"No"
31218,"Yes"
31219,"No"
31220,"No"
31221,"Yes"
31222,"No"
31223,"No"
31224,"Yes"
31225,"Yes"
31226,"No"
31227,"No"
31228,"Yes"
31229,"No"
31230,"No"
31231,"No"
31232,"Yes"
31233,"No"
31234,"No"
31235,"Yes"
31236,"Yes"
31237,"No"
31238,"No"
31239,"No"
31240,"No"
31241,"Yes"
31242,"No"
31243,"No"
31244,"No"
31245,"No"
31246,"No"
31247,"No"
31248,"No"
31249,"No"
31250,"Yes"
31251,"No"
31252,"Yes"
31253,"Yes"
31254,"Yes"
31255,"No"
31256,"No"
31257,"Yes"
31258,"Yes"
31259,"No"
31260,"No"
31261,"Yes"
31262,"No"
31263,"Yes"
31264,"No"
31265,"Yes"
31266,"Yes"
31267,"No"
31268,"No"
31269,"No"
31270,"No"
31271,"No"
31272,"No"
31273,"No"
31274,"No"
31275,"Yes"
31276,"No"
31277,"No"
31278,"No"
31279,"No"
31280,"No"
31281,"No"
31282,"No"
31283,"No"
31284,"Yes"
31285,"No"
31286,"No"
31287,"Yes"
31288,"Yes"
31289,"No"
31290,"No"
31291,"No"
31292,"No"
31293,"Yes"
31294,"Yes"
31295,"Yes"
31296,"No"
31297,"Yes"
31298,"No"
31299,"No"
31300,"No"
31301,"Yes"
31302,"No"
31303,"No"
31304,"No"
31305,"No"
31306,"No"
31307,"No"
31308,"Yes"
31309,"No"
31310,"No"
31311,"No"
31312,"Yes"
31313,"Yes"
31314,"No"
31315,"Yes"
31316,"No"
31317,"No"
31318,"No"
31319,"No"
31320,"No"
31321,"No"
31322,"No"
31323,"No"
31324,"Yes"
31325,"No"
31326,"Yes"
31327,"No"
31328,"Yes"
31329,"Yes"
31330,"No"
31331,"Yes"
31332,"Yes"
31333,"Yes"
31334,"No"
31335,"No"
31336,"No"
31337,"No"
31338,"Yes"
31339,"No"
31340,"Yes"
31341,"No"
31342,"No"
31343,"No"
31344,"No"
31345,"Yes"
31346,"Yes"
31347,"Yes"
31348,"No"
31349,"No"
31350,"Yes"
31351,"No"
31352,"No"
31353,"Yes"
31354,"No"
31355,"No"
31356,"No"
31357,"No"
31358,"No"
31359,"Yes"
31360,"No"
31361,"Yes"
31362,"No"
31363,"No"
31364,"No"
31365,"Yes"
31366,"Yes"
31367,"No"
31368,"No"
31369,"Yes"
31370,"No"
31371,"Yes"
31372,"Yes"
31373,"No"
31374,"No"
31375,"No"
31376,"No"
31377,"No"
31378,"No"
31379,"No"
31380,"No"
31381,"Yes"
31382,"Yes"
31383,"No"
31384,"No"
31385,"No"
31386,"No"
31387,"Yes"
31388,"No"
31389,"No"
31390,"No"
31391,"No"
31392,"No"
31393,"Yes"
31394,"No"
31395,"No"
31396,"Yes"
31397,"No"
31398,"No"
31399,"No"
31400,"Yes"
31401,"No"
31402,"No"
31403,"No"
31404,"No"
31405,"No"
31406,"No"
31407,"Yes"
31408,"No"
31409,"Yes"
31410,"No"
31411,"No"
31412,"Yes"
31413,"Yes"
31414,"No"
31415,"No"
31416,"No"
31417,"No"
31418,"No"
31419,"No"
31420,"No"
31421,"No"
31422,"No"
31423,"No"
31424,"Yes"
31425,"No"
31426,"No"
31427,"No"
31428,"No"
31429,"No"
31430,"No"
31431,"No"
31432,"No"
31433,"Yes"
31434,"No"
31435,"No"
31436,"No"
31437,"No"
31438,"No"
31439,"No"
31440,"Yes"
31441,"Yes"
31442,"No"
31443,"Yes"
31444,"No"
31445,"No"
31446,"Yes"
31447,"No"
31448,"No"
31449,"Yes"
31450,"No"
31451,"Yes"
31452,"Yes"
31453,"Yes"
31454,"No"
31455,"No"
31456,"No"
31457,"No"
31458,"No"
31459,"Yes"
31460,"No"
31461,"No"
31462,"No"
31463,"No"
31464,"No"
31465,"No"
31466,"No"
31467,"Yes"
31468,"No"
31469,"Yes"
31470,"No"
31471,"Yes"
31472,"No"
31473,"No"
31474,"Yes"
31475,"Yes"
31476,"No"
31477,"Yes"
31478,"No"
31479,"No"
31480,"No"
31481,"No"
31482,"No"
31483,"No"
31484,"Yes"
31485,"Yes"
31486,"No"
31487,"Yes"
31488,"Yes"
31489,"No"
31490,"No"
31491,"No"
31492,"Yes"
31493,"No"
31494,"No"
31495,"Yes"
31496,"Yes"
31497,"No"
31498,"No"
31499,"Yes"
31500,"No"
31501,"No"
31502,"No"
31503,"Yes"
31504,"No"
31505,"No"
31506,"Yes"
31507,"No"
31508,"No"
31509,"No"
31510,"No"
31511,"Yes"
31512,"No"
31513,"No"
31514,"No"
31515,"No"
31516,"Yes"
31517,"No"
31518,"No"
31519,"No"
31520,"No"
31521,"No"
31522,"No"
31523,"No"
31524,"No"
31525,"No"
31526,"Yes"
31527,"Yes"
31528,"Yes"
31529,"Yes"
31530,"No"
31531,"Yes"
31532,"No"
31533,"No"
31534,"Yes"
31535,"Yes"
31536,"No"
31537,"No"
31538,"Yes"
31539,"No"
31540,"No"
31541,"Yes"
31542,"No"
31543,"Yes"
31544,"Yes"
31545,"Yes"
31546,"No"
31547,"No"
31548,"No"
31549,"Yes"
31550,"Yes"
31551,"No"
31552,"No"
31553,"Yes"
31554,"No"
31555,"No"
31556,"No"
31557,"Yes"
31558,"No"
31559,"No"
31560,"No"
31561,"Yes"
31562,"No"
31563,"No"
31564,"No"
31565,"No"
31566,"No"
31567,"No"
31568,"No"
31569,"No"
31570,"No"
31571,"No"
31572,"No"
31573,"No"
31574,"Yes"
31575,"No"
31576,"Yes"
31577,"No"
31578,"No"
31579,"No"
31580,"Yes"
31581,"No"
31582,"Yes"
31583,"No"
31584,"No"
31585,"Yes"
31586,"No"
31587,"No"
31588,"Yes"
31589,"No"
31590,"No"
31591,"No"
31592,"Yes"
31593,"No"
31594,"Yes"
31595,"No"
31596,"Yes"
31597,"No"
31598,"No"
31599,"No"
31600,"Yes"
31601,"No"
31602,"No"
31603,"No"
31604,"No"
31605,"No"
31606,"No"
31607,"No"
31608,"No"
31609,"No"
31610,"Yes"
31611,"Yes"
31612,"No"
31613,"No"
31614,"No"
31615,"No"
31616,"No"
31617,"No"
31618,"Yes"
31619,"No"
31620,"No"
31621,"No"
31622,"Yes"
31623,"No"
31624,"No"
31625,"No"
31626,"No"
31627,"No"
31628,"Yes"
31629,"No"
31630,"No"
31631,"No"
31632,"Yes"
31633,"Yes"
31634,"No"
31635,"Yes"
31636,"Yes"
31637,"No"
31638,"No"
31639,"No"
31640,"No"
31641,"No"
31642,"No"
31643,"No"
31644,"No"
31645,"No"
31646,"No"
31647,"No"
31648,"No"
31649,"Yes"
31650,"Yes"
31651,"No"
31652,"No"
31653,"No"
31654,"No"
31655,"No"
31656,"Yes"
31657,"No"
31658,"Yes"
31659,"Yes"
31660,"No"
31661,"No"
31662,"No"
31663,"Yes"
31664,"No"
31665,"No"
31666,"No"
31667,"Yes"
31668,"No"
31669,"No"
31670,"No"
31671,"No"
31672,"No"
31673,"No"
31674,"Yes"
31675,"Yes"
31676,"Yes"
31677,"No"
31678,"Yes"
31679,"No"
31680,"No"
31681,"No"
31682,"Yes"
31683,"No"
31684,"Yes"
31685,"No"
31686,"Yes"
31687,"Yes"
31688,"Yes"
31689,"No"
31690,"No"
31691,"Yes"
31692,"Yes"
31693,"No"
31694,"No"
31695,"No"
31696,"No"
31697,"No"
31698,"No"
31699,"No"
31700,"Yes"
31701,"No"
31702,"Yes"
31703,"No"
31704,"Yes"
31705,"Yes"
31706,"No"
31707,"No"
31708,"No"
31709,"Yes"
31710,"No"
31711,"Yes"
31712,"No"
31713,"No"
31714,"No"
31715,"No"
31716,"Yes"
31717,"No"
31718,"Yes"
31719,"No"
31720,"No"
31721,"No"
31722,"Yes"
31723,"Yes"
31724,"Yes"
31725,"Yes"
31726,"No"
31727,"No"
31728,"No"
31729,"Yes"
31730,"Yes"
31731,"Yes"
31732,"Yes"
31733,"Yes"
31734,"No"
31735,"No"
31736,"No"
31737,"Yes"
31738,"No"
31739,"No"
31740,"Yes"
31741,"No"
31742,"Yes"
31743,"Yes"
31744,"No"
31745,"No"
31746,"Yes"
31747,"No"
31748,"Yes"
31749,"Yes"
31750,"No"
31751,"No"
31752,"No"
31753,"Yes"
31754,"No"
31755,"No"
31756,"No"
31757,"No"
31758,"No"
31759,"No"
31760,"No"
31761,"No"
31762,"No"
31763,"No"
31764,"No"
31765,"No"
31766,"No"
31767,"Yes"
31768,"Yes"
31769,"No"
31770,"Yes"
31771,"Yes"
31772,"Yes"
31773,"No"
31774,"No"
31775,"Yes"
31776,"No"
31777,"Yes"
31778,"Yes"
31779,"Yes"
31780,"No"
31781,"No"
31782,"No"
31783,"No"
31784,"No"
31785,"No"
31786,"No"
31787,"No"
31788,"Yes"
31789,"Yes"
31790,"No"
31791,"Yes"
31792,"Yes"
31793,"Yes"
31794,"No"
31795,"No"
31796,"Yes"
31797,"No"
31798,"No"
31799,"No"
31800,"No"
31801,"No"
31802,"No"
31803,"No"
31804,"No"
31805,"No"
31806,"No"
31807,"No"
31808,"No"
31809,"Yes"
31810,"Yes"
31811,"No"
31812,"Yes"
31813,"Yes"
31814,"Yes"
31815,"No"
31816,"Yes"
31817,"No"
31818,"No"
31819,"No"
31820,"No"
31821,"No"
31822,"No"
31823,"Yes"
31824,"Yes"
31825,"Yes"
31826,"No"
31827,"No"
31828,"No"
31829,"Yes"
31830,"No"
31831,"No"
31832,"Yes"
31833,"Yes"
31834,"No"
31835,"No"
31836,"No"
31837,"No"
31838,"No"
31839,"No"
31840,"No"
31841,"No"
31842,"No"
31843,"Yes"
31844,"No"
31845,"No"
31846,"No"
31847,"No"
31848,"No"
31849,"Yes"
31850,"Yes"
31851,"Yes"
31852,"No"
31853,"No"
31854,"No"
31855,"Yes"
31856,"No"
31857,"Yes"
31858,"No"
31859,"Yes"
31860,"No"
31861,"No"
31862,"Yes"
31863,"No"
31864,"Yes"
31865,"No"
31866,"No"
31867,"No"
31868,"No"
31869,"Yes"
31870,"No"
31871,"Yes"
31872,"Yes"
31873,"Yes"
31874,"Yes"
31875,"No"
31876,"Yes"
31877,"No"
31878,"No"
31879,"Yes"
31880,"Yes"
31881,"No"
31882,"No"
31883,"No"
31884,"Yes"
31885,"No"
31886,"No"
31887,"Yes"
31888,"Yes"
31889,"No"
31890,"Yes"
31891,"Yes"
31892,"No"
31893,"No"
31894,"No"
31895,"No"
31896,"Yes"
31897,"No"
31898,"Yes"
31899,"No"
31900,"Yes"
31901,"No"
31902,"Yes"
31903,"No"
31904,"No"
31905,"Yes"
31906,"Yes"
31907,"Yes"
31908,"No"
31909,"Yes"
31910,"No"
31911,"No"
31912,"No"
31913,"Yes"
31914,"Yes"
31915,"No"
31916,"Yes"
31917,"Yes"
31918,"Yes"
31919,"Yes"
31920,"No"
31921,"No"
31922,"No"
31923,"Yes"
31924,"No"
31925,"No"
31926,"Yes"
31927,"No"
31928,"No"
31929,"No"
31930,"Yes"
31931,"Yes"
31932,"No"
31933,"No"
31934,"No"
31935,"Yes"
31936,"Yes"
31937,"No"
31938,"Yes"
31939,"No"
31940,"No"
31941,"No"
31942,"No"
31943,"Yes"
31944,"No"
31945,"No"
31946,"Yes"
31947,"No"
31948,"No"
31949,"No"
31950,"Yes"
31951,"No"
31952,"Yes"
31953,"No"
31954,"Yes"
31955,"Yes"
31956,"No"
31957,"No"
31958,"No"
31959,"Yes"
31960,"No"
31961,"No"
31962,"Yes"
31963,"No"
31964,"Yes"
31965,"Yes"
31966,"Yes"
31967,"No"
31968,"No"
31969,"No"
31970,"No"
31971,"Yes"
31972,"No"
31973,"No"
31974,"No"
31975,"No"
31976,"Yes"
31977,"No"
31978,"No"
31979,"No"
31980,"No"
31981,"No"
31982,"No"
31983,"No"
31984,"No"
31985,"No"
31986,"Yes"
31987,"Yes"
31988,"No"
31989,"No"
31990,"No"
31991,"No"
31992,"No"
31993,"Yes"
31994,"Yes"
31995,"Yes"
31996,"Yes"
31997,"No"
31998,"No"
31999,"No"
32000,"No"
32001,"No"
32002,"No"
32003,"No"
32004,"No"
32005,"No"
32006,"No"
32007,"No"
32008,"No"
32009,"No"
32010,"No"
32011,"No"
32012,"No"
32013,"No"
32014,"Yes"
32015,"No"
32016,"No"
32017,"No"
32018,"Yes"
32019,"Yes"
32020,"Yes"
32021,"No"
32022,"No"
32023,"No"
32024,"Yes"
32025,"No"
32026,"No"
32027,"No"
32028,"Yes"
32029,"No"
32030,"Yes"
32031,"No"
32032,"No"
32033,"Yes"
32034,"No"
32035,"Yes"
32036,"No"
32037,"Yes"
32038,"No"
32039,"No"
32040,"No"
32041,"No"
32042,"No"
32043,"No"
32044,"No"
32045,"No"
32046,"No"
32047,"Yes"
32048,"No"
32049,"Yes"
32050,"Yes"
32051,"No"
32052,"No"
32053,"Yes"
32054,"Yes"
32055,"No"
32056,"No"
32057,"Yes"
32058,"Yes"
32059,"Yes"
32060,"No"
32061,"No"
32062,"No"
32063,"No"
32064,"No"
32065,"No"
32066,"Yes"
32067,"No"
32068,"No"
32069,"No"
32070,"No"
32071,"No"
32072,"Yes"
32073,"Yes"
32074,"No"
32075,"No"
32076,"No"
32077,"No"
32078,"No"
32079,"No"
32080,"No"
32081,"Yes"
32082,"No"
32083,"No"
32084,"Yes"
32085,"No"
32086,"Yes"
32087,"No"
32088,"Yes"
32089,"No"
32090,"No"
32091,"No"
32092,"Yes"
32093,"Yes"
32094,"No"
32095,"No"
32096,"No"
32097,"Yes"
32098,"Yes"
32099,"No"
32100,"No"
32101,"No"
32102,"No"
32103,"No"
32104,"No"
32105,"No"
32106,"No"
32107,"No"
32108,"No"
32109,"Yes"
32110,"No"
32111,"No"
32112,"No"
32113,"No"
32114,"Yes"
32115,"No"
32116,"No"
32117,"No"
32118,"No"
32119,"No"
32120,"No"
32121,"Yes"
32122,"No"
32123,"No"
32124,"No"
32125,"No"
32126,"Yes"
32127,"No"
32128,"No"
32129,"Yes"
32130,"Yes"
32131,"No"
32132,"Yes"
32133,"Yes"
32134,"No"
32135,"No"
32136,"No"
32137,"No"
32138,"No"
32139,"Yes"
32140,"Yes"
32141,"No"
32142,"No"
32143,"No"
32144,"No"
32145,"No"
32146,"No"
32147,"Yes"
32148,"No"
32149,"No"
32150,"Yes"
32151,"Yes"
32152,"No"
32153,"Yes"
32154,"No"
32155,"No"
32156,"No"
32157,"Yes"
32158,"No"
32159,"No"
32160,"No"
32161,"No"
32162,"Yes"
32163,"Yes"
32164,"Yes"
32165,"No"
32166,"Yes"
32167,"No"
32168,"No"
32169,"Yes"
32170,"No"
32171,"No"
32172,"No"
32173,"Yes"
32174,"No"
32175,"No"
32176,"Yes"
32177,"No"
32178,"No"
32179,"No"
32180,"No"
32181,"No"
32182,"No"
32183,"No"
32184,"No"
32185,"No"
32186,"Yes"
32187,"No"
32188,"No"
32189,"No"
32190,"No"
32191,"Yes"
32192,"No"
32193,"No"
32194,"Yes"
32195,"No"
32196,"Yes"
32197,"No"
32198,"No"
32199,"No"
32200,"No"
32201,"Yes"
32202,"No"
32203,"Yes"
32204,"Yes"
32205,"No"
32206,"No"
32207,"No"
32208,"Yes"
32209,"No"
32210,"No"
32211,"No"
32212,"Yes"
32213,"No"
32214,"Yes"
32215,"No"
32216,"No"
32217,"Yes"
32218,"Yes"
32219,"Yes"
32220,"Yes"
32221,"No"
32222,"No"
32223,"Yes"
32224,"No"
32225,"No"
32226,"No"
32227,"No"
32228,"Yes"
32229,"No"
32230,"No"
32231,"No"
32232,"No"
32233,"No"
32234,"Yes"
32235,"Yes"
32236,"Yes"
32237,"No"
32238,"No"
32239,"No"
32240,"Yes"
32241,"No"
32242,"Yes"
32243,"No"
32244,"No"
32245,"Yes"
32246,"No"
32247,"No"
32248,"No"
32249,"No"
32250,"Yes"
32251,"No"
32252,"No"
32253,"Yes"
32254,"No"
32255,"No"
32256,"No"
32257,"Yes"
32258,"Yes"
32259,"No"
32260,"Yes"
32261,"No"
32262,"Yes"
32263,"No"
32264,"Yes"
32265,"Yes"
32266,"Yes"
32267,"No"
32268,"No"
32269,"No"
32270,"Yes"
32271,"No"
32272,"No"
32273,"No"
32274,"Yes"
32275,"Yes"
32276,"Yes"
32277,"No"
32278,"No"
32279,"No"
32280,"No"
32281,"Yes"
32282,"Yes"
32283,"No"
32284,"No"
32285,"No"
32286,"No"
32287,"No"
32288,"Yes"
32289,"Yes"
32290,"No"
32291,"No"
32292,"No"
32293,"No"
32294,"No"
32295,"No"
32296,"No"
32297,"Yes"
32298,"No"
32299,"No"
32300,"Yes"
32301,"No"
32302,"No"
32303,"No"
32304,"No"
32305,"No"
32306,"Yes"
32307,"No"
32308,"No"
32309,"Yes"
32310,"No"
32311,"No"
32312,"No"
32313,"Yes"
32314,"No"
32315,"Yes"
32316,"No"
32317,"No"
32318,"Yes"
32319,"Yes"
32320,"No"
32321,"No"
32322,"Yes"
32323,"No"
32324,"Yes"
32325,"No"
32326,"No"
32327,"Yes"
32328,"No"
32329,"Yes"
32330,"No"
32331,"Yes"
32332,"No"
32333,"No"
32334,"Yes"
32335,"No"
32336,"No"
32337,"No"
32338,"No"
32339,"No"
32340,"No"
32341,"No"
32342,"Yes"
32343,"No"
32344,"No"
32345,"No"
32346,"No"
32347,"No"
32348,"No"
32349,"Yes"
32350,"Yes"
32351,"No"
32352,"No"
32353,"Yes"
32354,"No"
32355,"No"
32356,"No"
32357,"No"
32358,"Yes"
32359,"No"
32360,"Yes"
32361,"No"
32362,"No"
32363,"Yes"
32364,"No"
32365,"No"
32366,"Yes"
32367,"Yes"
32368,"Yes"
32369,"No"
32370,"No"
32371,"No"
32372,"No"
32373,"No"
32374,"Yes"
32375,"No"
32376,"No"
32377,"No"
32378,"No"
32379,"No"
32380,"No"
32381,"Yes"
32382,"No"
32383,"No"
32384,"No"
32385,"No"
32386,"Yes"
32387,"No"
32388,"Yes"
32389,"Yes"
32390,"Yes"
32391,"No"
32392,"No"
32393,"Yes"
32394,"No"
32395,"No"
32396,"No"
32397,"Yes"
32398,"No"
32399,"Yes"
32400,"Yes"
32401,"Yes"
32402,"No"
32403,"Yes"
32404,"Yes"
32405,"Yes"
32406,"No"
32407,"No"
32408,"No"
32409,"No"
32410,"No"
32411,"Yes"
32412,"Yes"
32413,"No"
32414,"No"
32415,"No"
32416,"Yes"
32417,"Yes"
32418,"No"
32419,"Yes"
32420,"No"
32421,"No"
32422,"No"
32423,"Yes"
32424,"No"
32425,"No"
32426,"No"
32427,"No"
32428,"Yes"
32429,"No"
32430,"No"
32431,"No"
32432,"Yes"
32433,"No"
32434,"No"
32435,"No"
32436,"No"
32437,"Yes"
32438,"No"
32439,"No"
32440,"Yes"
32441,"No"
32442,"No"
32443,"Yes"
32444,"No"
32445,"No"
32446,"No"
32447,"No"
32448,"No"
32449,"No"
32450,"No"
32451,"Yes"
32452,"Yes"
32453,"No"
32454,"Yes"
32455,"No"
32456,"No"
32457,"No"
32458,"No"
32459,"No"
32460,"Yes"
32461,"No"
32462,"No"
32463,"No"
32464,"No"
32465,"No"
32466,"No"
32467,"No"
32468,"Yes"
32469,"Yes"
32470,"Yes"
32471,"No"
32472,"No"
32473,"No"
32474,"No"
32475,"No"
32476,"Yes"
32477,"No"
32478,"No"
32479,"No"
32480,"No"
32481,"No"
32482,"Yes"
32483,"Yes"
32484,"No"
32485,"Yes"
32486,"Yes"
32487,"No"
32488,"No"
32489,"No"
32490,"No"
32491,"No"
32492,"Yes"
32493,"No"
32494,"No"
32495,"No"
32496,"No"
32497,"Yes"
32498,"No"
32499,"No"
32500,"No"
32501,"Yes"
32502,"No"
32503,"Yes"
32504,"Yes"
32505,"No"
32506,"No"
32507,"No"
32508,"No"
32509,"No"
32510,"No"
32511,"Yes"
32512,"No"
32513,"No"
32514,"No"
32515,"No"
32516,"No"
32517,"Yes"
32518,"No"
32519,"Yes"
32520,"No"
32521,"Yes"
32522,"Yes"
32523,"No"
32524,"No"
32525,"No"
32526,"No"
32527,"No"
32528,"No"
32529,"No"
32530,"No"
32531,"No"
32532,"No"
32533,"No"
32534,"No"
32535,"No"
32536,"No"
32537,"No"
32538,"Yes"
32539,"No"
32540,"Yes"
32541,"Yes"
32542,"No"
32543,"No"
32544,"No"
32545,"No"
32546,"No"
32547,"No"
32548,"No"
32549,"Yes"
32550,"No"
32551,"No"
32552,"No"
32553,"Yes"
32554,"No"
32555,"Yes"
32556,"No"
32557,"No"
32558,"No"
32559,"Yes"
32560,"Yes"
32561,"No"
32562,"No"
32563,"No"
32564,"No"
32565,"No"
32566,"No"
32567,"Yes"
32568,"No"
32569,"No"
32570,"No"
32571,"No"
32572,"No"
32573,"No"
32574,"Yes"
32575,"Yes"
32576,"No"
32577,"Yes"
32578,"No"
32579,"Yes"
32580,"No"
32581,"Yes"
32582,"No"
32583,"No"
32584,"No"
32585,"Yes"
32586,"No"
32587,"No"
32588,"Yes"
32589,"No"
32590,"No"
32591,"No"
32592,"Yes"
32593,"No"
32594,"No"
32595,"No"
32596,"No"
32597,"No"
32598,"No"
32599,"No"
32600,"No"
32601,"Yes"
32602,"No"
32603,"No"
32604,"No"
32605,"No"
32606,"No"
32607,"No"
32608,"No"
32609,"Yes"
32610,"No"
32611,"Yes"
32612,"Yes"
32613,"No"
32614,"No"
32615,"No"
32616,"No"
32617,"No"
32618,"No"
32619,"No"
32620,"No"
32621,"Yes"
32622,"Yes"
32623,"No"
32624,"Yes"
32625,"Yes"
32626,"No"
32627,"No"
32628,"No"
32629,"No"
32630,"No"
32631,"Yes"
32632,"Yes"
32633,"Yes"
32634,"Yes"
32635,"No"
32636,"Yes"
32637,"No"
32638,"Yes"
32639,"No"
32640,"No"
32641,"No"
32642,"No"
32643,"No"
32644,"No"
32645,"Yes"
32646,"No"
32647,"No"
32648,"No"
32649,"No"
32650,"Yes"
32651,"No"
32652,"No"
32653,"No"
32654,"No"
32655,"No"
32656,"Yes"
32657,"No"
32658,"Yes"
32659,"No"
32660,"Yes"
32661,"No"
32662,"No"
32663,"No"
32664,"Yes"
32665,"No"
32666,"No"
32667,"Yes"
32668,"No"
32669,"Yes"
32670,"No"
32671,"No"
32672,"Yes"
32673,"Yes"
32674,"No"
32675,"Yes"
32676,"No"
32677,"No"
32678,"Yes"
32679,"No"
32680,"No"
32681,"No"
32682,"No"
32683,"No"
32684,"No"
32685,"No"
32686,"Yes"
32687,"No"
32688,"No"
32689,"No"
32690,"Yes"
32691,"No"
32692,"No"
32693,"Yes"
32694,"No"
32695,"No"
32696,"Yes"
32697,"No"
32698,"Yes"
32699,"No"
32700,"No"
32701,"No"
32702,"Yes"
32703,"Yes"
32704,"Yes"
32705,"Yes"
32706,"Yes"
32707,"No"
32708,"Yes"
32709,"No"
32710,"No"
32711,"No"
32712,"No"
32713,"No"
32714,"No"
32715,"No"
32716,"No"
32717,"Yes"
32718,"No"
32719,"Yes"
32720,"No"
32721,"No"
32722,"No"
32723,"No"
32724,"No"
32725,"No"
32726,"Yes"
32727,"No"
32728,"No"
32729,"No"
32730,"No"
32731,"No"
32732,"Yes"
32733,"No"
32734,"No"
32735,"Yes"
32736,"Yes"
32737,"No"
32738,"No"
32739,"Yes"
32740,"Yes"
32741,"Yes"
32742,"No"
32743,"No"
32744,"Yes"
32745,"No"
32746,"No"
32747,"No"
32748,"No"
32749,"No"
32750,"No"
32751,"No"
32752,"No"
32753,"No"
32754,"Yes"
32755,"No"
32756,"Yes"
32757,"No"
32758,"No"
32759,"No"
32760,"No"
32761,"No"
32762,"Yes"
32763,"No"
32764,"Yes"
32765,"No"
32766,"No"
32767,"No"
32768,"Yes"
32769,"No"
32770,"Yes"
32771,"No"
32772,"No"
32773,"No"
32774,"Yes"
32775,"Yes"
32776,"No"
32777,"No"
32778,"Yes"
32779,"No"
32780,"No"
32781,"Yes"
32782,"Yes"
32783,"No"
32784,"No"
32785,"No"
32786,"Yes"
32787,"Yes"
32788,"Yes"
32789,"No"
32790,"Yes"
32791,"No"
32792,"No"
32793,"No"
32794,"No"
32795,"No"
32796,"No"
32797,"Yes"
32798,"Yes"
32799,"Yes"
32800,"No"
32801,"Yes"
32802,"Yes"
32803,"No"
32804,"No"
32805,"Yes"
32806,"No"
32807,"No"
32808,"No"
32809,"No"
32810,"No"
32811,"Yes"
32812,"No"
32813,"No"
32814,"No"
32815,"Yes"
32816,"No"
32817,"No"
32818,"No"
32819,"Yes"
32820,"No"
32821,"No"
32822,"Yes"
32823,"Yes"
32824,"No"
32825,"No"
32826,"Yes"
32827,"No"
32828,"Yes"
32829,"No"
32830,"No"
32831,"Yes"
32832,"No"
32833,"No"
32834,"No"
32835,"No"
32836,"No"
32837,"No"
32838,"No"
32839,"No"
32840,"No"
32841,"No"
32842,"No"
32843,"No"
32844,"No"
32845,"No"
32846,"No"
32847,"No"
32848,"Yes"
32849,"No"
32850,"Yes"
32851,"Yes"
32852,"No"
32853,"Yes"
32854,"No"
32855,"No"
32856,"No"
32857,"Yes"
32858,"No"
32859,"Yes"
32860,"No"
32861,"No"
32862,"No"
32863,"Yes"
32864,"No"
32865,"No"
32866,"Yes"
32867,"Yes"
32868,"No"
32869,"No"
32870,"No"
32871,"No"
32872,"Yes"
32873,"No"
32874,"Yes"
32875,"No"
32876,"No"
32877,"No"
32878,"No"
32879,"No"
32880,"No"
32881,"No"
32882,"No"
32883,"No"
32884,"No"
32885,"No"
32886,"No"
32887,"No"
32888,"Yes"
32889,"No"
32890,"Yes"
32891,"No"
32892,"Yes"
32893,"No"
32894,"No"
32895,"Yes"
32896,"Yes"
32897,"No"
32898,"Yes"
32899,"No"
32900,"No"
32901,"No"
32902,"No"
32903,"Yes"
32904,"No"
32905,"No"
32906,"No"
32907,"No"
32908,"Yes"
32909,"No"
32910,"No"
32911,"No"
32912,"No"
32913,"Yes"
32914,"No"
32915,"No"
32916,"No"
32917,"Yes"
32918,"No"
32919,"No"
32920,"No"
32921,"No"
32922,"No"
32923,"No"
32924,"No"
32925,"No"
32926,"No"
32927,"No"
32928,"No"
32929,"Yes"
32930,"No"
32931,"No"
32932,"No"
32933,"No"
32934,"No"
32935,"Yes"
32936,"No"
32937,"No"
32938,"Yes"
32939,"No"
32940,"Yes"
32941,"No"
32942,"Yes"
32943,"No"
32944,"No"
32945,"No"
32946,"No"
32947,"No"
32948,"No"
32949,"No"
32950,"No"
32951,"Yes"
32952,"No"
32953,"Yes"
32954,"No"
32955,"No"
32956,"No"
32957,"No"
32958,"No"
32959,"Yes"
32960,"No"
32961,"Yes"
32962,"Yes"
32963,"No"
32964,"Yes"
32965,"No"
32966,"No"
32967,"Yes"
32968,"No"
32969,"Yes"
32970,"No"
32971,"No"
32972,"No"
32973,"Yes"
32974,"Yes"
32975,"Yes"
32976,"Yes"
32977,"No"
32978,"No"
32979,"No"
32980,"No"
32981,"Yes"
32982,"No"
32983,"No"
32984,"No"
32985,"Yes"
32986,"Yes"
32987,"Yes"
32988,"No"
32989,"Yes"
32990,"Yes"
32991,"No"
32992,"No"
32993,"Yes"
32994,"Yes"
32995,"No"
32996,"Yes"
32997,"Yes"
32998,"No"
32999,"Yes"
33000,"Yes"
33001,"No"
33002,"Yes"
33003,"No"
33004,"No"
33005,"Yes"
33006,"No"
33007,"No"
33008,"Yes"
33009,"No"
33010,"No"
33011,"No"
33012,"Yes"
33013,"No"
33014,"No"
33015,"No"
33016,"Yes"
33017,"Yes"
33018,"Yes"
33019,"No"
33020,"Yes"
33021,"No"
33022,"No"
33023,"Yes"
33024,"No"
33025,"No"
33026,"No"
33027,"No"
33028,"No"
33029,"No"
33030,"No"
33031,"No"
33032,"No"
33033,"No"
33034,"No"
33035,"No"
33036,"No"
33037,"No"
33038,"No"
33039,"Yes"
33040,"Yes"
33041,"Yes"
33042,"No"
33043,"No"
33044,"Yes"
33045,"No"
33046,"No"
33047,"Yes"
33048,"No"
33049,"Yes"
33050,"No"
33051,"No"
33052,"No"
33053,"Yes"
33054,"No"
33055,"Yes"
33056,"Yes"
33057,"Yes"
33058,"Yes"
33059,"Yes"
33060,"No"
33061,"No"
33062,"Yes"
33063,"No"
33064,"Yes"
33065,"No"
33066,"No"
33067,"Yes"
33068,"Yes"
33069,"Yes"
33070,"No"
33071,"Yes"
33072,"No"
33073,"No"
33074,"No"
33075,"Yes"
33076,"Yes"
33077,"No"
33078,"No"
33079,"No"
33080,"No"
33081,"No"
33082,"No"
33083,"No"
33084,"Yes"
33085,"No"
33086,"No"
33087,"Yes"
33088,"No"
33089,"No"
33090,"No"
33091,"No"
33092,"Yes"
33093,"No"
33094,"Yes"
33095,"No"
33096,"Yes"
33097,"No"
33098,"No"
33099,"Yes"
33100,"Yes"
33101,"No"
33102,"No"
33103,"No"
33104,"Yes"
33105,"Yes"
33106,"No"
33107,"No"
33108,"Yes"
33109,"No"
33110,"Yes"
33111,"No"
33112,"Yes"
33113,"No"
33114,"No"
33115,"No"
33116,"No"
33117,"Yes"
33118,"Yes"
33119,"No"
33120,"No"
33121,"Yes"
33122,"No"
33123,"No"
33124,"No"
33125,"Yes"
33126,"Yes"
33127,"No"
33128,"Yes"
33129,"Yes"
33130,"Yes"
33131,"No"
33132,"Yes"
33133,"Yes"
33134,"No"
33135,"No"
33136,"No"
33137,"No"
33138,"Yes"
33139,"No"
33140,"Yes"
33141,"No"
33142,"No"
33143,"No"
33144,"Yes"
33145,"No"
33146,"No"
33147,"Yes"
33148,"Yes"
33149,"No"
33150,"Yes"
33151,"Yes"
33152,"Yes"
33153,"No"
33154,"No"
33155,"No"
33156,"Yes"
33157,"No"
33158,"No"
33159,"No"
33160,"Yes"
33161,"No"
33162,"Yes"
33163,"Yes"
33164,"No"
33165,"No"
33166,"Yes"
33167,"Yes"
33168,"Yes"
33169,"No"
33170,"No"
33171,"Yes"
33172,"No"
33173,"Yes"
33174,"No"
33175,"No"
33176,"No"
33177,"Yes"
33178,"No"
33179,"No"
33180,"No"
33181,"Yes"
33182,"No"
33183,"No"
33184,"No"
33185,"No"
33186,"No"
33187,"No"
33188,"Yes"
33189,"No"
33190,"No"
33191,"No"
33192,"No"
33193,"Yes"
33194,"No"
33195,"Yes"
33196,"No"
33197,"No"
33198,"No"
33199,"No"
33200,"Yes"
33201,"No"
33202,"No"
33203,"Yes"
33204,"Yes"
33205,"No"
33206,"No"
33207,"Yes"
33208,"No"
33209,"No"
33210,"Yes"
33211,"Yes"
33212,"No"
33213,"No"
33214,"No"
33215,"No"
33216,"No"
33217,"No"
33218,"No"
33219,"No"
33220,"No"
33221,"No"
33222,"No"
33223,"No"
33224,"No"
33225,"Yes"
33226,"No"
33227,"Yes"
33228,"No"
33229,"No"
33230,"Yes"
33231,"No"
33232,"Yes"
33233,"No"
33234,"Yes"
33235,"No"
33236,"No"
33237,"No"
33238,"No"
33239,"No"
33240,"Yes"
33241,"No"
33242,"No"
33243,"No"
33244,"Yes"
33245,"Yes"
33246,"Yes"
33247,"Yes"
33248,"No"
33249,"No"
33250,"No"
33251,"No"
33252,"No"
33253,"No"
33254,"No"
33255,"No"
33256,"Yes"
33257,"Yes"
33258,"Yes"
33259,"No"
33260,"No"
33261,"Yes"
33262,"Yes"
33263,"No"
33264,"No"
33265,"No"
33266,"No"
33267,"No"
33268,"No"
33269,"Yes"
33270,"Yes"
33271,"No"
33272,"No"
33273,"No"
33275,"No"
33276,"Yes"
33277,"No"
33278,"No"
33279,"No"
33280,"Yes"
33281,"Yes"
33282,"Yes"
33283,"No"
33284,"No"
33285,"Yes"
33286,"No"
33287,"No"
33288,"No"
33289,"No"
33290,"No"
33291,"No"
33292,"No"
33293,"No"
33294,"No"
33295,"No"
33296,"No"
33297,"Yes"
33298,"No"
33299,"No"
33300,"No"
33301,"Yes"
33302,"Yes"
33303,"No"
33304,"No"
33305,"No"
33306,"No"
33307,"No"
33308,"No"
33309,"No"
33310,"Yes"
33311,"Yes"
33312,"No"
33313,"No"
33314,"Yes"
33315,"No"
33316,"Yes"
33317,"Yes"
33318,"No"
33319,"Yes"
33320,"Yes"
33321,"No"
33322,"No"
33323,"No"
33324,"Yes"
33325,"No"
33326,"No"
33327,"Yes"
33328,"No"
33329,"Yes"
33330,"No"
33331,"No"
33332,"Yes"
33333,"No"
33334,"Yes"
33335,"No"
33336,"No"
33337,"No"
33338,"Yes"
33339,"No"
33340,"No"
33341,"No"
33342,"Yes"
33343,"Yes"
33344,"Yes"
33345,"No"
33346,"No"
33347,"No"
33348,"No"
33349,"No"
33350,"No"
33351,"No"
33352,"Yes"
33353,"No"
33354,"Yes"
33355,"Yes"
33356,"Yes"
33357,"No"
33358,"No"
33359,"No"
33360,"No"
33361,"Yes"
33362,"No"
33363,"Yes"
33364,"Yes"
33365,"No"
33366,"Yes"
33367,"No"
33368,"No"
33369,"Yes"
33370,"Yes"
33371,"Yes"
33372,"Yes"
33373,"Yes"
33374,"No"
33375,"No"
33376,"No"
33377,"No"
33378,"Yes"
33379,"No"
33380,"No"
33381,"No"
33382,"No"
33383,"Yes"
33384,"No"
33385,"No"
33386,"No"
33387,"No"
33388,"No"
33389,"No"
33390,"Yes"
33391,"No"
33392,"Yes"
33393,"No"
33394,"No"
33395,"Yes"
33396,"No"
33397,"No"
33398,"No"
33399,"No"
33400,"Yes"
33401,"Yes"
33402,"No"
33403,"No"
33404,"No"
33405,"No"
33406,"Yes"
33407,"No"
33408,"No"
33409,"Yes"
33410,"Yes"
33411,"No"
33412,"Yes"
33413,"No"
33414,"Yes"
33415,"No"
33416,"Yes"
33417,"Yes"
33418,"No"
33419,"No"
33420,"No"
33421,"No"
33422,"No"
33423,"No"
33424,"No"
33425,"Yes"
33426,"No"
33427,"No"
33428,"No"
33429,"Yes"
33430,"Yes"
33431,"No"
33432,"Yes"
33433,"No"
33434,"No"
33435,"No"
33436,"No"
33437,"No"
33438,"No"
33439,"Yes"
33440,"No"
33441,"No"
33442,"Yes"
33443,"No"
33444,"Yes"
33445,"Yes"
33446,"No"
33447,"No"
33448,"No"
33449,"No"
33450,"Yes"
33451,"Yes"
33452,"No"
33453,"No"
33454,"Yes"
33455,"Yes"
33456,"Yes"
33457,"No"
33458,"Yes"
33459,"No"
33460,"Yes"
33461,"No"
33462,"No"
33463,"Yes"
33464,"Yes"
33465,"No"
33466,"No"
33467,"Yes"
33468,"Yes"
33469,"Yes"
33470,"No"
33471,"Yes"
33472,"No"
33473,"No"
33474,"Yes"
33475,"Yes"
33476,"No"
33477,"No"
33478,"No"
33479,"No"
33480,"No"
33481,"No"
33482,"No"
33483,"Yes"
33484,"No"
33485,"No"
33486,"No"
33487,"No"
33488,"Yes"
33489,"No"
33490,"Yes"
33491,"No"
33492,"Yes"
33493,"No"
33494,"Yes"
33495,"Yes"
33496,"No"
33497,"No"
33498,"No"
33499,"Yes"
33500,"No"
33501,"No"
33502,"No"
33503,"Yes"
33504,"No"
33505,"No"
33506,"No"
33507,"No"
33508,"No"
33509,"Yes"
33510,"No"
33511,"Yes"
33512,"Yes"
33513,"No"
33514,"No"
33515,"No"
33516,"No"
33517,"No"
33518,"No"
33519,"No"
33520,"Yes"
33521,"No"
33522,"Yes"
33523,"Yes"
33524,"Yes"
33525,"No"
33526,"Yes"
33527,"No"
33528,"No"
33529,"No"
33530,"No"
33531,"Yes"
33532,"No"
33533,"No"
33534,"Yes"
33535,"No"
33536,"Yes"
33537,"No"
33538,"No"
33539,"No"
33540,"Yes"
33541,"No"
33542,"Yes"
33543,"No"
33544,"No"
33545,"Yes"
33546,"No"
33547,"Yes"
33548,"Yes"
33549,"No"
33550,"Yes"
33551,"No"
33552,"No"
33553,"Yes"
33554,"No"
33555,"No"
33556,"No"
33557,"No"
33558,"No"
33559,"No"
33560,"No"
33561,"No"
33562,"No"
33563,"Yes"
33564,"No"
33565,"Yes"
33566,"Yes"
33567,"No"
33568,"Yes"
33569,"No"
33570,"Yes"
33571,"No"
33572,"Yes"
33573,"No"
33574,"No"
33575,"No"
33576,"Yes"
33577,"No"
33578,"No"
33579,"No"
33580,"Yes"
33581,"No"
33582,"Yes"
33583,"Yes"
33584,"No"
33585,"No"
33586,"Yes"
33587,"Yes"
33588,"Yes"
33589,"No"
33590,"Yes"
33591,"Yes"
33592,"No"
33593,"No"
33594,"No"
33595,"Yes"
33596,"Yes"
33597,"No"
33598,"Yes"
33599,"No"
33600,"No"
33601,"Yes"
33602,"No"
33603,"Yes"
33604,"No"
33605,"Yes"
33606,"Yes"
33607,"No"
33608,"Yes"
33609,"No"
33610,"No"
33611,"Yes"
33612,"No"
33613,"No"
33614,"No"
33615,"Yes"
33616,"No"
33617,"Yes"
33618,"No"
33619,"Yes"
33620,"No"
33621,"No"
33622,"No"
33623,"No"
33624,"No"
33625,"No"
33626,"No"
33627,"No"
33628,"No"
33629,"No"
33630,"Yes"
33631,"No"
33632,"No"
33633,"No"
33634,"No"
33635,"No"
33636,"Yes"
33637,"No"
33638,"No"
33639,"Yes"
33640,"No"
33641,"No"
33642,"No"
33643,"Yes"
33644,"Yes"
33645,"No"
33646,"No"
33647,"No"
33648,"No"
33649,"No"
33650,"No"
33651,"No"
33652,"No"
33653,"No"
33654,"No"
33655,"No"
33656,"No"
33657,"No"
33658,"Yes"
33659,"Yes"
33660,"No"
33661,"No"
33662,"No"
33663,"No"
33664,"Yes"
33665,"No"
33666,"No"
33667,"No"
33668,"No"
33669,"No"
33670,"Yes"
33671,"No"
33672,"No"
33673,"Yes"
33674,"Yes"
33675,"Yes"
33676,"No"
33677,"Yes"
33678,"No"
33679,"No"
33680,"Yes"
33681,"Yes"
33682,"Yes"
33683,"No"
33684,"No"
33685,"Yes"
33686,"No"
33687,"Yes"
33688,"No"
33689,"No"
33690,"No"
33691,"No"
33692,"No"
33693,"No"
33694,"Yes"
33695,"Yes"
33696,"No"
33697,"No"
33698,"No"
33699,"Yes"
33700,"Yes"
33701,"No"
33702,"Yes"
33703,"No"
33704,"No"
33705,"Yes"
33706,"No"
33707,"No"
33708,"No"
33709,"Yes"
33710,"Yes"
33711,"Yes"
33712,"No"
33713,"No"
33714,"No"
33715,"Yes"
33716,"No"
33717,"No"
33718,"No"
33719,"No"
33720,"No"
33721,"Yes"
33722,"No"
33723,"No"
33724,"No"
33725,"No"
33726,"No"
33727,"No"
33728,"No"
33729,"No"
33730,"No"
33731,"Yes"
33732,"Yes"
33733,"No"
33734,"No"
33735,"No"
33736,"No"
33737,"No"
33738,"Yes"
33739,"No"
33740,"No"
33741,"No"
33742,"No"
33743,"No"
33744,"No"
33745,"No"
33746,"No"
33747,"No"
33748,"No"
33749,"No"
33750,"No"
33751,"No"
33752,"Yes"
33753,"Yes"
33754,"No"
33755,"No"
33756,"No"
33757,"Yes"
33758,"No"
33759,"No"
33760,"No"
33761,"Yes"
33762,"Yes"
33763,"No"
33764,"No"
33765,"No"
33766,"Yes"
33767,"No"
33768,"No"
33769,"No"
33770,"No"
33771,"No"
33772,"Yes"
33773,"Yes"
33774,"No"
33775,"No"
33776,"Yes"
33777,"No"
33778,"Yes"
33779,"No"
33780,"No"
33781,"No"
33782,"No"
33783,"No"
33784,"Yes"
33785,"No"
33786,"Yes"
33787,"No"
33788,"No"
33789,"Yes"
33790,"Yes"
33791,"No"
33792,"Yes"
33793,"No"
33794,"No"
33795,"No"
33796,"No"
33797,"No"
33798,"No"
33799,"Yes"
33800,"No"
33801,"Yes"
33802,"Yes"
33803,"No"
33804,"Yes"
33805,"No"
33806,"No"
33807,"Yes"
33808,"No"
33809,"No"
33810,"No"
33811,"No"
33812,"Yes"
33813,"No"
33814,"No"
33815,"Yes"
33816,"No"
33817,"Yes"
33818,"No"
33819,"No"
33820,"No"
33821,"No"
33822,"No"
33823,"No"
33824,"No"
33825,"No"
33826,"No"
33827,"No"
33828,"Yes"
33829,"No"
33830,"No"
33831,"No"
33832,"No"
33833,"No"
33834,"No"
33835,"No"
33836,"No"
33837,"No"
33838,"No"
33839,"No"
33840,"Yes"
33841,"No"
33842,"Yes"
33843,"No"
33844,"No"
33845,"Yes"
33846,"No"
33847,"No"
33848,"No"
33849,"Yes"
33850,"Yes"
33851,"Yes"
33852,"No"
33853,"No"
33854,"Yes"
33855,"No"
33856,"Yes"
33857,"No"
33858,"Yes"
33859,"No"
33860,"No"
33861,"Yes"
33862,"No"
33863,"Yes"
33864,"No"
33865,"No"
33866,"No"
33867,"No"
33868,"Yes"
33869,"Yes"
33870,"No"
33871,"No"
33872,"No"
33873,"Yes"
33874,"No"
33875,"No"
33876,"Yes"
33877,"No"
33878,"No"
33879,"No"
33880,"No"
33881,"Yes"
33882,"Yes"
33883,"No"
33884,"Yes"
33885,"No"
33886,"Yes"
33887,"No"
33888,"No"
33889,"Yes"
33890,"No"
33891,"Yes"
33892,"No"
33893,"No"
33894,"No"
33895,"Yes"
33896,"No"
33897,"No"
33898,"Yes"
33899,"No"
33900,"No"
33901,"Yes"
33902,"No"
33903,"Yes"
33904,"No"
33905,"Yes"
33906,"Yes"
33907,"No"
33908,"No"
33909,"No"
33910,"Yes"
33911,"No"
33912,"Yes"
33913,"No"
33914,"Yes"
33915,"Yes"
33916,"No"
33917,"Yes"
33918,"No"
33919,"No"
33920,"No"
33921,"Yes"
33922,"Yes"
33923,"No"
33924,"Yes"
33925,"No"
33926,"No"
33927,"No"
33928,"No"
33929,"No"
33930,"Yes"
33931,"Yes"
33932,"Yes"
33933,"No"
33934,"No"
33935,"Yes"
33936,"No"
33937,"Yes"
33938,"No"
33939,"No"
33940,"No"
33941,"Yes"
33942,"No"
33943,"Yes"
33944,"No"
33945,"Yes"
33946,"Yes"
33947,"Yes"
33948,"No"
33949,"No"
33950,"No"
33951,"No"
33952,"No"
33953,"Yes"
33954,"Yes"
33955,"No"
33956,"No"
33957,"No"
33958,"Yes"
33959,"Yes"
33960,"No"
33961,"Yes"
33962,"No"
33963,"No"
33964,"No"
33965,"Yes"
33966,"No"
33967,"Yes"
33968,"No"
33969,"No"
33970,"Yes"
33971,"No"
33972,"Yes"
33973,"Yes"
33974,"Yes"
33975,"No"
33976,"Yes"
33977,"No"
33978,"Yes"
33979,"Yes"
33980,"No"
33981,"No"
33982,"Yes"
33983,"No"
33984,"Yes"
33985,"No"
33986,"Yes"
33987,"No"
33988,"Yes"
33989,"Yes"
33990,"No"
33991,"No"
33992,"Yes"
33993,"Yes"
33994,"No"
33995,"No"
33996,"No"
33997,"No"
33998,"Yes"
33999,"No"
34000,"No"
34001,"No"
34002,"Yes"
34003,"Yes"
34004,"Yes"
34005,"Yes"
34006,"Yes"
34007,"No"
34008,"No"
34009,"No"
34010,"No"
34011,"No"
34012,"No"
34013,"Yes"
34014,"No"
34015,"Yes"
34016,"No"
34017,"Yes"
34018,"No"
34019,"No"
34020,"No"
34021,"No"
34022,"No"
34023,"No"
34024,"No"
34025,"No"
34026,"Yes"
34027,"No"
34028,"Yes"
34029,"Yes"
34030,"No"
34031,"No"
34032,"No"
34033,"Yes"
34034,"No"
34035,"No"
34036,"Yes"
34037,"Yes"
34038,"No"
34039,"No"
34040,"No"
34041,"No"
34042,"No"
34043,"No"
34044,"No"
34045,"No"
34046,"No"
34047,"Yes"
34048,"No"
34049,"No"
34050,"No"
34051,"No"
34052,"No"
34053,"No"
34054,"No"
34055,"No"
34056,"No"
34057,"Yes"
34058,"No"
34059,"Yes"
34060,"No"
34061,"No"
34062,"No"
34063,"No"
34064,"No"
34065,"Yes"
34066,"No"
34067,"Yes"
34068,"No"
34069,"Yes"
34070,"No"
34071,"No"
34072,"No"
34073,"Yes"
34074,"Yes"
34075,"No"
34076,"No"
34077,"Yes"
34078,"No"
34079,"No"
34080,"No"
34081,"Yes"
34082,"No"
34083,"No"
34084,"No"
34085,"Yes"
34086,"Yes"
34087,"Yes"
34088,"Yes"
34089,"Yes"
34090,"No"
34091,"Yes"
34092,"Yes"
34093,"No"
34094,"No"
34095,"No"
34096,"Yes"
34097,"No"
34098,"No"
34099,"No"
34100,"No"
34101,"Yes"
34102,"No"
34103,"Yes"
34104,"No"
34105,"No"
34106,"No"
34107,"No"
34108,"No"
34109,"Yes"
34110,"No"
34111,"No"
34112,"No"
34113,"No"
34114,"No"
34115,"No"
34116,"Yes"
34117,"No"
34118,"Yes"
34119,"No"
34120,"Yes"
34121,"No"
34122,"No"
34123,"No"
34124,"No"
34125,"No"
34126,"Yes"
34127,"No"
34128,"No"
34129,"No"
34130,"No"
34131,"Yes"
34132,"No"
34133,"No"
34134,"Yes"
34135,"No"
34136,"No"
34137,"No"
34138,"Yes"
34139,"No"
34140,"No"
34141,"Yes"
34142,"No"
34143,"Yes"
34144,"Yes"
34145,"No"
34146,"No"
34147,"No"
34148,"No"
34149,"No"
34150,"Yes"
34151,"No"
34152,"Yes"
34153,"Yes"
34154,"Yes"
34155,"Yes"
34156,"Yes"
34157,"Yes"
34158,"No"
34159,"No"
34160,"No"
34161,"No"
34162,"No"
34163,"Yes"
34164,"Yes"
34165,"Yes"
34166,"Yes"
34167,"No"
34168,"No"
34169,"No"
34170,"No"
34171,"Yes"
34172,"No"
34173,"Yes"
34174,"No"
34175,"No"
34176,"No"
34177,"Yes"
34178,"Yes"
34179,"No"
34180,"No"
34181,"No"
34182,"No"
34183,"No"
34184,"No"
34185,"No"
34186,"No"
34187,"No"
34188,"Yes"
34189,"No"
34190,"Yes"
34191,"No"
34192,"No"
34193,"No"
34194,"No"
34195,"Yes"
34196,"No"
34197,"Yes"
34198,"No"
34199,"No"
34200,"Yes"
34201,"No"
34202,"Yes"
34203,"No"
34204,"No"
34205,"Yes"
34206,"No"
34207,"No"
34208,"No"
34209,"No"
34210,"No"
34211,"Yes"
34212,"Yes"
34213,"No"
34214,"No"
34215,"Yes"
34216,"Yes"
34217,"No"
34218,"No"
34219,"Yes"
34220,"Yes"
34221,"No"
34222,"No"
34223,"No"
34224,"No"
34225,"No"
34226,"Yes"
34227,"Yes"
34228,"No"
34229,"No"
34230,"No"
34231,"Yes"
34232,"No"
34233,"Yes"
34234,"No"
34235,"Yes"
34236,"No"
34237,"No"
34238,"Yes"
34239,"No"
34240,"No"
34241,"No"
34242,"No"
34243,"No"
34245,"No"
34246,"No"
34247,"No"
34248,"No"
34249,"No"
34250,"No"
34251,"No"
34252,"No"
34253,"Yes"
34254,"No"
34255,"No"
34256,"No"
34257,"No"
34258,"No"
34259,"No"
34260,"No"
34261,"No"
34262,"Yes"
34263,"No"
34264,"Yes"
34265,"No"
34266,"No"
34267,"No"
34268,"Yes"
34269,"No"
34270,"No"
34271,"Yes"
34272,"Yes"
34273,"No"
34274,"No"
34275,"Yes"
34276,"No"
34277,"No"
34278,"Yes"
34279,"No"
34280,"Yes"
34281,"No"
34282,"No"
34283,"No"
34284,"No"
34285,"No"
34286,"Yes"
34287,"No"
34288,"No"
34289,"No"
34290,"Yes"
34291,"No"
34292,"No"
34293,"No"
34294,"No"
34295,"Yes"
34296,"No"
34297,"No"
34298,"No"
34299,"Yes"
34300,"Yes"
34301,"Yes"
34302,"No"
34303,"No"
34304,"No"
34305,"No"
34306,"Yes"
34307,"No"
34308,"Yes"
34309,"No"
34310,"No"
34311,"No"
34312,"Yes"
34313,"No"
34314,"No"
34315,"No"
34316,"Yes"
34317,"Yes"
34318,"Yes"
34319,"Yes"
34320,"No"
34321,"No"
34322,"No"
34323,"No"
34324,"No"
34325,"No"
34326,"No"
34327,"No"
34328,"Yes"
34329,"No"
34330,"No"
34331,"No"
34332,"No"
34333,"No"
34334,"Yes"
34335,"Yes"
34336,"No"
34337,"Yes"
34338,"Yes"
34339,"No"
34340,"Yes"
34341,"Yes"
34342,"Yes"
34343,"Yes"
34344,"Yes"
34345,"No"
34346,"No"
34347,"No"
34348,"No"
34349,"Yes"
34350,"Yes"
34351,"Yes"
34352,"No"
34353,"No"
34354,"No"
34355,"No"
34356,"No"
34357,"Yes"
34358,"Yes"
34359,"No"
34360,"Yes"
34361,"No"
34362,"No"
34363,"No"
34364,"No"
34365,"No"
34366,"No"
34367,"No"
34368,"Yes"
34369,"No"
34370,"Yes"
34371,"No"
34372,"No"
34373,"No"
34374,"No"
34375,"Yes"
34376,"No"
34377,"Yes"
34378,"No"
34379,"No"
34380,"No"
34381,"No"
34382,"No"
34383,"Yes"
34384,"No"
34385,"No"
34386,"No"
34387,"No"
34388,"No"
34389,"No"
34390,"No"
34391,"No"
34392,"No"
34393,"No"
34394,"No"
34395,"No"
34396,"No"
34397,"No"
34398,"Yes"
34399,"No"
34400,"No"
34401,"Yes"
34402,"No"
34403,"No"
34404,"No"
34405,"Yes"
34406,"No"
34407,"No"
34408,"No"
34409,"Yes"
34410,"Yes"
34411,"Yes"
34412,"No"
34413,"No"
34414,"No"
34415,"No"
34416,"No"
34417,"Yes"
34418,"Yes"
34419,"Yes"
34420,"No"
34421,"No"
34422,"No"
34423,"No"
34424,"No"
34425,"No"
34426,"Yes"
34427,"No"
34428,"Yes"
34429,"No"
34430,"Yes"
34431,"No"
34432,"No"
34433,"Yes"
34434,"No"
34435,"Yes"
34436,"Yes"
34437,"No"
34438,"Yes"
34439,"No"
34440,"No"
34441,"No"
34442,"No"
34443,"No"
34444,"No"
34445,"Yes"
34446,"No"
34447,"No"
34448,"No"
34449,"Yes"
34450,"No"
34451,"No"
34452,"No"
34453,"No"
34454,"No"
34455,"No"
34456,"No"
34457,"No"
34458,"No"
34459,"No"
34460,"Yes"
34461,"Yes"
34462,"No"
34463,"No"
34464,"No"
34465,"No"
34466,"No"
34467,"No"
34468,"No"
34469,"No"
34470,"No"
34471,"No"
34472,"Yes"
34473,"Yes"
34474,"No"
34475,"No"
34476,"No"
34477,"No"
34478,"Yes"
34479,"No"
34480,"No"
34481,"Yes"
34482,"No"
34483,"Yes"
34484,"No"
34485,"Yes"
34486,"No"
34487,"No"
34488,"Yes"
34489,"No"
34490,"Yes"
34491,"Yes"
34492,"No"
34493,"No"
34494,"No"
34495,"Yes"
34496,"No"
34497,"No"
34498,"No"
34499,"Yes"
34500,"No"
34501,"Yes"
34502,"No"
34503,"Yes"
34504,"Yes"
34505,"No"
34506,"No"
34507,"No"
34508,"Yes"
34509,"No"
34510,"No"
34511,"No"
34512,"No"
34513,"No"
34514,"No"
34515,"Yes"
34516,"Yes"
34517,"No"
34518,"No"
34519,"No"
34520,"No"
34521,"No"
34522,"No"
34523,"Yes"
34524,"Yes"
34525,"Yes"
34526,"Yes"
34527,"Yes"
34528,"No"
34529,"No"
34530,"No"
34531,"Yes"
34532,"Yes"
34533,"Yes"
34534,"Yes"
34535,"No"
34536,"Yes"
34537,"No"
34538,"Yes"
34539,"No"
34540,"Yes"
34541,"No"
34542,"No"
34543,"No"
34544,"No"
34545,"No"
34546,"No"
34547,"Yes"
34548,"No"
34549,"Yes"
34550,"Yes"
34551,"No"
34552,"No"
34553,"No"
34554,"No"
34555,"No"
34556,"No"
34557,"No"
34558,"No"
34559,"Yes"
34560,"Yes"
34561,"No"
34562,"Yes"
34563,"Yes"
34564,"Yes"
34565,"No"
34566,"No"
34567,"No"
34568,"Yes"
34569,"No"
34570,"No"
34571,"No"
34572,"No"
34573,"No"
34574,"No"
34575,"Yes"
34576,"No"
34577,"No"
34578,"No"
34579,"No"
34580,"Yes"
34581,"No"
34582,"No"
34583,"Yes"
34584,"No"
34585,"Yes"
34586,"No"
34587,"Yes"
34588,"Yes"
34589,"No"
34590,"Yes"
34591,"No"
34592,"No"
34593,"No"
34594,"No"
34595,"No"
34596,"No"
34597,"No"
34598,"No"
34599,"Yes"
34600,"No"
34601,"No"
34602,"No"
34603,"Yes"
34604,"Yes"
34605,"No"
34606,"Yes"
34607,"No"
34608,"Yes"
34609,"No"
34610,"No"
34611,"Yes"
34612,"Yes"
34613,"No"
34614,"No"
34615,"No"
34616,"Yes"
34617,"No"
34618,"No"
34619,"Yes"
34620,"No"
34621,"Yes"
34622,"No"
34623,"No"
34624,"No"
34625,"No"
34626,"No"
34627,"No"
34628,"No"
34629,"No"
34630,"Yes"
34631,"No"
34632,"Yes"
34633,"No"
34634,"No"
34635,"No"
34636,"No"
34637,"Yes"
34638,"No"
34639,"Yes"
34640,"Yes"
34641,"Yes"
34642,"No"
34643,"No"
34644,"No"
34645,"No"
34646,"No"
34647,"No"
34648,"No"
34649,"No"
34650,"Yes"
34651,"No"
34652,"Yes"
34653,"Yes"
34654,"No"
34655,"No"
34656,"No"
34657,"No"
34658,"No"
34659,"No"
34660,"No"
34661,"No"
34662,"No"
34663,"Yes"
34664,"Yes"
34665,"No"
34666,"Yes"
34667,"Yes"
34668,"Yes"
34669,"No"
34670,"Yes"
34671,"No"
34672,"Yes"
34673,"Yes"
34674,"No"
34675,"Yes"
34676,"Yes"
34677,"Yes"
34678,"No"
34679,"No"
34680,"No"
34681,"No"
34682,"No"
34683,"No"
34684,"No"
34685,"No"
34686,"No"
34687,"No"
34688,"No"
34689,"Yes"
34690,"No"
34691,"No"
34692,"Yes"
34693,"Yes"
34694,"No"
34695,"No"
34696,"Yes"
34697,"No"
34698,"No"
34699,"No"
34700,"No"
34701,"No"
34702,"No"
34703,"Yes"
34704,"No"
34705,"No"
34706,"No"
34707,"No"
34708,"No"
34709,"No"
34710,"No"
34711,"No"
34712,"Yes"
34713,"No"
34714,"No"
34715,"Yes"
34716,"No"
34717,"No"
34718,"No"
34719,"Yes"
34720,"No"
34721,"Yes"
34722,"No"
34723,"No"
34724,"No"
34725,"Yes"
34726,"No"
34727,"No"
34728,"No"
34729,"No"
34730,"No"
34731,"Yes"
34732,"Yes"
34733,"Yes"
34734,"Yes"
34735,"Yes"
34736,"Yes"
34737,"No"
34738,"No"
34739,"No"
34740,"No"
34741,"No"
34742,"Yes"
34743,"Yes"
34744,"No"
34745,"No"
34746,"Yes"
34747,"No"
34748,"No"
34749,"Yes"
34750,"Yes"
34751,"No"
34752,"No"
34753,"No"
34754,"Yes"
34755,"No"
34756,"No"
34757,"No"
34758,"Yes"
34759,"Yes"
34760,"Yes"
34761,"No"
34762,"Yes"
34763,"No"
34764,"Yes"
34765,"No"
34766,"No"
34767,"No"
34768,"No"
34769,"Yes"
34770,"Yes"
34771,"Yes"
34772,"No"
34773,"Yes"
34774,"No"
34775,"No"
34776,"No"
34777,"No"
34778,"No"
34779,"No"
34780,"No"
34781,"No"
34782,"No"
34783,"No"
34784,"No"
34785,"Yes"
34786,"Yes"
34787,"No"
34788,"Yes"
34789,"No"
34790,"No"
34791,"Yes"
34792,"No"
34793,"No"
34794,"No"
34795,"No"
34796,"No"
34797,"No"
34798,"No"
34799,"No"
34800,"No"
34801,"Yes"
34802,"No"
34803,"No"
34804,"Yes"
34805,"Yes"
34806,"Yes"
34807,"No"
34808,"Yes"
34809,"No"
34810,"Yes"
34811,"Yes"
34812,"No"
34813,"No"
34814,"No"
34815,"No"
34816,"Yes"
34817,"No"
34818,"No"
34819,"Yes"
34820,"No"
34821,"Yes"
34822,"No"
34823,"Yes"
34824,"Yes"
34825,"Yes"
34826,"No"
34827,"No"
34828,"Yes"
34829,"No"
34830,"No"
34831,"Yes"
34832,"Yes"
34833,"Yes"
34834,"Yes"
34835,"Yes"
34836,"No"
34837,"No"
34838,"Yes"
34839,"No"
34840,"Yes"
34841,"No"
34842,"No"
34843,"Yes"
34844,"No"
34845,"Yes"
34846,"No"
34847,"No"
34848,"Yes"
34849,"No"
34850,"No"
34851,"Yes"
34852,"No"
34853,"No"
34854,"No"
34855,"Yes"
34856,"No"
34857,"No"
34858,"Yes"
34859,"Yes"
34860,"Yes"
34861,"No"
34862,"No"
34863,"Yes"
34864,"No"
34865,"No"
34866,"No"
34867,"Yes"
34868,"No"
34869,"Yes"
34870,"Yes"
34871,"No"
34872,"No"
34873,"No"
34874,"Yes"
34875,"No"
34876,"Yes"
34877,"Yes"
34878,"No"
34879,"No"
34880,"No"
34881,"Yes"
34882,"Yes"
34883,"No"
34884,"No"
34885,"No"
34886,"No"
34887,"Yes"
34888,"No"
34889,"No"
34890,"No"
34891,"Yes"
34892,"Yes"
34893,"Yes"
34894,"Yes"
34895,"Yes"
34896,"No"
34897,"No"
34898,"Yes"
34899,"No"
34900,"Yes"
34901,"No"
34902,"No"
34903,"No"
34904,"No"
34905,"Yes"
34906,"Yes"
34907,"No"
34908,"No"
34909,"No"
34910,"Yes"
34911,"No"
34912,"No"
34913,"Yes"
34914,"No"
34915,"No"
34916,"No"
34917,"No"
34918,"No"
34919,"No"
34920,"No"
34921,"Yes"
34922,"No"
34923,"Yes"
34924,"No"
34925,"No"
34926,"No"
34927,"No"
34928,"Yes"
34929,"No"
34930,"No"
34931,"No"
34932,"No"
34933,"No"
34934,"No"
34935,"Yes"
34936,"No"
34937,"No"
34938,"Yes"
34939,"No"
34940,"No"
34941,"No"
34942,"Yes"
34943,"No"
34944,"Yes"
34945,"No"
34946,"No"
34947,"Yes"
34948,"No"
34949,"Yes"
34950,"Yes"
34951,"No"
34952,"No"
34953,"No"
34954,"No"
34955,"No"
34956,"Yes"
34957,"No"
34958,"No"
34959,"Yes"
34960,"No"
34961,"No"
34962,"Yes"
34963,"Yes"
34964,"No"
34965,"No"
34966,"Yes"
34967,"No"
34968,"No"
34969,"Yes"
34970,"No"
34971,"No"
34972,"Yes"
34973,"No"
34974,"No"
34975,"No"
34976,"No"
34977,"No"
34978,"No"
34979,"No"
34980,"Yes"
34981,"No"
34982,"No"
34983,"No"
34984,"No"
34985,"No"
34986,"Yes"
34987,"No"
34988,"No"
34989,"No"
34990,"No"
34991,"No"
34992,"Yes"
34993,"No"
34994,"Yes"
34995,"No"
34996,"No"
34997,"No"
34998,"No"
34999,"No"
35000,"No"
35001,"Yes"
35002,"No"
35003,"Yes"
35004,"No"
35005,"No"
35006,"No"
35007,"Yes"
35008,"Yes"
35009,"Yes"
35010,"Yes"
35011,"Yes"
35012,"No"
35013,"Yes"
35014,"No"
35015,"No"
35016,"No"
35017,"No"
35018,"No"
35019,"No"
35020,"No"
35021,"Yes"
35022,"No"
35023,"No"
35024,"No"
35025,"No"
35026,"Yes"
35027,"Yes"
35028,"Yes"
35029,"No"
35030,"No"
35031,"No"
35032,"No"
35033,"No"
35034,"No"
35035,"No"
35036,"Yes"
35037,"Yes"
35038,"No"
35039,"No"
35040,"No"
35041,"Yes"
35042,"Yes"
35043,"No"
35044,"Yes"
35045,"No"
35046,"No"
35047,"No"
35048,"No"
35049,"No"
35050,"No"
35051,"No"
35052,"No"
35053,"No"
35054,"Yes"
35055,"No"
35056,"Yes"
35057,"Yes"
35058,"No"
35059,"No"
35060,"No"
35061,"No"
35062,"Yes"
35063,"No"
35064,"No"
35065,"Yes"
35066,"No"
35067,"No"
35068,"No"
35069,"No"
35070,"No"
35071,"No"
35072,"Yes"
35073,"Yes"
35074,"No"
35075,"No"
35076,"No"
35077,"No"
35078,"No"
35079,"No"
35080,"No"
35081,"Yes"
35082,"Yes"
35083,"No"
35084,"No"
35085,"No"
35086,"No"
35087,"No"
35088,"No"
35089,"Yes"
35090,"No"
35091,"No"
35092,"Yes"
35093,"No"
35094,"Yes"
35095,"Yes"
35096,"No"
35097,"No"
35098,"No"
35099,"Yes"
35100,"No"
35101,"No"
35102,"No"
35103,"Yes"
35104,"Yes"
35105,"Yes"
35106,"No"
35107,"No"
35108,"No"
35109,"No"
35110,"No"
35111,"Yes"
35112,"No"
35113,"Yes"
35114,"No"
35115,"No"
35116,"Yes"
35117,"No"
35118,"No"
35119,"Yes"
35120,"No"
35121,"No"
35122,"No"
35123,"Yes"
35124,"Yes"
35125,"Yes"
35126,"No"
35127,"No"
35128,"No"
35129,"No"
35130,"Yes"
35131,"Yes"
35132,"No"
35133,"No"
35134,"Yes"
35135,"No"
35136,"No"
35137,"Yes"
35138,"No"
35139,"No"
35140,"No"
35141,"No"
35142,"No"
35143,"Yes"
35144,"No"
35145,"No"
35146,"No"
35147,"No"
35148,"No"
35149,"No"
35150,"No"
35151,"No"
35152,"No"
35153,"No"
35154,"Yes"
35155,"No"
35156,"No"
35157,"No"
35158,"No"
35159,"Yes"
35160,"Yes"
35161,"Yes"
35162,"No"
35163,"No"
35164,"No"
35165,"No"
35166,"Yes"
35167,"Yes"
35168,"Yes"
35169,"Yes"
35170,"No"
35171,"No"
35172,"Yes"
35173,"No"
35174,"Yes"
35175,"Yes"
35176,"No"
35177,"No"
35178,"No"
35179,"No"
35180,"Yes"
35181,"No"
35182,"No"
35183,"No"
35184,"No"
35185,"Yes"
35186,"No"
35187,"Yes"
35188,"No"
35189,"No"
35190,"No"
35191,"Yes"
35192,"No"
35193,"Yes"
35194,"Yes"
35195,"No"
35196,"No"
35197,"No"
35198,"Yes"
35199,"No"
35200,"No"
35201,"No"
35202,"No"
35203,"No"
35204,"No"
35205,"No"
35206,"Yes"
35207,"No"
35208,"Yes"
35209,"Yes"
35210,"No"
35211,"Yes"
35212,"No"
35213,"No"
35214,"No"
35215,"No"
35216,"Yes"
35217,"No"
35218,"No"
35219,"Yes"
35220,"No"
35221,"No"
35222,"No"
35223,"No"
35224,"No"
35225,"Yes"
35226,"No"
35227,"No"
35228,"No"
35229,"No"
35230,"No"
35231,"Yes"
35232,"No"
35233,"No"
35234,"Yes"
35235,"No"
35236,"No"
35237,"No"
35238,"No"
35239,"No"
35240,"No"
35241,"Yes"
35242,"Yes"
35243,"No"
35244,"Yes"
35245,"No"
35246,"No"
35247,"No"
35248,"Yes"
35249,"No"
35250,"No"
35251,"No"
35252,"Yes"
35253,"Yes"
35254,"Yes"
35255,"No"
35256,"Yes"
35257,"Yes"
35258,"Yes"
35259,"Yes"
35260,"No"
35261,"No"
35262,"Yes"
35263,"No"
35264,"Yes"
35265,"Yes"
35266,"No"
35267,"Yes"
35268,"Yes"
35269,"Yes"
35270,"Yes"
35271,"No"
35272,"No"
35273,"No"
35274,"No"
35275,"Yes"
35276,"No"
35277,"Yes"
35278,"Yes"
35279,"No"
35280,"No"
35281,"No"
35282,"Yes"
35283,"Yes"
35284,"Yes"
35285,"No"
35286,"Yes"
35287,"No"
35288,"Yes"
35289,"No"
35290,"Yes"
35291,"Yes"
35292,"Yes"
35293,"No"
35294,"No"
35295,"Yes"
35296,"No"
35297,"No"
35298,"Yes"
35299,"No"
35300,"Yes"
35301,"Yes"
35302,"No"
35303,"No"
35304,"No"
35305,"Yes"
35306,"No"
35307,"No"
35308,"No"
35309,"Yes"
35310,"No"
35311,"Yes"
35312,"No"
35313,"No"
35314,"No"
35315,"No"
35316,"No"
35317,"No"
35318,"No"
35319,"Yes"
35320,"No"
35321,"No"
35322,"Yes"
35323,"No"
35324,"No"
35325,"No"
35326,"No"
35327,"Yes"
35328,"No"
35329,"Yes"
35330,"No"
35331,"Yes"
35332,"No"
35333,"Yes"
35334,"Yes"
35335,"Yes"
35336,"No"
35337,"No"
35338,"No"
35339,"No"
35340,"No"
35341,"No"
35342,"Yes"
35343,"No"
35344,"No"
35345,"No"
35346,"Yes"
35347,"No"
35348,"No"
35349,"Yes"
35350,"No"
35351,"No"
35352,"No"
35353,"No"
35354,"No"
35355,"No"
35356,"No"
35357,"No"
35358,"No"
35359,"Yes"
35360,"No"
35361,"No"
35362,"Yes"
35363,"No"
35364,"Yes"
35365,"No"
35366,"No"
35367,"No"
35368,"Yes"
35369,"No"
35370,"No"
35371,"No"
35372,"No"
35373,"No"
35374,"No"
35375,"No"
35376,"Yes"
35377,"No"
35378,"Yes"
35379,"No"
35380,"No"
35381,"No"
35382,"Yes"
35383,"No"
35384,"Yes"
35385,"Yes"
35386,"Yes"
35387,"No"
35388,"No"
35389,"Yes"
35390,"Yes"
35391,"No"
35392,"Yes"
35393,"Yes"
35394,"No"
35395,"Yes"
35396,"Yes"
35397,"No"
35398,"Yes"
35399,"No"
35400,"No"
35401,"No"
35402,"No"
35403,"Yes"
35404,"No"
35405,"No"
35406,"No"
35407,"No"
35408,"No"
35409,"No"
35410,"Yes"
35411,"Yes"
35412,"No"
35413,"Yes"
35414,"Yes"
35415,"No"
35416,"No"
35417,"No"
35418,"No"
35419,"No"
35420,"No"
35421,"Yes"
35422,"No"
35423,"Yes"
35424,"No"
35425,"No"
35426,"No"
35427,"Yes"
35428,"No"
35429,"No"
35430,"No"
35431,"No"
35432,"Yes"
35433,"Yes"
35434,"Yes"
35435,"No"
35436,"Yes"
35437,"No"
35438,"No"
35439,"Yes"
35440,"No"
35441,"No"
35442,"No"
35443,"Yes"
35444,"No"
35445,"No"
35446,"No"
35447,"Yes"
35448,"No"
35449,"Yes"
35450,"No"
35451,"No"
35452,"Yes"
35453,"No"
35454,"No"
35455,"No"
35456,"No"
35457,"No"
35458,"No"
35459,"Yes"
35460,"Yes"
35461,"No"
35462,"No"
35463,"No"
35464,"No"
35465,"No"
35466,"No"
35467,"No"
35468,"Yes"
35469,"No"
35470,"Yes"
35471,"No"
35472,"No"
35473,"Yes"
35474,"No"
35475,"Yes"
35476,"No"
35477,"No"
35478,"No"
35479,"Yes"
35480,"No"
35481,"Yes"
35482,"Yes"
35483,"No"
35484,"No"
35485,"No"
35486,"No"
35487,"No"
35488,"No"
35489,"No"
35490,"No"
35491,"No"
35492,"No"
35493,"No"
35494,"No"
35495,"Yes"
35496,"Yes"
35497,"No"
35498,"No"
35499,"No"
35500,"No"
35501,"No"
35502,"No"
35503,"No"
35504,"Yes"
35505,"Yes"
35506,"No"
35507,"No"
35508,"Yes"
35509,"No"
35510,"No"
35511,"No"
35512,"No"
35513,"No"
35514,"No"
35515,"Yes"
35516,"No"
35517,"No"
35518,"No"
35519,"Yes"
35520,"No"
35521,"No"
35522,"No"
35523,"No"
35524,"No"
35525,"No"
35526,"Yes"
35527,"No"
35528,"Yes"
35529,"No"
35530,"No"
35531,"No"
35532,"No"
35533,"No"
35534,"No"
35535,"No"
35536,"No"
35537,"No"
35538,"Yes"
35539,"Yes"
35540,"Yes"
35541,"No"
35542,"No"
35543,"No"
35544,"Yes"
35545,"Yes"
35546,"Yes"
35547,"Yes"
35548,"Yes"
35549,"No"
35550,"No"
35551,"No"
35552,"No"
35553,"No"
35554,"No"
35555,"No"
35556,"Yes"
35557,"No"
35558,"No"
35559,"Yes"
35560,"No"
35561,"No"
35562,"No"
35563,"No"
35564,"No"
35565,"No"
35566,"No"
35567,"Yes"
35568,"No"
35569,"Yes"
35570,"No"
35571,"No"
35572,"No"
35573,"No"
35574,"No"
35575,"No"
35576,"No"
35577,"No"
35578,"No"
35579,"No"
35580,"Yes"
35581,"No"
35582,"No"
35583,"No"
35584,"No"
35585,"No"
35586,"No"
35587,"No"
35588,"No"
35589,"Yes"
35590,"No"
35591,"No"
35592,"No"
35593,"No"
35594,"Yes"
35595,"No"
35596,"No"
35597,"No"
35598,"Yes"
35599,"Yes"
35600,"No"
35601,"No"
35602,"No"
35603,"Yes"
35604,"No"
35605,"Yes"
35606,"No"
35607,"No"
35608,"No"
35609,"No"
35610,"Yes"
35611,"No"
35612,"No"
35613,"No"
35614,"No"
35615,"No"
35616,"No"
35617,"No"
35618,"Yes"
35619,"No"
35620,"Yes"
35621,"No"
35622,"Yes"
35623,"No"
35624,"Yes"
35625,"Yes"
35626,"No"
35627,"No"
35628,"Yes"
35629,"Yes"
35630,"No"
35631,"No"
35632,"Yes"
35633,"Yes"
35634,"No"
35635,"No"
35636,"No"
35637,"No"
35638,"No"
35639,"No"
35640,"No"
35641,"Yes"
35642,"No"
35643,"No"
35644,"No"
35645,"Yes"
35646,"No"
35647,"No"
35648,"No"
35649,"Yes"
35650,"No"
35651,"No"
35652,"No"
35653,"Yes"
35654,"No"
35655,"No"
35656,"No"
35657,"No"
35658,"No"
35659,"Yes"
35660,"No"
35661,"Yes"
35662,"No"
35663,"No"
35664,"No"
35665,"Yes"
35666,"No"
35667,"Yes"
35668,"Yes"
35669,"No"
35670,"Yes"
35671,"No"
35672,"No"
35673,"No"
35674,"No"
35675,"No"
35676,"No"
35677,"Yes"
35678,"Yes"
35679,"Yes"
35680,"No"
35681,"No"
35682,"Yes"
35683,"No"
35684,"Yes"
35685,"No"
35686,"No"
35687,"Yes"
35688,"No"
35689,"Yes"
35690,"No"
35691,"No"
35692,"No"
35693,"No"
35694,"No"
35695,"Yes"
35696,"No"
35697,"No"
35698,"No"
35699,"Yes"
35700,"Yes"
35701,"No"
35702,"No"
35703,"Yes"
35704,"No"
35705,"Yes"
35706,"No"
35707,"No"
35708,"No"
35709,"Yes"
35710,"No"
35711,"Yes"
35712,"No"
35713,"Yes"
35714,"No"
35715,"No"
35716,"No"
35717,"Yes"
35718,"No"
35719,"Yes"
35720,"No"
35721,"Yes"
35722,"No"
35723,"No"
35724,"No"
35725,"Yes"
35726,"Yes"
35727,"No"
35728,"No"
35729,"Yes"
35730,"No"
35731,"Yes"
35732,"Yes"
35733,"No"
35734,"No"
35735,"No"
35736,"Yes"
35737,"No"
35738,"No"
35739,"No"
35740,"No"
35741,"No"
35742,"No"
35743,"No"
35744,"No"
35745,"No"
35746,"Yes"
35747,"Yes"
35748,"Yes"
35749,"Yes"
35750,"No"
35751,"Yes"
35752,"No"
35753,"No"
35754,"Yes"
35755,"No"
35756,"No"
35757,"No"
35758,"Yes"
35759,"Yes"
35760,"No"
35761,"No"
35762,"Yes"
35763,"No"
35764,"No"
35765,"No"
35766,"Yes"
35767,"No"
35768,"No"
35769,"No"
35770,"Yes"
35771,"No"
35772,"No"
35773,"Yes"
35774,"No"
35775,"No"
35776,"No"
35777,"No"
35778,"Yes"
35779,"Yes"
35780,"No"
35781,"No"
35782,"Yes"
35783,"No"
35784,"No"
35785,"Yes"
35786,"Yes"
35787,"Yes"
35788,"Yes"
35789,"No"
35790,"No"
35791,"No"
35792,"No"
35793,"No"
35794,"No"
35795,"Yes"
35796,"No"
35797,"Yes"
35798,"No"
35799,"No"
35800,"No"
35801,"Yes"
35802,"No"
35803,"No"
35804,"Yes"
35805,"No"
35806,"Yes"
35807,"Yes"
35808,"No"
35809,"No"
35810,"No"
35811,"No"
35812,"Yes"
35813,"No"
35814,"No"
35815,"No"
35816,"No"
35817,"No"
35818,"No"
35819,"Yes"
35820,"No"
35821,"No"
35822,"No"
35823,"No"
35824,"No"
35825,"No"
35826,"No"
35827,"No"
35828,"Yes"
35829,"No"
35830,"No"
35831,"No"
35832,"No"
35833,"Yes"
35834,"No"
35835,"No"
35836,"No"
35837,"No"
35838,"No"
35839,"No"
35840,"No"
35841,"Yes"
35842,"No"
35843,"No"
35844,"Yes"
35845,"Yes"
35846,"No"
35847,"No"
35848,"No"
35849,"No"
35850,"No"
35851,"Yes"
35852,"Yes"
35853,"No"
35854,"No"
35855,"No"
35856,"No"
35857,"No"
35858,"No"
35859,"No"
35860,"Yes"
35861,"No"
35862,"No"
35863,"No"
35864,"No"
35865,"No"
35866,"No"
35867,"No"
35868,"Yes"
35869,"Yes"
35870,"No"
35871,"No"
35872,"No"
35873,"No"
35874,"No"
35875,"Yes"
35876,"No"
35877,"Yes"
35878,"Yes"
35879,"No"
35880,"No"
35881,"No"
35882,"Yes"
35883,"Yes"
35884,"No"
35885,"No"
35886,"Yes"
35887,"No"
35888,"No"
35889,"No"
35890,"Yes"
35891,"No"
35892,"Yes"
35893,"No"
35894,"No"
35895,"Yes"
35896,"Yes"
35897,"Yes"
35898,"Yes"
35899,"No"
35900,"No"
35901,"No"
35902,"Yes"
35903,"No"
35904,"No"
35905,"No"
35906,"No"
35907,"Yes"
35908,"No"
35909,"No"
35910,"No"
35911,"No"
35912,"No"
35913,"No"
35914,"No"
35915,"No"
35916,"No"
35917,"No"
35918,"No"
35919,"No"
35920,"No"
35921,"No"
35922,"No"
35923,"No"
35924,"No"
35925,"No"
35926,"No"
35927,"No"
35928,"No"
35929,"Yes"
35930,"No"
35931,"Yes"
35932,"No"
35933,"No"
35934,"No"
35935,"Yes"
35936,"No"
35937,"No"
35938,"No"
35939,"Yes"
35940,"No"
35941,"Yes"
35942,"No"
35943,"No"
35944,"No"
35945,"Yes"
35946,"Yes"
35947,"No"
35948,"Yes"
35949,"No"
35950,"Yes"
35951,"Yes"
35952,"No"
35953,"No"
35954,"Yes"
35955,"No"
35956,"No"
35957,"No"
35958,"No"
35959,"No"
35960,"No"
35961,"No"
35962,"Yes"
35963,"No"
35964,"No"
35965,"Yes"
35966,"Yes"
35967,"Yes"
35968,"No"
35969,"No"
35970,"No"
35971,"No"
35972,"No"
35973,"No"
35974,"No"
35975,"No"
35976,"No"
35977,"No"
35978,"No"
35979,"No"
35980,"Yes"
35981,"No"
35982,"No"
35983,"No"
35984,"No"
35985,"No"
35986,"No"
35987,"No"
35988,"No"
35989,"No"
35990,"Yes"
35991,"No"
35992,"No"
35993,"No"
35994,"No"
35995,"Yes"
35996,"No"
35997,"Yes"
35998,"Yes"
35999,"Yes"
36000,"Yes"
36001,"No"
36002,"Yes"
36003,"No"
36004,"No"
36005,"No"
36006,"No"
36007,"No"
36008,"Yes"
36009,"Yes"
36010,"Yes"
36011,"Yes"
36012,"Yes"
36013,"Yes"
36014,"No"
36015,"No"
36016,"Yes"
36017,"No"
36018,"No"
36019,"Yes"
36020,"No"
36021,"No"
36022,"No"
36023,"No"
36024,"Yes"
36025,"No"
36026,"Yes"
36027,"No"
36028,"Yes"
36029,"No"
36030,"No"
36031,"No"
36032,"No"
36033,"No"
36034,"Yes"
36035,"Yes"
36036,"No"
36037,"No"
36038,"No"
36039,"Yes"
36040,"No"
36041,"Yes"
36042,"No"
36043,"No"
36044,"No"
36045,"Yes"
36046,"Yes"
36047,"No"
36048,"No"
36049,"Yes"
36050,"No"
36051,"No"
36052,"No"
36053,"Yes"
36054,"Yes"
36055,"Yes"
36056,"No"
36057,"Yes"
36058,"Yes"
36059,"No"
36060,"Yes"
36061,"Yes"
36062,"Yes"
36063,"No"
36064,"No"
36065,"No"
36066,"Yes"
36067,"Yes"
36068,"Yes"
36069,"No"
36070,"No"
36071,"No"
36072,"Yes"
36073,"No"
36074,"No"
36075,"Yes"
36076,"No"
36077,"No"
36078,"No"
36079,"Yes"
36080,"No"
36081,"No"
36082,"No"
36083,"No"
36084,"No"
36085,"No"
36086,"No"
36087,"No"
36088,"Yes"
36089,"Yes"
36090,"No"
36091,"No"
36092,"Yes"
36093,"No"
36094,"No"
36095,"Yes"
36096,"No"
36097,"No"
36098,"No"
36099,"No"
36100,"No"
36101,"Yes"
36102,"No"
36103,"Yes"
36104,"No"
36105,"Yes"
36106,"Yes"
36107,"Yes"
36108,"No"
36109,"No"
36110,"No"
36111,"No"
36112,"Yes"
36113,"No"
36114,"Yes"
36115,"No"
36116,"Yes"
36117,"No"
36118,"No"
36119,"No"
36120,"No"
36121,"No"
36122,"No"
36123,"Yes"
36124,"No"
36125,"No"
36126,"No"
36127,"No"
36128,"Yes"
36129,"No"
36130,"No"
36131,"Yes"
36132,"No"
36133,"No"
36134,"Yes"
36135,"No"
36136,"Yes"
36137,"No"
36138,"Yes"
36139,"No"
36140,"No"
36141,"No"
36142,"Yes"
36143,"No"
36144,"Yes"
36145,"Yes"
36146,"No"
36147,"No"
36148,"No"
36149,"Yes"
36150,"No"
36151,"Yes"
36152,"No"
36153,"No"
36154,"No"
36155,"No"
36156,"Yes"
36157,"Yes"
36158,"No"
36159,"No"
36160,"No"
36161,"No"
36162,"No"
36163,"No"
36164,"No"
36165,"Yes"
36166,"No"
36167,"No"
36168,"No"
36169,"No"
36170,"Yes"
36171,"No"
36172,"Yes"
36173,"No"
36174,"No"
36175,"No"
36176,"No"
36177,"Yes"
36178,"Yes"
36179,"Yes"
36180,"Yes"
36181,"No"
36182,"No"
36183,"Yes"
36184,"Yes"
36185,"Yes"
36186,"No"
36187,"No"
36188,"No"
36189,"No"
36190,"Yes"
36191,"No"
36192,"No"
36193,"Yes"
36194,"No"
36195,"No"
36196,"No"
36197,"No"
36198,"Yes"
36199,"No"
36200,"No"
36201,"No"
36202,"Yes"
36203,"Yes"
36204,"Yes"
36205,"No"
36206,"No"
36207,"Yes"
36208,"Yes"
36209,"No"
36210,"No"
36211,"No"
36212,"No"
36213,"Yes"
36214,"No"
36215,"No"
36216,"No"
36217,"No"
36218,"Yes"
36219,"No"
36220,"No"
36221,"No"
36222,"No"
36223,"No"
36224,"No"
36225,"Yes"
36226,"No"
36227,"No"
36228,"No"
36229,"Yes"
36230,"No"
36231,"No"
36232,"Yes"
36233,"No"
36234,"Yes"
36235,"No"
36236,"No"
36237,"No"
36238,"No"
36239,"Yes"
36240,"No"
36241,"No"
36242,"Yes"
36243,"Yes"
36244,"Yes"
36245,"No"
36246,"No"
36247,"Yes"
36248,"No"
36249,"Yes"
36250,"No"
36251,"No"
36252,"No"
36253,"No"
36254,"Yes"
36255,"Yes"
36256,"No"
36257,"Yes"
36258,"Yes"
36259,"No"
36260,"No"
36261,"Yes"
36262,"No"
36263,"No"
36264,"No"
36265,"Yes"
36266,"Yes"
36267,"No"
36268,"No"
36269,"No"
36270,"No"
36271,"No"
36272,"Yes"
36273,"No"
36274,"Yes"
36275,"Yes"
36276,"No"
36277,"No"
36278,"Yes"
36279,"Yes"
36280,"No"
36281,"Yes"
36282,"Yes"
36283,"No"
36284,"No"
36285,"Yes"
36286,"No"
36287,"No"
36288,"No"
36289,"No"
36290,"No"
36291,"No"
36292,"No"
36293,"No"
36294,"No"
36295,"Yes"
36296,"No"
36297,"No"
36298,"No"
36299,"No"
36300,"Yes"
36301,"Yes"
36302,"No"
36303,"Yes"
36304,"Yes"
36305,"No"
36306,"No"
36307,"No"
36308,"No"
36309,"No"
36310,"No"
36311,"No"
36312,"No"
36313,"No"
36314,"No"
36315,"Yes"
36316,"Yes"
36317,"No"
36318,"No"
36319,"Yes"
36320,"Yes"
36321,"No"
36322,"Yes"
36323,"No"
36324,"No"
36325,"Yes"
36326,"No"
36327,"No"
36328,"No"
36329,"Yes"
36330,"No"
36331,"Yes"
36332,"No"
36333,"Yes"
36334,"No"
36335,"Yes"
36336,"No"
36337,"Yes"
36338,"No"
36339,"No"
36340,"No"
36341,"Yes"
36342,"No"
36343,"No"
36344,"Yes"
36345,"No"
36346,"No"
36347,"No"
36348,"No"
36349,"Yes"
36350,"Yes"
36351,"No"
36352,"Yes"
36353,"No"
36354,"No"
36355,"Yes"
36356,"No"
36357,"No"
36358,"No"
36359,"No"
36360,"Yes"
36361,"No"
36362,"Yes"
36363,"Yes"
36364,"Yes"
36365,"Yes"
36366,"No"
36367,"Yes"
36368,"No"
36369,"No"
36370,"Yes"
36371,"Yes"
36372,"Yes"
36373,"Yes"
36374,"No"
36375,"No"
36376,"Yes"
36377,"No"
36378,"No"
36379,"No"
36380,"No"
36381,"No"
36382,"No"
36383,"No"
36384,"No"
36385,"Yes"
36386,"No"
36387,"Yes"
36388,"No"
36389,"Yes"
36390,"No"
36391,"No"
36392,"Yes"
36393,"No"
36394,"No"
36395,"No"
36396,"No"
36397,"No"
36398,"No"
36399,"Yes"
36400,"Yes"
36401,"No"
36402,"No"
36403,"Yes"
36404,"Yes"
36405,"No"
36406,"No"
36407,"Yes"
36408,"Yes"
36409,"No"
36410,"No"
36411,"No"
36412,"No"
36413,"No"
36414,"No"
36415,"Yes"
36416,"No"
36417,"Yes"
36418,"No"
36419,"No"
36420,"No"
36421,"No"
36422,"No"
36423,"Yes"
36424,"Yes"
36425,"Yes"
36426,"Yes"
36427,"No"
36428,"No"
36429,"No"
36430,"No"
36431,"No"
36432,"Yes"
36433,"Yes"
36434,"No"
36435,"No"
36436,"No"
36437,"Yes"
36438,"Yes"
36439,"No"
36440,"Yes"
36441,"Yes"
36442,"No"
36443,"Yes"
36444,"No"
36445,"No"
36446,"Yes"
36447,"No"
36448,"No"
36449,"No"
36450,"No"
36451,"No"
36452,"Yes"
36453,"No"
36454,"Yes"
36455,"No"
36456,"No"
36457,"Yes"
36458,"Yes"
36459,"No"
36460,"Yes"
36461,"Yes"
36462,"No"
36463,"Yes"
36464,"No"
36465,"No"
36466,"No"
36467,"No"
36468,"Yes"
36469,"No"
36470,"Yes"
36471,"No"
36472,"No"
36473,"No"
36474,"No"
36475,"Yes"
36476,"No"
36477,"No"
36478,"Yes"
36479,"No"
36480,"No"
36481,"No"
36482,"Yes"
36483,"Yes"
36484,"Yes"
36485,"No"
36486,"No"
36487,"Yes"
36488,"Yes"
36489,"No"
36490,"No"
36491,"Yes"
36492,"Yes"
36493,"No"
36494,"Yes"
36495,"No"
36496,"No"
36497,"No"
36498,"Yes"
36499,"No"
36500,"No"
36501,"No"
36502,"Yes"
36503,"Yes"
36504,"Yes"
36505,"Yes"
36506,"No"
36507,"Yes"
36508,"Yes"
36509,"No"
36510,"No"
36511,"No"
36512,"Yes"
36513,"No"
36514,"No"
36515,"No"
36516,"No"
36517,"No"
36518,"Yes"
36519,"Yes"
36520,"No"
36521,"Yes"
36522,"No"
36523,"No"
36524,"Yes"
36525,"No"
36526,"No"
36527,"Yes"
36528,"No"
36529,"No"
36530,"No"
36531,"No"
36532,"No"
36533,"No"
36534,"No"
36535,"No"
36536,"No"
36537,"No"
36538,"No"
36539,"Yes"
36540,"No"
36541,"No"
36542,"Yes"
36543,"No"
36544,"Yes"
36545,"No"
36546,"No"
36547,"Yes"
36548,"Yes"
36549,"Yes"
36550,"Yes"
36551,"No"
36552,"No"
36553,"No"
36554,"Yes"
36555,"Yes"
36556,"No"
36557,"Yes"
36558,"Yes"
36559,"No"
36560,"No"
36561,"No"
36562,"No"
36563,"Yes"
36564,"No"
36565,"No"
36566,"Yes"
36567,"Yes"
36568,"No"
36569,"No"
36570,"Yes"
36571,"Yes"
36572,"No"
36573,"No"
36574,"No"
36575,"No"
36576,"Yes"
36577,"No"
36578,"No"
36579,"Yes"
36580,"Yes"
36581,"No"
36582,"No"
36583,"Yes"
36584,"Yes"
36585,"No"
36586,"Yes"
36587,"No"
36588,"No"
36589,"Yes"
36590,"No"
36591,"Yes"
36592,"No"
36593,"No"
36594,"No"
36595,"Yes"
36596,"No"
36597,"No"
36598,"Yes"
36599,"Yes"
36600,"No"
36601,"Yes"
36602,"Yes"
36603,"Yes"
36604,"No"
36605,"Yes"
36606,"Yes"
36607,"No"
36608,"No"
36609,"No"
36610,"Yes"
36611,"No"
36612,"Yes"
36613,"Yes"
36614,"No"
36615,"No"
36616,"Yes"
36617,"No"
36618,"Yes"
36619,"No"
36620,"No"
36621,"No"
36622,"No"
36623,"No"
36624,"Yes"
36625,"Yes"
36626,"Yes"
36627,"Yes"
36628,"Yes"
36629,"Yes"
36630,"No"
36631,"No"
36632,"Yes"
36633,"Yes"
36634,"No"
36635,"Yes"
36636,"No"
36637,"No"
36638,"Yes"
36639,"No"
36640,"Yes"
36641,"No"
36642,"Yes"
36643,"No"
36644,"No"
36645,"No"
36646,"Yes"
36647,"Yes"
36648,"Yes"
36649,"Yes"
36650,"Yes"
36651,"No"
36652,"No"
36653,"Yes"
36654,"Yes"
36655,"No"
36656,"No"
36657,"No"
36658,"Yes"
36659,"No"
36660,"No"
36661,"Yes"
36662,"Yes"
36663,"No"
36664,"No"
36665,"Yes"
36666,"Yes"
36667,"No"
36668,"Yes"
36669,"No"
36670,"Yes"
36671,"No"
36672,"No"
36673,"No"
36674,"Yes"
36675,"Yes"
36676,"No"
36677,"No"
36678,"No"
36679,"No"
36680,"No"
36681,"Yes"
36682,"No"
36683,"Yes"
36684,"Yes"
36685,"No"
36686,"No"
36687,"Yes"
36688,"Yes"
36689,"No"
36690,"No"
36691,"No"
36692,"No"
36693,"No"
36694,"No"
36695,"Yes"
36696,"Yes"
36697,"No"
36698,"No"
36699,"No"
36700,"No"
36701,"Yes"
36702,"No"
36703,"No"
36704,"No"
36705,"No"
36706,"No"
36707,"No"
36708,"No"
36709,"No"
36710,"No"
36711,"No"
36712,"Yes"
36713,"Yes"
36714,"Yes"
36715,"No"
36716,"No"
36717,"No"
36718,"Yes"
36719,"No"
36720,"No"
36721,"No"
36722,"Yes"
36723,"No"
36724,"Yes"
36725,"No"
36726,"Yes"
36727,"No"
36728,"No"
36729,"No"
36730,"Yes"
36731,"Yes"
36732,"Yes"
36733,"No"
36734,"No"
36735,"No"
36736,"No"
36737,"No"
36738,"Yes"
36739,"No"
36740,"Yes"
36741,"No"
36742,"No"
36743,"Yes"
36744,"No"
36745,"Yes"
36746,"No"
36747,"Yes"
36748,"No"
36749,"No"
36750,"No"
36751,"No"
36752,"Yes"
36753,"No"
36754,"No"
36755,"No"
36756,"No"
36757,"No"
36758,"Yes"
36759,"No"
36760,"No"
36761,"No"
36762,"No"
36763,"Yes"
36764,"No"
36765,"No"
36766,"No"
36767,"No"
36768,"Yes"
36769,"Yes"
36770,"Yes"
36771,"No"
36772,"No"
36773,"No"
36774,"No"
36775,"Yes"
36776,"No"
36777,"No"
36778,"Yes"
36779,"Yes"
36780,"Yes"
36781,"Yes"
36782,"No"
36783,"Yes"
36784,"No"
36785,"Yes"
36786,"Yes"
36787,"No"
36788,"No"
36789,"No"
36790,"No"
36791,"No"
36792,"No"
36793,"No"
36794,"Yes"
36795,"No"
36796,"No"
36797,"Yes"
36798,"No"
36799,"Yes"
36800,"Yes"
36801,"Yes"
36802,"No"
36803,"Yes"
36804,"No"
36805,"Yes"
36806,"No"
36807,"No"
36808,"No"
36809,"No"
36810,"No"
36811,"No"
36812,"No"
36813,"No"
36814,"No"
36815,"No"
36816,"No"
36817,"No"
36818,"No"
36819,"No"
36820,"No"
36821,"Yes"
36822,"No"
36823,"Yes"
36824,"Yes"
36825,"No"
36826,"No"
36827,"No"
36828,"Yes"
36829,"Yes"
36830,"Yes"
36831,"No"
36832,"Yes"
36833,"No"
36834,"No"
36835,"Yes"
36836,"No"
36837,"No"
36838,"No"
36839,"No"
36840,"No"
36841,"Yes"
36842,"No"
36843,"Yes"
36844,"No"
36845,"No"
36846,"No"
36847,"No"
36848,"No"
36849,"No"
36850,"No"
36851,"Yes"
36852,"No"
36853,"Yes"
36854,"No"
36855,"Yes"
36856,"No"
36857,"No"
36858,"No"
36859,"No"
36860,"No"
36861,"Yes"
36862,"No"
36863,"No"
36864,"No"
36865,"Yes"
36866,"Yes"
36867,"Yes"
36868,"No"
36869,"No"
36870,"No"
36871,"Yes"
36872,"No"
36873,"No"
36874,"No"
36875,"No"
36876,"Yes"
36877,"No"
36878,"No"
36879,"No"
36880,"Yes"
36881,"No"
36882,"Yes"
36883,"No"
36884,"No"
36885,"No"
36886,"Yes"
36887,"Yes"
36888,"Yes"
36889,"Yes"
36890,"No"
36891,"No"
36892,"Yes"
36893,"No"
36894,"Yes"
36895,"No"
36896,"Yes"
36897,"No"
36898,"No"
36899,"Yes"
36900,"Yes"
36901,"No"
36902,"No"
36903,"No"
36904,"No"
36905,"No"
36906,"No"
36907,"Yes"
36908,"No"
36909,"Yes"
36910,"No"
36911,"No"
36912,"Yes"
36913,"No"
36914,"No"
36915,"Yes"
36916,"No"
36917,"Yes"
36918,"Yes"
36919,"No"
36920,"Yes"
36921,"No"
36922,"Yes"
36923,"No"
36924,"No"
36925,"Yes"
36926,"Yes"
36927,"No"
36928,"Yes"
36929,"Yes"
36930,"No"
36931,"No"
36932,"No"
36933,"No"
36934,"No"
36935,"Yes"
36936,"No"
36937,"No"
36938,"No"
36939,"No"
36940,"No"
36941,"No"
36942,"No"
36943,"No"
36944,"No"
36945,"Yes"
36946,"No"
36947,"No"
36948,"No"
36949,"No"
36950,"Yes"
36951,"No"
36952,"Yes"
36953,"Yes"
36954,"No"
36955,"Yes"
36956,"No"
36957,"No"
36958,"Yes"
36959,"Yes"
36960,"No"
36961,"No"
36962,"Yes"
36963,"No"
36964,"No"
36965,"No"
36966,"Yes"
36967,"No"
36968,"Yes"
36969,"No"
36970,"Yes"
36971,"No"
36972,"Yes"
36973,"Yes"
36974,"Yes"
36975,"No"
36976,"No"
36977,"Yes"
36978,"No"
36979,"No"
36980,"Yes"
36981,"Yes"
36982,"Yes"
36983,"No"
36984,"No"
36985,"Yes"
36986,"Yes"
36987,"No"
36988,"No"
36989,"No"
36990,"Yes"
36991,"Yes"
36992,"Yes"
36993,"No"
36994,"No"
36995,"Yes"
36996,"No"
36997,"No"
36998,"Yes"
36999,"No"
37000,"No"
37001,"No"
37002,"No"
37003,"No"
37004,"Yes"
37005,"Yes"
37006,"Yes"
37007,"No"
37008,"No"
37009,"No"
37010,"No"
37011,"Yes"
37012,"No"
37013,"No"
37014,"No"
37015,"Yes"
37016,"No"
37017,"No"
37018,"No"
37019,"No"
37020,"No"
37021,"No"
37022,"No"
37023,"No"
37024,"No"
37025,"No"
37026,"No"
37027,"Yes"
37028,"Yes"
37029,"No"
37030,"No"
37031,"No"
37032,"No"
37033,"No"
37034,"No"
37035,"No"
37036,"No"
37037,"Yes"
37038,"Yes"
37039,"No"
37040,"No"
37041,"No"
37042,"No"
37043,"No"
37044,"No"
37045,"Yes"
37046,"No"
37047,"Yes"
37048,"No"
37049,"Yes"
37050,"Yes"
37051,"No"
37052,"No"
37053,"No"
37054,"No"
37055,"No"
37056,"Yes"
37057,"No"
37058,"No"
37059,"Yes"
37060,"No"
37061,"No"
37062,"No"
37063,"No"
37064,"No"
37065,"No"
37066,"Yes"
37067,"Yes"
37068,"No"
37069,"No"
37070,"No"
37071,"No"
37072,"No"
37073,"Yes"
37074,"No"
37075,"No"
37076,"No"
37077,"Yes"
37078,"No"
37079,"No"
37080,"Yes"
37081,"Yes"
37082,"No"
37083,"No"
37084,"No"
37085,"No"
37086,"No"
37087,"No"
37088,"No"
37089,"No"
37090,"Yes"
37091,"No"
37092,"Yes"
37093,"No"
37094,"No"
37095,"No"
37096,"Yes"
37097,"Yes"
37098,"No"
37099,"No"
37100,"Yes"
37101,"Yes"
37102,"No"
37103,"No"
37104,"Yes"
37105,"No"
37106,"No"
37107,"No"
37108,"No"
37109,"No"
37110,"Yes"
37111,"Yes"
37112,"No"
37113,"No"
37114,"No"
37115,"No"
37116,"Yes"
37117,"No"
37118,"No"
37119,"Yes"
37120,"No"
37121,"No"
37122,"No"
37123,"No"
37124,"No"
37125,"No"
37126,"No"
37127,"No"
37128,"Yes"
37129,"No"
37130,"Yes"
37131,"No"
37132,"No"
37133,"No"
37134,"No"
37135,"No"
37136,"No"
37137,"Yes"
37138,"No"
37139,"No"
37140,"No"
37141,"No"
37142,"No"
37143,"No"
37144,"Yes"
37145,"No"
37146,"Yes"
37147,"No"
37148,"Yes"
37149,"Yes"
37150,"Yes"
37151,"No"
37152,"No"
37153,"No"
37154,"No"
37155,"No"
37156,"No"
37157,"No"
37158,"Yes"
37159,"Yes"
37160,"No"
37161,"Yes"
37162,"No"
37163,"No"
37164,"Yes"
37165,"No"
37166,"No"
37167,"No"
37168,"Yes"
37169,"No"
37170,"No"
37171,"No"
37172,"Yes"
37173,"No"
37174,"No"
37175,"No"
37176,"No"
37177,"No"
37178,"No"
37179,"No"
37180,"No"
37181,"No"
37182,"No"
37183,"No"
37184,"No"
37185,"No"
37186,"Yes"
37187,"No"
37188,"Yes"
37189,"No"
37190,"No"
37191,"Yes"
37192,"No"
37193,"No"
37194,"No"
37195,"No"
37196,"No"
37197,"No"
37198,"No"
37199,"Yes"
37200,"No"
37201,"No"
37202,"Yes"
37203,"Yes"
37204,"No"
37205,"No"
37206,"No"
37207,"No"
37208,"No"
37209,"Yes"
37210,"No"
37211,"No"
37212,"No"
37213,"No"
37214,"No"
37215,"No"
37216,"No"
37217,"Yes"
37218,"No"
37219,"No"
37220,"No"
37221,"Yes"
37222,"No"
37223,"No"
37224,"Yes"
37225,"No"
37226,"No"
37227,"Yes"
37228,"Yes"
37229,"No"
37230,"No"
37231,"No"
37232,"No"
37233,"Yes"
37234,"No"
37235,"No"
37236,"No"
37237,"No"
37238,"Yes"
37239,"Yes"
37240,"No"
37241,"No"
37242,"Yes"
37243,"No"
37244,"No"
37245,"No"
37246,"Yes"
37247,"No"
37248,"No"
37249,"Yes"
37250,"No"
37251,"No"
37252,"Yes"
37253,"Yes"
37254,"Yes"
37255,"No"
37256,"No"
37257,"No"
37258,"No"
37259,"No"
37260,"No"
37261,"Yes"
37262,"No"
37263,"Yes"
37264,"No"
37265,"No"
37266,"No"
37267,"No"
37268,"No"
37269,"No"
37270,"No"
37271,"Yes"
37272,"No"
37273,"Yes"
37274,"No"
37275,"No"
37276,"Yes"
37277,"No"
37278,"No"
37279,"No"
37280,"Yes"
37281,"No"
37282,"No"
37283,"Yes"
37284,"No"
37285,"No"
37286,"No"
37287,"No"
37288,"No"
37289,"No"
37290,"Yes"
37291,"No"
37292,"Yes"
37293,"Yes"
37294,"No"
37295,"No"
37296,"No"
37297,"Yes"
37298,"Yes"
37299,"Yes"
37300,"No"
37301,"No"
37302,"Yes"
37303,"Yes"
37304,"Yes"
37305,"No"
37306,"No"
37307,"No"
37308,"No"
37309,"No"
37310,"No"
37311,"No"
37312,"No"
37313,"No"
37314,"No"
37315,"No"
37316,"Yes"
37317,"No"
37318,"Yes"
37319,"Yes"
37320,"No"
37321,"No"
37322,"No"
37323,"No"
37324,"No"
37325,"No"
37326,"No"
37327,"No"
37328,"Yes"
37329,"No"
37330,"No"
37331,"No"
37332,"No"
37333,"No"
37334,"No"
37335,"No"
37336,"Yes"
37337,"No"
37338,"No"
37339,"No"
37340,"Yes"
37341,"Yes"
37342,"Yes"
37343,"No"
37344,"No"
37345,"Yes"
37346,"No"
37347,"No"
37348,"No"
37349,"No"
37350,"Yes"
37351,"Yes"
37352,"No"
37353,"No"
37354,"No"
37355,"No"
37356,"No"
37357,"No"
37358,"Yes"
37359,"Yes"
37360,"No"
37361,"No"
37362,"No"
37363,"No"
37364,"No"
37365,"No"
37366,"No"
37367,"No"
37368,"No"
37369,"Yes"
37370,"Yes"
37371,"Yes"
37372,"Yes"
37373,"Yes"
37374,"No"
37375,"No"
37376,"No"
37377,"No"
37378,"No"
37379,"No"
37380,"Yes"
37381,"No"
37382,"No"
37383,"No"
37384,"No"
37385,"Yes"
37386,"No"
37387,"No"
37388,"No"
37389,"Yes"
37390,"Yes"
37391,"No"
37392,"No"
37393,"Yes"
37394,"No"
37395,"No"
37396,"No"
37397,"No"
37398,"No"
37399,"Yes"
37400,"Yes"
37401,"Yes"
37402,"No"
37403,"Yes"
37404,"No"
37405,"Yes"
37406,"Yes"
37407,"No"
37408,"No"
37409,"No"
37410,"Yes"
37411,"No"
37412,"Yes"
37413,"No"
37414,"Yes"
37415,"No"
37416,"No"
37417,"Yes"
37418,"No"
37419,"No"
37420,"Yes"
37421,"Yes"
37422,"No"
37423,"No"
37424,"No"
37425,"No"
37426,"Yes"
37427,"Yes"
37428,"Yes"
37429,"Yes"
37430,"Yes"
37431,"No"
37432,"No"
37433,"No"
37434,"No"
37435,"No"
37436,"No"
37437,"No"
37438,"Yes"
37439,"Yes"
37440,"Yes"
37441,"No"
37442,"No"
37443,"No"
37444,"No"
37445,"No"
37446,"No"
37447,"No"
37448,"No"
37449,"Yes"
37450,"No"
37451,"No"
37452,"No"
37453,"No"
37454,"No"
37455,"Yes"
37456,"Yes"
37457,"Yes"
37458,"No"
37459,"No"
37460,"Yes"
37461,"No"
37462,"No"
37463,"No"
37464,"Yes"
37465,"Yes"
37466,"Yes"
37467,"No"
37468,"Yes"
37469,"No"
37470,"No"
37471,"No"
37472,"Yes"
37473,"Yes"
37474,"No"
37475,"No"
37476,"Yes"
37477,"Yes"
37478,"No"
37479,"Yes"
37480,"No"
37481,"Yes"
37482,"No"
37483,"No"
37484,"No"
37485,"No"
37486,"Yes"
37487,"No"
37488,"No"
37489,"No"
37490,"Yes"
37491,"No"
37492,"Yes"
37493,"Yes"
37494,"Yes"
37495,"No"
37496,"Yes"
37497,"Yes"
37498,"No"
37499,"No"
37500,"No"
37501,"No"
37502,"No"
37503,"Yes"
37504,"Yes"
37505,"Yes"
37506,"No"
37507,"Yes"
37508,"No"
37509,"No"
37510,"Yes"
37511,"Yes"
37512,"No"
37513,"No"
37514,"No"
37515,"Yes"
37516,"No"
37517,"Yes"
37518,"No"
37519,"No"
37520,"No"
37521,"No"
37522,"No"
37523,"No"
37524,"No"
37525,"No"
37526,"No"
37527,"No"
37528,"No"
37529,"No"
37530,"No"
37531,"No"
37532,"No"
37533,"No"
37534,"No"
37535,"Yes"
37536,"No"
37537,"No"
37538,"No"
37539,"No"
37540,"Yes"
37541,"No"
37542,"Yes"
37543,"No"
37544,"No"
37545,"No"
37546,"Yes"
37547,"No"
37548,"No"
37549,"No"
37550,"No"
37551,"No"
37552,"No"
37553,"No"
37554,"No"
37555,"No"
37556,"No"
37557,"No"
37558,"No"
37559,"Yes"
37560,"No"
37561,"No"
37562,"No"
37563,"Yes"
37564,"No"
37565,"No"
37566,"No"
37567,"Yes"
37568,"Yes"
37569,"No"
37570,"No"
37571,"No"
37572,"No"
37573,"No"
37574,"No"
37575,"No"
37576,"No"
37577,"Yes"
37578,"Yes"
37579,"Yes"
37580,"Yes"
37581,"No"
37582,"No"
37583,"No"
37584,"Yes"
37585,"No"
37586,"No"
37587,"No"
37588,"No"
37589,"No"
37590,"No"
37591,"No"
37592,"No"
37593,"No"
37594,"Yes"
37595,"No"
37596,"Yes"
37597,"No"
37598,"Yes"
37599,"No"
37600,"Yes"
37601,"Yes"
37602,"No"
37603,"Yes"
37604,"Yes"
37605,"No"
37606,"No"
37607,"Yes"
37608,"No"
37609,"No"
37610,"Yes"
37611,"No"
37612,"No"
37613,"Yes"
37614,"Yes"
37615,"Yes"
37616,"No"
37617,"No"
37618,"Yes"
37619,"No"
37620,"No"
37621,"No"
37622,"No"
37623,"Yes"
37624,"No"
37625,"No"
37626,"No"
37627,"No"
37628,"No"
37629,"Yes"
37630,"No"
37631,"No"
37632,"Yes"
37633,"Yes"
37634,"Yes"
37635,"No"
37636,"No"
37637,"Yes"
37638,"Yes"
37639,"No"
37640,"Yes"
37641,"Yes"
37642,"No"
37643,"Yes"
37644,"No"
37645,"Yes"
37646,"Yes"
37647,"Yes"
37648,"No"
37649,"No"
37650,"Yes"
37651,"No"
37652,"No"
37653,"No"
37654,"No"
37655,"No"
37656,"Yes"
37657,"Yes"
37658,"No"
37659,"No"
37660,"No"
37661,"No"
37662,"No"
37663,"No"
37664,"No"
37665,"Yes"
37666,"No"
37667,"No"
37668,"No"
37669,"Yes"
37670,"No"
37671,"No"
37672,"Yes"
37673,"Yes"
37674,"No"
37675,"Yes"
37676,"No"
37677,"No"
37678,"Yes"
37679,"No"
37680,"No"
37681,"Yes"
37682,"No"
37683,"Yes"
37684,"No"
37685,"No"
37686,"No"
37687,"No"
37688,"No"
37689,"Yes"
37690,"No"
37691,"Yes"
37692,"No"
37693,"Yes"
37694,"No"
37695,"No"
37696,"Yes"
37697,"No"
37698,"Yes"
37699,"No"
37700,"Yes"
37701,"Yes"
37702,"No"
37703,"No"
37704,"No"
37705,"No"
37706,"Yes"
37707,"No"
37708,"No"
37709,"No"
37710,"No"
37711,"Yes"
37712,"Yes"
37713,"No"
37714,"No"
37715,"No"
37716,"No"
37717,"No"
37718,"No"
37719,"Yes"
37720,"No"
37721,"No"
37722,"No"
37723,"No"
37724,"Yes"
37725,"Yes"
37726,"No"
37727,"No"
37728,"Yes"
37729,"Yes"
37730,"Yes"
37731,"Yes"
37732,"No"
37733,"Yes"
37734,"No"
37735,"No"
37736,"Yes"
37737,"No"
37738,"Yes"
37739,"No"
37740,"No"
37741,"No"
37742,"Yes"
37743,"Yes"
37744,"No"
37745,"Yes"
37746,"No"
37747,"No"
37748,"No"
37749,"Yes"
37750,"No"
37751,"Yes"
37752,"No"
37753,"Yes"
37754,"Yes"
37755,"No"
37756,"Yes"
37757,"No"
37758,"No"
37759,"No"
37760,"No"
37761,"No"
37762,"Yes"
37763,"Yes"
37764,"Yes"
37765,"Yes"
37766,"No"
37767,"Yes"
37768,"Yes"
37769,"No"
37770,"No"
37771,"No"
37772,"No"
37773,"Yes"
37774,"No"
37775,"No"
37776,"No"
37777,"No"
37778,"Yes"
37779,"No"
37780,"No"
37781,"Yes"
37782,"No"
37783,"Yes"
37784,"Yes"
37785,"No"
37786,"Yes"
37787,"Yes"
37788,"No"
37789,"No"
37790,"No"
37791,"No"
37792,"No"
37793,"No"
37794,"No"
37795,"No"
37796,"No"
37797,"No"
37798,"No"
37799,"Yes"
37800,"No"
37801,"No"
37802,"No"
37803,"No"
37804,"No"
37805,"No"
37806,"No"
37807,"No"
37808,"No"
37809,"No"
37810,"Yes"
37811,"Yes"
37812,"Yes"
37813,"No"
37814,"Yes"
37815,"Yes"
37816,"No"
37817,"Yes"
37818,"Yes"
37819,"No"
37820,"Yes"
37821,"Yes"
37822,"Yes"
37823,"No"
37824,"No"
37825,"No"
37826,"No"
37827,"Yes"
37828,"Yes"
37829,"No"
37830,"No"
37831,"No"
37832,"Yes"
37833,"No"
37834,"No"
37835,"No"
37836,"No"
37837,"Yes"
37838,"No"
37839,"No"
37840,"Yes"
37841,"No"
37842,"No"
37843,"Yes"
37844,"Yes"
37845,"No"
37846,"No"
37847,"Yes"
37848,"No"
37849,"No"
37850,"No"
37851,"Yes"
37852,"Yes"
37853,"No"
37854,"No"
37855,"No"
37856,"Yes"
37857,"Yes"
37858,"Yes"
37859,"No"
37860,"No"
37861,"No"
37862,"No"
37863,"No"
37864,"Yes"
37865,"No"
37866,"No"
37867,"No"
37868,"Yes"
37869,"No"
37870,"No"
37871,"No"
37872,"Yes"
37873,"Yes"
37874,"No"
37875,"No"
37876,"No"
37877,"Yes"
37878,"Yes"
37879,"No"
37880,"Yes"
37881,"No"
37882,"No"
37883,"No"
37884,"Yes"
37885,"Yes"
37886,"Yes"
37887,"No"
37888,"No"
37889,"No"
37890,"No"
37891,"No"
37892,"No"
37893,"No"
37894,"No"
37895,"Yes"
37896,"Yes"
37897,"Yes"
37898,"Yes"
37899,"Yes"
37900,"No"
37901,"No"
37902,"No"
37903,"No"
37904,"No"
37905,"No"
37906,"No"
37907,"No"
37908,"No"
37909,"No"
37910,"No"
37911,"No"
37912,"No"
37913,"No"
37914,"No"
37915,"No"
37916,"Yes"
37917,"No"
37918,"Yes"
37919,"Yes"
37920,"No"
37921,"No"
37922,"No"
37923,"Yes"
37924,"No"
37925,"No"
37926,"Yes"
37927,"No"
37928,"Yes"
37929,"No"
37930,"Yes"
37931,"No"
37932,"No"
37933,"No"
37934,"Yes"
37935,"Yes"
37936,"No"
37937,"Yes"
37938,"No"
37939,"No"
37940,"No"
37941,"No"
37942,"No"
37943,"No"
37944,"Yes"
37945,"No"
37946,"No"
37947,"No"
37948,"Yes"
37949,"Yes"
37950,"No"
37951,"No"
37952,"Yes"
37953,"No"
37954,"Yes"
37955,"Yes"
37956,"Yes"
37957,"Yes"
37958,"No"
37959,"Yes"
37960,"No"
37961,"No"
37962,"No"
37963,"No"
37964,"No"
37965,"Yes"
37966,"Yes"
37967,"No"
37968,"No"
37969,"Yes"
37970,"No"
37971,"No"
37972,"No"
37973,"No"
37974,"Yes"
37975,"No"
37976,"No"
37977,"No"
37978,"Yes"
37979,"No"
37980,"No"
37981,"Yes"
37982,"No"
37983,"Yes"
37984,"Yes"
37985,"No"
37986,"No"
37987,"Yes"
37988,"No"
37989,"No"
37990,"No"
37991,"No"
37992,"No"
37993,"No"
37994,"No"
37995,"No"
37996,"Yes"
37997,"No"
37998,"No"
37999,"No"
38000,"Yes"
38001,"No"
38002,"No"
38003,"Yes"
38004,"Yes"
38005,"No"
38006,"No"
38007,"Yes"
38008,"Yes"
38009,"No"
38010,"No"
38011,"No"
38012,"No"
38013,"No"
38014,"No"
38015,"No"
38016,"No"
38017,"No"
38018,"No"
38019,"Yes"
38020,"Yes"
38021,"No"
38022,"Yes"
38023,"No"
38024,"No"
38025,"No"
38026,"No"
38027,"No"
38028,"No"
38029,"No"
38030,"No"
38031,"Yes"
38032,"No"
38033,"No"
38034,"No"
38035,"No"
38036,"No"
38037,"Yes"
38038,"No"
38039,"Yes"
38040,"No"
38041,"Yes"
38042,"No"
38043,"Yes"
38044,"No"
38045,"Yes"
38046,"No"
38047,"No"
38048,"Yes"
38049,"No"
38050,"Yes"
38051,"No"
38052,"No"
38053,"Yes"
38054,"Yes"
38055,"No"
38056,"No"
38057,"Yes"
38058,"No"
38059,"No"
38060,"Yes"
38061,"No"
38062,"No"
38063,"No"
38064,"No"
38065,"Yes"
38066,"No"
38067,"No"
38068,"No"
38069,"No"
38070,"Yes"
38071,"Yes"
38072,"No"
38073,"No"
38074,"No"
38075,"Yes"
38076,"No"
38077,"No"
38078,"Yes"
38079,"No"
38080,"Yes"
38081,"No"
38082,"Yes"
38083,"Yes"
38084,"Yes"
38085,"No"
38086,"No"
38087,"No"
38088,"No"
38089,"Yes"
38090,"No"
38091,"No"
38092,"No"
38093,"No"
38094,"No"
38095,"No"
38096,"No"
38097,"Yes"
38098,"Yes"
38099,"No"
38100,"No"
38101,"Yes"
38102,"No"
38103,"No"
38104,"Yes"
38105,"No"
38106,"No"
38107,"No"
38108,"No"
38109,"No"
38110,"Yes"
38111,"No"
38112,"Yes"
38113,"No"
38114,"No"
38115,"No"
38116,"Yes"
38117,"Yes"
38118,"No"
38119,"Yes"
38120,"No"
38121,"Yes"
38122,"Yes"
38123,"No"
38124,"No"
38125,"No"
38126,"Yes"
38127,"Yes"
38128,"No"
38129,"No"
38130,"No"
38131,"No"
38132,"No"
38133,"No"
38134,"Yes"
38135,"No"
38136,"Yes"
38137,"No"
38138,"Yes"
38139,"No"
38140,"No"
38141,"Yes"
38142,"No"
38143,"No"
38144,"Yes"
38145,"No"
38146,"No"
38147,"Yes"
38148,"No"
38149,"Yes"
38150,"No"
38151,"No"
38152,"No"
38153,"Yes"
38154,"No"
38155,"No"
38156,"No"
38157,"Yes"
38158,"No"
38159,"No"
38160,"No"
38161,"No"
38162,"No"
38163,"No"
38164,"Yes"
38165,"Yes"
38166,"No"
38167,"No"
38168,"Yes"
38169,"Yes"
38170,"No"
38171,"Yes"
38172,"No"
38173,"No"
38174,"No"
38175,"No"
38176,"No"
38177,"No"
38178,"No"
38179,"No"
38180,"No"
38181,"No"
38182,"No"
38183,"No"
38184,"No"
38185,"Yes"
38186,"Yes"
38187,"No"
38188,"Yes"
38189,"Yes"
38190,"No"
38191,"Yes"
38192,"Yes"
38193,"No"
38194,"Yes"
38195,"Yes"
38196,"No"
38197,"No"
38198,"No"
38199,"Yes"
38200,"No"
38201,"Yes"
38202,"No"
38203,"No"
38204,"Yes"
38205,"Yes"
38206,"Yes"
38207,"No"
38208,"No"
38209,"No"
38210,"No"
38211,"Yes"
38212,"Yes"
38213,"Yes"
38214,"No"
38215,"No"
38216,"No"
38217,"No"
38218,"No"
38219,"Yes"
38220,"No"
38221,"No"
38222,"No"
38223,"No"
38224,"No"
38225,"No"
38226,"Yes"
38227,"Yes"
38228,"Yes"
38229,"No"
38230,"No"
38231,"No"
38232,"Yes"
38233,"No"
38234,"No"
38235,"No"
38236,"No"
38237,"No"
38238,"No"
38239,"No"
38240,"No"
38241,"Yes"
38242,"No"
38243,"No"
38244,"Yes"
38245,"No"
38246,"No"
38247,"Yes"
38248,"No"
38249,"Yes"
38250,"Yes"
38251,"Yes"
38252,"Yes"
38253,"Yes"
38254,"No"
38255,"Yes"
38256,"No"
38257,"No"
38258,"No"
38259,"Yes"
38260,"Yes"
38261,"No"
38262,"No"
38263,"No"
38264,"Yes"
38265,"Yes"
38266,"No"
38267,"No"
38268,"No"
38269,"No"
38270,"No"
38271,"No"
38272,"No"
38273,"No"
38274,"Yes"
38275,"No"
38276,"No"
38277,"Yes"
38278,"Yes"
38279,"No"
38280,"No"
38281,"No"
38282,"No"
38283,"Yes"
38284,"No"
38285,"No"
38286,"No"
38287,"No"
38288,"Yes"
38289,"No"
38290,"Yes"
38291,"No"
38292,"No"
38293,"No"
38294,"No"
38295,"No"
38296,"Yes"
38297,"No"
38298,"No"
38299,"No"
38300,"Yes"
38301,"Yes"
38302,"No"
38303,"No"
38304,"No"
38305,"No"
38306,"Yes"
38307,"No"
38308,"No"
38309,"No"
38310,"No"
38311,"Yes"
38312,"No"
38313,"No"
38314,"Yes"
38315,"No"
38316,"Yes"
38317,"No"
38318,"No"
38319,"No"
38320,"No"
38321,"No"
38322,"No"
38323,"No"
38324,"No"
38325,"Yes"
38326,"Yes"
38327,"No"
38328,"No"
38329,"No"
38330,"No"
38331,"No"
38332,"No"
38333,"No"
38334,"Yes"
38335,"No"
38336,"No"
38337,"No"
38338,"No"
38339,"Yes"
38340,"No"
38341,"No"
38342,"Yes"
38343,"No"
38344,"Yes"
38345,"No"
38346,"No"
38347,"Yes"
38348,"Yes"
38349,"No"
38350,"No"
38351,"No"
38352,"No"
38353,"No"
38354,"No"
38355,"No"
38356,"Yes"
38357,"No"
38358,"No"
38359,"Yes"
38360,"No"
38361,"Yes"
38362,"No"
38363,"No"
38364,"No"
38365,"Yes"
38366,"No"
38367,"No"
38368,"No"
38369,"No"
38370,"No"
38371,"No"
38372,"No"
38373,"Yes"
38374,"Yes"
38375,"Yes"
38376,"Yes"
38377,"No"
38378,"Yes"
38379,"No"
38380,"No"
38381,"No"
38382,"Yes"
38383,"No"
38384,"Yes"
38385,"No"
38386,"Yes"
38387,"No"
38388,"No"
38389,"No"
38390,"No"
38391,"Yes"
38392,"No"
38393,"No"
38394,"No"
38395,"No"
38396,"Yes"
38397,"No"
38398,"No"
38399,"No"
38400,"No"
38401,"No"
38402,"No"
38403,"No"
38404,"No"
38405,"Yes"
38406,"No"
38407,"Yes"
38408,"No"
38409,"Yes"
38410,"No"
38411,"No"
38412,"No"
38413,"No"
38414,"No"
38415,"No"
38416,"No"
38417,"Yes"
38418,"Yes"
38419,"Yes"
38420,"No"
38421,"No"
38422,"No"
38423,"No"
38424,"No"
38425,"No"
38426,"No"
38427,"No"
38428,"No"
38429,"No"
38430,"Yes"
38431,"Yes"
38432,"No"
38433,"Yes"
38434,"Yes"
38435,"No"
38436,"No"
38437,"No"
38438,"No"
38439,"No"
38440,"No"
38441,"No"
38442,"No"
38443,"Yes"
38444,"Yes"
38445,"Yes"
38446,"Yes"
38447,"No"
38448,"No"
38449,"Yes"
38450,"No"
38451,"No"
38452,"No"
38453,"Yes"
38454,"Yes"
38455,"Yes"
38456,"No"
38457,"No"
38458,"No"
38459,"No"
38460,"No"
38461,"Yes"
38462,"Yes"
38463,"Yes"
38464,"No"
38465,"Yes"
38466,"No"
38467,"Yes"
38468,"No"
38469,"Yes"
38470,"No"
38471,"Yes"
38472,"No"
38473,"Yes"
38474,"No"
38475,"No"
38476,"No"
38477,"No"
38478,"No"
38479,"Yes"
38480,"Yes"
38481,"No"
38482,"No"
38483,"No"
38484,"No"
38485,"No"
38486,"No"
38487,"No"
38488,"No"
38489,"No"
38490,"Yes"
38491,"No"
38492,"No"
38493,"No"
38494,"Yes"
38495,"No"
38496,"No"
38497,"No"
38498,"No"
38499,"No"
38500,"Yes"
38501,"No"
38502,"No"
38503,"No"
38504,"No"
38505,"No"
38506,"No"
38507,"Yes"
38508,"No"
38509,"No"
38510,"No"
38511,"No"
38512,"Yes"
38513,"Yes"
38514,"Yes"
38515,"Yes"
38516,"No"
38517,"No"
38518,"No"
38519,"No"
38520,"No"
38521,"Yes"
38522,"No"
38523,"No"
38524,"Yes"
38525,"No"
38526,"No"
38527,"No"
38528,"No"
38529,"No"
38530,"No"
38531,"No"
38532,"No"
38533,"No"
38534,"No"
38535,"No"
38536,"No"
38537,"No"
38538,"No"
38539,"Yes"
38540,"No"
38541,"No"
38542,"No"
38543,"Yes"
38544,"No"
38545,"Yes"
38546,"No"
38547,"No"
38548,"Yes"
38549,"No"
38550,"Yes"
38551,"No"
38552,"No"
38553,"No"
38554,"Yes"
38555,"Yes"
38556,"No"
38557,"Yes"
38558,"No"
38559,"Yes"
38560,"No"
38561,"No"
38562,"No"
38563,"No"
38564,"Yes"
38565,"No"
38566,"Yes"
38567,"No"
38568,"No"
38569,"No"
38570,"Yes"
38571,"No"
38572,"Yes"
38573,"Yes"
38574,"No"
38575,"No"
38576,"No"
38577,"No"
38578,"No"
38579,"No"
38580,"No"
38581,"Yes"
38582,"Yes"
38583,"No"
38584,"No"
38585,"No"
38586,"No"
38587,"Yes"
38588,"No"
38589,"No"
38590,"No"
38591,"Yes"
38592,"Yes"
38593,"No"
38594,"No"
38595,"Yes"
38596,"Yes"
38597,"No"
38598,"No"
38599,"No"
38600,"No"
38601,"No"
38602,"No"
38603,"No"
38604,"No"
38605,"No"
38606,"Yes"
38607,"No"
38608,"Yes"
38609,"Yes"
38610,"No"
38611,"No"
38612,"Yes"
38613,"No"
38614,"No"
38615,"No"
38616,"No"
38617,"No"
38618,"No"
38619,"No"
38620,"No"
38621,"No"
38622,"Yes"
38623,"No"
38624,"No"
38625,"No"
38626,"No"
38627,"No"
38628,"No"
38629,"No"
38630,"Yes"
38631,"No"
38632,"No"
38633,"No"
38634,"No"
38635,"No"
38636,"No"
38637,"Yes"
38638,"No"
38639,"No"
38640,"No"
38641,"No"
38642,"Yes"
38643,"No"
38644,"No"
38645,"No"
38646,"No"
38647,"No"
38648,"No"
38649,"No"
38650,"No"
38651,"Yes"
38652,"No"
38653,"Yes"
38654,"Yes"
38655,"No"
38656,"Yes"
38657,"No"
38658,"Yes"
38659,"No"
38660,"No"
38661,"No"
38662,"No"
38663,"No"
38664,"No"
38665,"No"
38666,"No"
38667,"No"
38668,"No"
38669,"No"
38670,"No"
38671,"No"
38672,"No"
38673,"No"
38674,"Yes"
38675,"No"
38676,"No"
38677,"Yes"
38678,"No"
38679,"Yes"
38680,"No"
38681,"No"
38682,"No"
38683,"Yes"
38684,"Yes"
38685,"No"
38686,"No"
38687,"Yes"
38688,"No"
38689,"No"
38690,"No"
38691,"No"
38692,"No"
38693,"Yes"
38694,"No"
38695,"No"
38696,"No"
38697,"No"
38698,"No"
38699,"No"
38700,"No"
38701,"No"
38702,"No"
38703,"Yes"
38704,"Yes"
38705,"No"
38706,"No"
38707,"No"
38708,"Yes"
38709,"No"
38710,"No"
38711,"No"
38712,"No"
38713,"No"
38714,"No"
38715,"No"
38716,"Yes"
38717,"No"
38718,"Yes"
38719,"No"
38720,"No"
38721,"No"
38722,"No"
38723,"No"
38724,"No"
38725,"Yes"
38726,"No"
38727,"No"
38728,"No"
38729,"No"
38730,"Yes"
38731,"No"
38732,"No"
38733,"No"
38734,"No"
38735,"No"
38736,"No"
38737,"No"
38738,"Yes"
38739,"No"
38740,"No"
38741,"No"
38742,"Yes"
38743,"No"
38744,"Yes"
38745,"No"
38746,"No"
38747,"Yes"
38748,"No"
38749,"No"
38750,"No"
38751,"No"
38752,"No"
38753,"No"
38754,"No"
38755,"Yes"
38756,"Yes"
38757,"No"
38758,"No"
38759,"No"
38760,"No"
38761,"No"
38762,"Yes"
38763,"No"
38764,"No"
38765,"No"
38766,"Yes"
38767,"No"
38768,"No"
38769,"No"
38770,"Yes"
38771,"No"
38772,"No"
38773,"No"
38774,"No"
38775,"Yes"
38776,"No"
38777,"No"
38778,"No"
38779,"No"
38780,"No"
38781,"Yes"
38782,"Yes"
38783,"No"
38784,"Yes"
38785,"No"
38786,"Yes"
38787,"No"
38788,"No"
38789,"No"
38790,"No"
38791,"No"
38792,"No"
38793,"No"
38794,"Yes"
38795,"No"
38796,"Yes"
38797,"Yes"
38798,"No"
38799,"No"
38800,"Yes"
38801,"No"
38802,"Yes"
38803,"No"
38804,"Yes"
38805,"No"
38806,"Yes"
38807,"No"
38808,"No"
38809,"No"
38810,"No"
38811,"Yes"
38812,"No"
38813,"Yes"
38814,"No"
38815,"No"
38816,"No"
38817,"No"
38818,"No"
38819,"Yes"
38820,"No"
38821,"Yes"
38822,"No"
38823,"Yes"
38824,"No"
38825,"Yes"
38826,"Yes"
38827,"No"
38828,"No"
38829,"Yes"
38830,"No"
38831,"No"
38832,"No"
38833,"No"
38834,"Yes"
38835,"No"
38836,"Yes"
38837,"No"
38838,"No"
38839,"No"
38840,"No"
38841,"No"
38842,"No"
38843,"No"
38844,"No"
38845,"Yes"
38846,"No"
38847,"Yes"
38848,"Yes"
38849,"No"
38850,"Yes"
38851,"No"
38852,"No"
38853,"No"
38854,"No"
38855,"Yes"
38856,"No"
38857,"No"
38858,"No"
38859,"No"
38860,"No"
38861,"Yes"
38862,"Yes"
38863,"No"
38864,"No"
38865,"No"
38866,"No"
38867,"Yes"
38868,"No"
38869,"No"
38870,"No"
38871,"No"
38872,"No"
38873,"No"
38874,"No"
38875,"Yes"
38876,"No"
38877,"No"
38878,"Yes"
38879,"No"
38880,"No"
38881,"No"
38882,"No"
38883,"No"
38884,"No"
38885,"Yes"
38886,"No"
38887,"No"
38888,"No"
38889,"Yes"
38890,"Yes"
38891,"No"
38892,"No"
38893,"No"
38894,"No"
38895,"No"
38896,"Yes"
38897,"No"
38898,"No"
38899,"No"
38900,"Yes"
38901,"No"
38902,"No"
38903,"Yes"
38904,"Yes"
38905,"No"
38906,"No"
38907,"Yes"
38908,"No"
38909,"No"
38910,"No"
38911,"No"
38912,"No"
38913,"Yes"
38914,"No"
38915,"Yes"
38916,"No"
38917,"Yes"
38918,"No"
38919,"No"
38920,"No"
38921,"No"
38922,"Yes"
38923,"No"
38924,"Yes"
38925,"No"
38926,"No"
38927,"No"
38928,"No"
38929,"No"
38930,"No"
38931,"No"
38932,"Yes"
38933,"No"
38934,"Yes"
38935,"No"
38936,"No"
38937,"Yes"
38938,"No"
38939,"No"
38940,"No"
38941,"No"
38942,"Yes"
38943,"No"
38944,"Yes"
38945,"No"
38946,"No"
38947,"Yes"
38948,"No"
38949,"No"
38950,"Yes"
38951,"Yes"
38952,"Yes"
38953,"Yes"
38954,"No"
38955,"Yes"
38956,"No"
38957,"No"
38958,"Yes"
38959,"No"
38960,"No"
38961,"No"
38962,"No"
38963,"Yes"
38964,"No"
38965,"Yes"
38966,"No"
38967,"No"
38968,"No"
38969,"Yes"
38970,"No"
38971,"No"
38972,"No"
38973,"No"
38974,"No"
38975,"No"
38976,"Yes"
38977,"No"
38978,"No"
38979,"No"
38980,"No"
38981,"No"
38982,"No"
38983,"Yes"
38984,"No"
38985,"No"
38986,"No"
38987,"No"
38988,"No"
38989,"No"
38990,"Yes"
38991,"No"
38992,"No"
38993,"Yes"
38994,"No"
38995,"No"
38996,"No"
38997,"Yes"
38998,"No"
38999,"No"
39000,"Yes"
39001,"Yes"
39002,"Yes"
39003,"No"
39004,"Yes"
39005,"Yes"
39006,"No"
39007,"Yes"
39008,"No"
39009,"No"
39010,"Yes"
39011,"No"
39012,"No"
39013,"No"
39014,"Yes"
39015,"No"
39016,"No"
39017,"No"
39018,"Yes"
39019,"Yes"
39020,"No"
39021,"Yes"
39022,"Yes"
39023,"No"
39024,"No"
39025,"No"
39026,"No"
39027,"No"
39028,"Yes"
39029,"No"
39030,"Yes"
39031,"Yes"
39032,"No"
39033,"No"
39034,"No"
39035,"Yes"
39036,"No"
39037,"Yes"
39038,"No"
39039,"No"
39040,"Yes"
39041,"No"
39042,"No"
39043,"No"
39044,"Yes"
39045,"Yes"
39046,"No"
39047,"No"
39048,"Yes"
39049,"No"
39050,"No"
39051,"Yes"
39052,"No"
39053,"No"
39054,"Yes"
39055,"No"
39056,"No"
39057,"No"
39058,"Yes"
39059,"Yes"
39060,"No"
39061,"Yes"
39062,"Yes"
39063,"No"
39064,"Yes"
39065,"No"
39066,"Yes"
39067,"No"
39068,"Yes"
39069,"No"
39070,"No"
39071,"Yes"
39072,"No"
39073,"No"
39074,"No"
39075,"No"
39076,"Yes"
39077,"No"
39078,"Yes"
39079,"No"
39080,"No"
39081,"Yes"
39082,"Yes"
39083,"No"
39084,"Yes"
39085,"Yes"
39086,"No"
39087,"No"
39088,"No"
39089,"No"
39090,"Yes"
39091,"No"
39092,"No"
39093,"No"
39094,"No"
39095,"Yes"
39096,"No"
39097,"No"
39098,"Yes"
39099,"Yes"
39100,"No"
39101,"No"
39102,"No"
39103,"No"
39104,"Yes"
39105,"No"
39106,"No"
39107,"No"
39108,"No"
39109,"No"
39110,"No"
39111,"No"
39112,"No"
39113,"Yes"
39114,"No"
39115,"No"
39116,"No"
39117,"Yes"
39118,"No"
39119,"No"
39120,"Yes"
39121,"No"
39122,"No"
39123,"No"
39124,"No"
39125,"No"
39126,"No"
39127,"No"
39128,"Yes"
39129,"No"
39130,"No"
39131,"No"
39132,"No"
39133,"Yes"
39134,"No"
39135,"No"
39136,"No"
39137,"No"
39138,"Yes"
39139,"Yes"
39140,"No"
39141,"No"
39142,"No"
39143,"No"
39144,"No"
39145,"Yes"
39146,"Yes"
39147,"No"
39148,"No"
39149,"No"
39150,"No"
39151,"No"
39152,"No"
39153,"No"
39154,"Yes"
39155,"No"
39156,"No"
39157,"Yes"
39158,"No"
39159,"Yes"
39160,"No"
39161,"No"
39162,"No"
39163,"No"
39164,"No"
39165,"No"
39166,"Yes"
39167,"Yes"
39168,"No"
39169,"No"
39170,"Yes"
39171,"Yes"
39172,"No"
39173,"No"
39174,"No"
39175,"Yes"
39176,"No"
39177,"No"
39178,"No"
39179,"No"
39180,"No"
39181,"No"
39182,"No"
39183,"Yes"
39184,"Yes"
39185,"No"
39186,"Yes"
39187,"No"
39188,"No"
39189,"No"
39190,"No"
39191,"Yes"
39192,"No"
39193,"Yes"
39194,"No"
39195,"Yes"
39196,"No"
39197,"No"
39198,"Yes"
39199,"No"
39200,"No"
39201,"Yes"
39202,"No"
39203,"Yes"
39204,"No"
39205,"Yes"
39206,"No"
39207,"No"
39208,"No"
39209,"No"
39210,"No"
39211,"Yes"
39212,"Yes"
39213,"Yes"
39214,"No"
39215,"No"
39216,"Yes"
39217,"Yes"
39218,"No"
39219,"No"
39220,"No"
39221,"No"
39222,"Yes"
39223,"No"
39224,"Yes"
39225,"Yes"
39226,"No"
39227,"No"
39228,"No"
39229,"No"
39230,"Yes"
39231,"No"
39232,"Yes"
39233,"Yes"
39234,"No"
39235,"No"
39236,"Yes"
39237,"Yes"
39238,"No"
39239,"No"
39240,"Yes"
39241,"No"
39242,"Yes"
39243,"No"
39244,"Yes"
39245,"No"
39246,"Yes"
39247,"No"
39248,"Yes"
39249,"Yes"
39250,"No"
39251,"No"
39252,"No"
39253,"Yes"
39254,"No"
39255,"Yes"
39256,"No"
39257,"No"
39258,"No"
39259,"No"
39260,"Yes"
39261,"Yes"
39262,"No"
39263,"No"
39264,"Yes"
39265,"No"
39266,"Yes"
39267,"Yes"
39268,"No"
39269,"Yes"
39270,"No"
39271,"Yes"
39272,"Yes"
39273,"No"
39274,"No"
39275,"No"
39276,"No"
39277,"Yes"
39278,"No"
39279,"No"
39280,"No"
39281,"No"
39282,"No"
39283,"No"
39284,"Yes"
39285,"No"
39286,"No"
39287,"No"
39288,"No"
39289,"No"
39290,"Yes"
39291,"Yes"
39292,"Yes"
39293,"Yes"
39294,"No"
39295,"Yes"
39296,"No"
39297,"Yes"
39298,"Yes"
39299,"Yes"
39300,"No"
39301,"No"
39302,"No"
39303,"No"
39304,"Yes"
39305,"No"
39306,"No"
39307,"No"
39308,"No"
39309,"Yes"
39310,"No"
39311,"No"
39312,"No"
39313,"No"
39314,"No"
39315,"Yes"
39316,"No"
39317,"Yes"
39318,"No"
39319,"No"
39320,"No"
39321,"No"
39322,"Yes"
39323,"No"
39324,"No"
39325,"Yes"
39326,"No"
39327,"No"
39328,"No"
39329,"No"
39330,"No"
39331,"No"
39332,"Yes"
39333,"No"
39334,"Yes"
39335,"No"
39336,"No"
39337,"No"
39338,"No"
39339,"No"
39340,"No"
39341,"No"
39342,"No"
39343,"Yes"
39344,"No"
39345,"No"
39346,"Yes"
39347,"No"
39348,"No"
39349,"No"
39350,"Yes"
39351,"No"
39352,"Yes"
39353,"Yes"
39354,"No"
39355,"Yes"
39356,"No"
39357,"No"
39358,"No"
39359,"No"
39360,"Yes"
39361,"Yes"
39362,"No"
39363,"Yes"
39364,"No"
39365,"Yes"
39366,"No"
39367,"Yes"
39368,"Yes"
39369,"Yes"
39370,"Yes"
39371,"No"
39372,"No"
39373,"No"
39374,"No"
39375,"No"
39376,"Yes"
39377,"Yes"
39378,"No"
39379,"Yes"
39380,"No"
39381,"Yes"
39382,"No"
39383,"No"
39384,"No"
39385,"No"
39386,"Yes"
39387,"No"
39388,"No"
39389,"No"
39390,"Yes"
39391,"No"
39392,"No"
39393,"No"
39394,"No"
39395,"Yes"
39396,"No"
39397,"Yes"
39398,"No"
39399,"Yes"
39400,"Yes"
39401,"Yes"
39402,"No"
39403,"No"
39404,"Yes"
39405,"Yes"
39406,"No"
39407,"No"
39408,"Yes"
39409,"Yes"
39410,"No"
39411,"No"
39412,"No"
39413,"No"
39414,"No"
39415,"No"
39416,"Yes"
39417,"No"
39418,"Yes"
39419,"No"
39420,"No"
39421,"No"
39422,"No"
39423,"No"
39424,"Yes"
39425,"No"
39426,"No"
39427,"No"
39428,"No"
39429,"No"
39430,"No"
39431,"No"
39432,"Yes"
39433,"Yes"
39434,"No"
39435,"No"
39436,"Yes"
39437,"No"
39438,"No"
39439,"No"
39440,"Yes"
39441,"No"
39442,"No"
39443,"No"
39444,"Yes"
39445,"No"
39446,"No"
39447,"No"
39448,"No"
39449,"No"
39450,"Yes"
39451,"No"
39452,"Yes"
39453,"No"
39454,"No"
39455,"No"
39456,"No"
39457,"Yes"
39458,"No"
39459,"No"
39460,"No"
39461,"Yes"
39462,"No"
39463,"Yes"
39464,"No"
39465,"No"
39466,"No"
39467,"Yes"
39468,"Yes"
39469,"Yes"
39470,"No"
39471,"No"
39472,"Yes"
39473,"Yes"
39474,"No"
39475,"No"
39476,"No"
39477,"Yes"
39478,"Yes"
39479,"Yes"
39480,"Yes"
39481,"No"
39482,"No"
39483,"Yes"
39484,"Yes"
39485,"No"
39486,"Yes"
39487,"No"
39488,"No"
39489,"No"
39490,"Yes"
39491,"Yes"
39492,"No"
39493,"No"
39494,"No"
39495,"Yes"
39496,"No"
39497,"No"
39498,"No"
39499,"No"
39500,"No"
39501,"Yes"
39502,"Yes"
39503,"No"
39504,"No"
39505,"Yes"
39506,"Yes"
39507,"No"
39508,"No"
39509,"No"
39510,"No"
39511,"No"
39512,"No"
39513,"Yes"
39514,"No"
39515,"Yes"
39516,"Yes"
39517,"Yes"
39518,"No"
39519,"Yes"
39520,"No"
39521,"No"
39522,"No"
39523,"Yes"
39524,"Yes"
39525,"No"
39526,"Yes"
39527,"Yes"
39528,"No"
39529,"No"
39530,"No"
39531,"No"
39532,"Yes"
39533,"No"
39534,"Yes"
39535,"No"
39536,"No"
39537,"Yes"
39538,"No"
39539,"No"
39540,"No"
39541,"Yes"
39542,"No"
39543,"Yes"
39544,"No"
39545,"Yes"
39546,"No"
39547,"Yes"
39548,"Yes"
39549,"No"
39550,"No"
39551,"No"
39552,"No"
39553,"No"
39554,"Yes"
39555,"Yes"
39556,"No"
39557,"No"
39558,"Yes"
39559,"No"
39560,"No"
39561,"Yes"
39562,"Yes"
39563,"Yes"
39564,"Yes"
39565,"No"
39566,"Yes"
39567,"No"
39568,"No"
39569,"No"
39570,"Yes"
39571,"No"
39572,"No"
39573,"No"
39574,"Yes"
39575,"No"
39576,"No"
39577,"No"
39578,"Yes"
39579,"No"
39580,"No"
39581,"Yes"
39582,"No"
39583,"No"
39584,"No"
39585,"No"
39586,"No"
39587,"No"
39588,"No"
39589,"No"
39590,"No"
39591,"No"
39592,"No"
39593,"No"
39594,"No"
39595,"No"
39596,"No"
39597,"Yes"
39598,"No"
39599,"No"
39600,"Yes"
39601,"Yes"
39602,"Yes"
39603,"No"
39604,"Yes"
39605,"Yes"
39606,"No"
39607,"No"
39608,"No"
39609,"No"
39610,"Yes"
39611,"No"
39612,"No"
39613,"Yes"
39614,"No"
39615,"No"
39616,"No"
39617,"Yes"
39618,"No"
39619,"Yes"
39620,"Yes"
39621,"No"
39622,"No"
39623,"No"
39624,"Yes"
39625,"No"
39626,"No"
39627,"Yes"
39628,"Yes"
39629,"No"
39630,"No"
39631,"Yes"
39632,"No"
39633,"No"
39634,"No"
39635,"Yes"
39636,"Yes"
39637,"No"
39638,"No"
39639,"No"
39640,"No"
39641,"No"
39642,"No"
39643,"No"
39644,"No"
39645,"No"
39646,"No"
39647,"No"
39648,"Yes"
39649,"No"
39650,"No"
39651,"No"
39652,"No"
39653,"No"
39654,"No"
39655,"Yes"
39656,"Yes"
39657,"Yes"
39658,"Yes"
39659,"No"
39660,"No"
39661,"No"
39662,"No"
39663,"No"
39664,"No"
39665,"No"
39666,"No"
39667,"No"
39668,"No"
39669,"Yes"
39670,"No"
39671,"No"
39672,"No"
39673,"No"
39674,"No"
39675,"Yes"
39676,"Yes"
39677,"Yes"
39678,"No"
39679,"No"
39680,"Yes"
39681,"No"
39682,"Yes"
39683,"Yes"
39684,"No"
39685,"No"
39686,"No"
39687,"No"
39688,"Yes"
39689,"No"
39690,"No"
39691,"No"
39692,"No"
39693,"No"
39694,"No"
39695,"No"
39696,"No"
39697,"No"
39698,"No"
39699,"Yes"
39700,"No"
39701,"Yes"
39702,"No"
39703,"No"
39704,"No"
39705,"No"
39706,"No"
39707,"No"
39708,"No"
39709,"No"
39710,"Yes"
39711,"No"
39712,"Yes"
39713,"Yes"
39714,"No"
39715,"No"
39716,"No"
39717,"No"
39718,"Yes"
39719,"No"
39720,"Yes"
39721,"No"
39722,"Yes"
39723,"No"
39724,"Yes"
39725,"No"
39726,"No"
39727,"No"
39728,"Yes"
39729,"No"
39730,"Yes"
39731,"No"
39732,"No"
39733,"No"
39734,"No"
39735,"Yes"
39736,"Yes"
39737,"No"
39738,"Yes"
39739,"No"
39740,"No"
39741,"Yes"
39742,"No"
39743,"No"
39744,"No"
39745,"Yes"
39746,"No"
39747,"No"
39748,"No"
39749,"No"
39750,"Yes"
39751,"No"
39752,"No"
39753,"No"
39754,"No"
39755,"Yes"
39756,"No"
39757,"Yes"
39758,"No"
39759,"No"
39760,"No"
39761,"No"
39762,"Yes"
39763,"No"
39764,"Yes"
39765,"Yes"
39766,"No"
39767,"No"
39768,"No"
39769,"No"
39770,"No"
39771,"Yes"
39772,"Yes"
39773,"No"
39774,"Yes"
39775,"No"
39776,"No"
39777,"No"
39778,"No"
39779,"No"
39780,"No"
39781,"No"
39782,"Yes"
39783,"No"
39784,"No"
39785,"No"
39786,"Yes"
39787,"No"
39788,"No"
39789,"Yes"
39790,"No"
39791,"No"
39792,"No"
39793,"Yes"
39794,"No"
39795,"No"
39796,"No"
39797,"No"
39798,"Yes"
39799,"No"
39800,"No"
39801,"No"
39802,"No"
39803,"No"
39804,"Yes"
39805,"No"
39806,"Yes"
39807,"No"
39808,"No"
39809,"Yes"
39810,"No"
39811,"No"
39812,"Yes"
39813,"No"
39814,"No"
39815,"No"
39816,"Yes"
39817,"No"
39818,"No"
39819,"No"
39820,"Yes"
39821,"Yes"
39822,"No"
39823,"No"
39824,"No"
39825,"No"
39826,"No"
39827,"No"
39828,"Yes"
39829,"Yes"
39830,"No"
39831,"No"
39832,"No"
39833,"Yes"
39834,"No"
39835,"No"
39836,"Yes"
39837,"No"
39838,"Yes"
39839,"Yes"
39840,"Yes"
39841,"No"
39842,"Yes"
39843,"No"
39844,"No"
39845,"No"
39846,"Yes"
39847,"Yes"
39848,"No"
39849,"No"
39850,"No"
39851,"No"
39852,"Yes"
39853,"No"
39854,"No"
39855,"No"
39856,"Yes"
39857,"No"
39858,"No"
39859,"Yes"
39860,"No"
39861,"No"
39862,"No"
39863,"No"
39864,"No"
39865,"Yes"
39866,"No"
39867,"No"
39868,"No"
39869,"Yes"
39870,"No"
39871,"Yes"
39872,"No"
39873,"No"
39874,"Yes"
39875,"No"
39876,"Yes"
39877,"No"
39878,"Yes"
39879,"No"
39880,"No"
39881,"No"
39882,"Yes"
39883,"No"
39884,"No"
39885,"No"
39886,"No"
39887,"Yes"
39888,"No"
39889,"No"
39890,"No"
39891,"No"
39892,"Yes"
39893,"Yes"
39894,"No"
39895,"No"
39896,"Yes"
39897,"Yes"
39898,"No"
39899,"Yes"
39900,"No"
39901,"Yes"
39902,"Yes"
39903,"Yes"
39904,"No"
39905,"No"
39906,"No"
39907,"No"
39908,"No"
39909,"No"
39910,"No"
39911,"No"
39912,"No"
39913,"No"
39914,"No"
39915,"No"
39916,"No"
39917,"Yes"
39918,"No"
39919,"No"
39920,"No"
39921,"No"
39922,"No"
39923,"No"
39924,"Yes"
39925,"No"
39926,"No"
39927,"No"
39928,"No"
39929,"Yes"
39930,"No"
39931,"No"
39932,"No"
39933,"No"
39934,"No"
39935,"Yes"
39936,"Yes"
39937,"Yes"
39938,"No"
39939,"Yes"
39940,"Yes"
39941,"No"
39942,"No"
39943,"Yes"
39944,"No"
39945,"Yes"
39946,"No"
39947,"No"
39948,"Yes"
39949,"No"
39950,"Yes"
39951,"No"
39952,"No"
39953,"No"
39954,"No"
39955,"Yes"
39956,"No"
39957,"Yes"
39958,"No"
39959,"No"
39960,"No"
39961,"Yes"
39962,"No"
39963,"No"
39964,"Yes"
39965,"Yes"
39966,"No"
39967,"Yes"
39968,"No"
39969,"Yes"
39970,"No"
39971,"No"
39972,"No"
39973,"No"
39974,"No"
39975,"Yes"
39976,"Yes"
39977,"Yes"
39978,"No"
39979,"No"
39980,"Yes"
39981,"No"
39982,"No"
39983,"Yes"
39984,"No"
39985,"No"
39986,"No"
39987,"No"
39988,"No"
39989,"Yes"
39990,"No"
39991,"Yes"
39992,"Yes"
39993,"No"
39994,"No"
39995,"No"
39996,"Yes"
39997,"Yes"
39998,"No"
39999,"No"
40000,"Yes"
40001,"Yes"
40002,"No"
40003,"No"
40004,"No"
40005,"Yes"
40006,"No"
40007,"Yes"
40008,"No"
40009,"No"
40010,"No"
40011,"No"
40012,"No"
40013,"No"
40014,"No"
40015,"Yes"
40016,"No"
40017,"Yes"
40018,"No"
40019,"No"
40020,"No"
40021,"Yes"
40022,"No"
40023,"No"
40024,"No"
40025,"No"
40026,"Yes"
40027,"Yes"
40028,"Yes"
40029,"No"
40030,"No"
40031,"Yes"
40032,"No"
40033,"Yes"
40034,"No"
40035,"No"
40036,"No"
40037,"Yes"
40038,"Yes"
40039,"Yes"
40040,"No"
40041,"Yes"
40042,"No"
40043,"No"
40044,"Yes"
40045,"No"
40046,"No"
40047,"No"
40048,"Yes"
40049,"No"
40050,"No"
40051,"No"
40052,"Yes"
40053,"Yes"
40054,"No"
40055,"Yes"
40056,"No"
40057,"Yes"
40058,"Yes"
40059,"No"
40060,"No"
40061,"No"
40062,"Yes"
40063,"No"
40064,"No"
40065,"No"
40066,"No"
40067,"No"
40068,"No"
40069,"No"
40070,"No"
40071,"No"
40072,"No"
40073,"Yes"
40074,"Yes"
40075,"Yes"
40076,"No"
40077,"No"
40078,"Yes"
40079,"No"
40080,"Yes"
40081,"Yes"
40082,"Yes"
40083,"Yes"
40084,"No"
40085,"No"
40086,"No"
40087,"No"
40088,"No"
40089,"No"
40090,"Yes"
40091,"No"
40092,"No"
40093,"No"
40094,"No"
40095,"No"
40096,"No"
40097,"No"
40098,"No"
40099,"No"
40100,"No"
40101,"Yes"
40102,"No"
40103,"Yes"
40104,"Yes"
40105,"Yes"
40106,"No"
40107,"Yes"
40108,"Yes"
40109,"Yes"
40110,"No"
40111,"No"
40112,"Yes"
40113,"No"
40114,"No"
40115,"No"
40116,"No"
40117,"No"
40118,"No"
40119,"No"
40120,"No"
40121,"No"
40122,"No"
40123,"Yes"
40124,"No"
40125,"No"
40126,"No"
40127,"No"
40128,"Yes"
40129,"No"
40130,"No"
40131,"No"
40132,"No"
40133,"No"
40134,"No"
40135,"Yes"
40136,"No"
40137,"No"
40138,"Yes"
40139,"Yes"
40140,"No"
40141,"No"
40142,"No"
40143,"No"
40144,"No"
40145,"No"
40146,"No"
40147,"Yes"
40148,"No"
40149,"No"
40150,"Yes"
40151,"No"
40152,"No"
40153,"No"
40154,"No"
40155,"Yes"
40156,"No"
40157,"No"
40158,"No"
40159,"No"
40160,"No"
40161,"Yes"
40162,"No"
40163,"No"
40164,"No"
40165,"Yes"
40166,"No"
40167,"No"
40168,"No"
40169,"Yes"
40170,"Yes"
40171,"No"
40172,"No"
40173,"Yes"
40174,"Yes"
40175,"Yes"
40176,"No"
40177,"No"
40178,"No"
40179,"No"
40180,"Yes"
40181,"No"
40182,"No"
40183,"No"
40184,"No"
40185,"No"
40186,"No"
40187,"No"
40188,"No"
40189,"No"
40190,"Yes"
40191,"No"
40192,"No"
40193,"No"
40194,"Yes"
40195,"Yes"
40196,"No"
40197,"Yes"
40198,"No"
40199,"Yes"
40200,"Yes"
40201,"No"
40202,"No"
40203,"No"
40204,"Yes"
40205,"No"
40206,"Yes"
40207,"No"
40208,"No"
40209,"No"
40210,"No"
40211,"Yes"
40212,"No"
40213,"No"
40214,"No"
40215,"No"
40216,"No"
40217,"Yes"
40218,"No"
40219,"No"
40220,"No"
40221,"Yes"
40222,"Yes"
40223,"No"
40224,"No"
40225,"No"
40226,"Yes"
40227,"No"
40228,"No"
40229,"No"
40230,"Yes"
40231,"No"
40232,"Yes"
40233,"Yes"
40234,"Yes"
40235,"Yes"
40236,"No"
40237,"No"
40238,"No"
40239,"No"
40240,"No"
40241,"No"
40242,"No"
40243,"No"
40244,"Yes"
40245,"Yes"
40246,"No"
40247,"No"
40248,"No"
40249,"No"
40250,"No"
40251,"No"
40252,"Yes"
40253,"Yes"
40254,"Yes"
40255,"No"
40256,"No"
40257,"Yes"
40258,"No"
40259,"Yes"
40260,"No"
40261,"No"
40262,"No"
40263,"No"
40264,"No"
40265,"Yes"
40266,"Yes"
40267,"No"
40268,"Yes"
40269,"Yes"
40270,"No"
40271,"No"
40272,"Yes"
40273,"Yes"
40274,"No"
40275,"No"
40276,"Yes"
40277,"No"
40278,"No"
40279,"Yes"
40280,"No"
40281,"No"
40282,"No"
40283,"No"
40284,"Yes"
40285,"No"
40286,"Yes"
40287,"No"
40288,"No"
40289,"No"
40290,"Yes"
40291,"Yes"
40292,"No"
40293,"No"
40294,"No"
40295,"No"
40296,"Yes"
40297,"No"
40298,"No"
40299,"No"
40300,"Yes"
40301,"No"
40302,"Yes"
40303,"No"
40304,"Yes"
40305,"No"
40306,"Yes"
40307,"Yes"
40308,"No"
40309,"Yes"
40310,"No"
40311,"No"
40312,"No"
40313,"No"
40314,"Yes"
40315,"No"
40316,"Yes"
40317,"No"
40318,"Yes"
40319,"Yes"
40320,"No"
40321,"Yes"
40322,"No"
40323,"No"
40324,"No"
40325,"No"
40326,"No"
40327,"No"
40328,"Yes"
40329,"No"
40330,"Yes"
40331,"No"
40332,"No"
40333,"No"
40334,"No"
40335,"No"
40336,"No"
40337,"No"
40338,"Yes"
40339,"No"
40340,"Yes"
40341,"Yes"
40342,"No"
40343,"No"
40344,"No"
40345,"No"
40346,"Yes"
40347,"Yes"
40348,"No"
40349,"No"
40350,"Yes"
40351,"No"
40352,"No"
40353,"No"
40354,"Yes"
40355,"No"
40356,"No"
40357,"No"
40358,"Yes"
40359,"No"
40360,"Yes"
40361,"No"
40362,"Yes"
40363,"Yes"
40364,"Yes"
40365,"No"
40366,"No"
40367,"Yes"
40368,"Yes"
40369,"Yes"
40370,"No"
40371,"No"
40372,"No"
40373,"No"
40374,"No"
40375,"No"
40376,"No"
40377,"Yes"
40378,"No"
40379,"Yes"
40380,"No"
40381,"Yes"
40382,"No"
40383,"No"
40384,"No"
40385,"Yes"
40386,"No"
40387,"No"
40388,"No"
40389,"No"
40390,"No"
40391,"Yes"
40392,"No"
40393,"No"
40394,"Yes"
40395,"No"
40396,"No"
40397,"No"
40398,"Yes"
40399,"Yes"
40400,"Yes"
40401,"No"
40402,"No"
40403,"Yes"
40404,"Yes"
40405,"No"
40406,"Yes"
40407,"No"
40408,"Yes"
40409,"No"
40410,"No"
40411,"No"
40412,"No"
40413,"No"
40414,"No"
40415,"No"
40416,"No"
40417,"Yes"
40418,"No"
40419,"No"
40420,"Yes"
40421,"No"
40422,"No"
40423,"No"
40424,"Yes"
40425,"No"
40426,"Yes"
40427,"No"
40428,"No"
40429,"Yes"
40430,"No"
40431,"Yes"
40432,"No"
40433,"Yes"
40434,"Yes"
40435,"Yes"
40436,"No"
40437,"No"
40438,"Yes"
40439,"No"
40440,"No"
40441,"No"
40442,"No"
40443,"Yes"
40444,"No"
40445,"No"
40446,"No"
40447,"No"
40448,"Yes"
40449,"No"
40450,"No"
40451,"Yes"
40452,"No"
40453,"Yes"
40454,"Yes"
40455,"Yes"
40456,"No"
40457,"No"
40458,"No"
40459,"No"
40460,"Yes"
40461,"Yes"
40462,"Yes"
40463,"Yes"
40464,"No"
40465,"No"
40466,"Yes"
40467,"No"
40468,"No"
40469,"Yes"
40470,"No"
40471,"Yes"
40472,"Yes"
40473,"No"
40474,"Yes"
40475,"No"
40476,"No"
40477,"No"
40478,"No"
40479,"Yes"
40480,"No"
40481,"Yes"
40482,"No"
40483,"No"
40484,"Yes"
40485,"Yes"
40486,"No"
40487,"No"
40488,"Yes"
40489,"No"
40490,"No"
40491,"No"
40492,"No"
40493,"No"
40494,"Yes"
40495,"No"
40496,"No"
40497,"Yes"
40498,"No"
40499,"No"
40500,"Yes"
40501,"Yes"
40502,"Yes"
40503,"No"
40504,"Yes"
40505,"No"
40506,"Yes"
40507,"Yes"
40508,"Yes"
40509,"No"
40510,"No"
40511,"Yes"
40512,"No"
40513,"Yes"
40514,"Yes"
40515,"No"
40516,"Yes"
40517,"No"
40518,"Yes"
40519,"No"
40520,"Yes"
40521,"No"
40522,"No"
40523,"No"
40524,"Yes"
40525,"No"
40526,"Yes"
40527,"No"
40528,"No"
40529,"Yes"
40530,"No"
40531,"Yes"
40532,"Yes"
40533,"No"
40534,"No"
40535,"No"
40536,"Yes"
40537,"No"
40538,"No"
40539,"No"
40540,"Yes"
40541,"No"
40542,"Yes"
40543,"No"
40544,"No"
40545,"No"
40546,"No"
40547,"No"
40548,"Yes"
40549,"No"
40550,"No"
40551,"Yes"
40552,"No"
40553,"No"
40554,"Yes"
40555,"No"
40556,"No"
40557,"No"
40558,"No"
40559,"No"
40560,"Yes"
40561,"No"
40562,"No"
40563,"No"
40564,"Yes"
40565,"No"
40566,"Yes"
40567,"No"
40568,"Yes"
40569,"Yes"
40570,"No"
40571,"No"
40572,"Yes"
40573,"No"
40574,"No"
40575,"No"
40576,"Yes"
40577,"No"
40578,"Yes"
40579,"No"
40580,"Yes"
40581,"No"
40582,"No"
40583,"No"
40584,"No"
40585,"No"
40586,"No"
40587,"No"
40588,"No"
40589,"Yes"
40590,"No"
40591,"Yes"
40592,"No"
40593,"No"
40594,"No"
40595,"No"
40596,"No"
40597,"No"
40598,"Yes"
40599,"Yes"
40600,"No"
40601,"No"
40602,"No"
40603,"No"
40604,"Yes"
40605,"No"
40606,"Yes"
40607,"Yes"
40608,"Yes"
40609,"Yes"
40610,"No"
40611,"Yes"
40612,"No"
40613,"No"
40614,"No"
40615,"No"
40616,"No"
40617,"No"
40618,"No"
40619,"No"
40620,"No"
40621,"No"
40622,"Yes"
40623,"No"
40624,"Yes"
40625,"No"
40626,"No"
40627,"Yes"
40628,"No"
40629,"Yes"
40630,"Yes"
40631,"Yes"
40632,"No"
40633,"Yes"
40634,"No"
40635,"No"
40636,"Yes"
40637,"Yes"
40638,"Yes"
40639,"Yes"
40640,"No"
40641,"No"
40642,"No"
40643,"No"
40644,"No"
40645,"No"
40646,"No"
40647,"No"
40648,"No"
40649,"No"
40650,"Yes"
40651,"Yes"
40652,"No"
40653,"Yes"
40654,"No"
40655,"No"
40656,"No"
40657,"No"
40658,"No"
40659,"Yes"
40660,"No"
40661,"Yes"
40662,"Yes"
40663,"No"
40664,"No"
40665,"Yes"
40666,"No"
40667,"No"
40668,"No"
40669,"No"
40670,"No"
40671,"Yes"
40672,"No"
40673,"Yes"
40674,"Yes"
40675,"No"
40676,"Yes"
40677,"No"
40678,"No"
40679,"Yes"
40680,"No"
40681,"No"
40682,"No"
40683,"No"
40684,"No"
40685,"Yes"
40686,"No"
40687,"No"
40688,"Yes"
40689,"No"
40690,"No"
40691,"No"
40692,"Yes"
40693,"Yes"
40694,"No"
40695,"No"
40696,"No"
40697,"No"
40698,"Yes"
40699,"Yes"
40700,"No"
40701,"Yes"
40702,"Yes"
40703,"No"
40704,"No"
40705,"No"
40706,"Yes"
40707,"No"
40708,"No"
40709,"No"
40710,"No"
40711,"No"
40712,"No"
40713,"Yes"
40714,"Yes"
40715,"No"
40716,"No"
40717,"Yes"
40718,"No"
40719,"Yes"
40720,"No"
40721,"Yes"
40722,"No"
40723,"Yes"
40724,"No"
40725,"Yes"
40726,"No"
40727,"Yes"
40728,"No"
40729,"No"
40730,"No"
40731,"Yes"
40732,"No"
40733,"No"
40734,"No"
40735,"No"
40736,"No"
40737,"Yes"
40738,"No"
40739,"Yes"
40740,"No"
40741,"No"
40742,"Yes"
40743,"No"
40744,"Yes"
40745,"No"
40746,"No"
40747,"Yes"
40748,"No"
40749,"No"
40750,"No"
40751,"No"
40752,"Yes"
40753,"Yes"
40754,"No"
40755,"No"
40756,"Yes"
40757,"No"
40758,"No"
40759,"No"
40760,"Yes"
40761,"No"
40762,"No"
40763,"No"
40764,"No"
40765,"Yes"
40766,"Yes"
40767,"Yes"
40768,"No"
40769,"Yes"
40770,"No"
40771,"Yes"
40772,"No"
40773,"No"
40774,"No"
40775,"No"
40776,"Yes"
40777,"No"
40778,"No"
40779,"No"
40780,"Yes"
40781,"No"
40782,"No"
40783,"No"
40784,"No"
40785,"No"
40786,"No"
40787,"Yes"
40788,"No"
40789,"No"
40790,"No"
40791,"No"
40792,"No"
40793,"No"
40794,"No"
40795,"No"
40796,"Yes"
40797,"No"
40798,"No"
40799,"Yes"
40800,"Yes"
40801,"No"
40802,"No"
40803,"No"
40804,"No"
40805,"No"
40806,"No"
40807,"No"
40808,"No"
40809,"Yes"
40810,"Yes"
40811,"No"
40812,"No"
40813,"No"
40814,"No"
40815,"No"
40816,"Yes"
40817,"No"
40818,"No"
40819,"No"
40820,"No"
40821,"No"
40822,"No"
40823,"Yes"
40824,"No"
40825,"No"
40826,"No"
40827,"No"
40828,"Yes"
40829,"No"
40830,"No"
40831,"No"
40832,"Yes"
40833,"No"
40834,"No"
40835,"Yes"
40836,"No"
40837,"Yes"
40838,"No"
40839,"No"
40840,"No"
40841,"No"
40842,"Yes"
40843,"No"
40844,"No"
40845,"Yes"
40846,"No"
40847,"No"
40848,"No"
40849,"No"
40850,"Yes"
40851,"No"
40852,"No"
40853,"Yes"
40854,"Yes"
40855,"No"
40856,"No"
40857,"Yes"
40858,"No"
40859,"No"
40860,"No"
40861,"No"
40862,"No"
40863,"Yes"
40864,"No"
40865,"Yes"
40866,"No"
40867,"No"
40868,"No"
40869,"No"
40870,"No"
40871,"Yes"
40872,"Yes"
40873,"No"
40874,"No"
40875,"No"
40876,"No"
40877,"No"
40878,"No"
40879,"Yes"
40880,"Yes"
40881,"No"
40882,"No"
40883,"No"
40884,"Yes"
40885,"Yes"
40886,"No"
40887,"No"
40888,"No"
40889,"No"
40890,"No"
40891,"No"
40892,"No"
40893,"Yes"
40894,"No"
40895,"No"
40896,"No"
40897,"Yes"
40898,"No"
40899,"No"
40900,"No"
40901,"No"
40902,"No"
40903,"No"
40904,"Yes"
40905,"No"
40906,"No"
40907,"Yes"
40908,"Yes"
40909,"No"
40910,"No"
40911,"Yes"
40912,"No"
40913,"No"
40914,"Yes"
40915,"No"
40916,"No"
40917,"Yes"
40918,"Yes"
40919,"No"
40920,"No"
40921,"No"
40922,"Yes"
40923,"Yes"
40924,"Yes"
40925,"No"
40926,"No"
40927,"No"
40928,"No"
40929,"No"
40930,"Yes"
40931,"Yes"
40932,"No"
40933,"No"
40934,"No"
40935,"No"
40936,"No"
40937,"No"
40938,"Yes"
40939,"Yes"
40940,"No"
40941,"Yes"
40942,"No"
40943,"No"
40944,"Yes"
40945,"No"
40946,"No"
40947,"Yes"
40948,"No"
40949,"No"
40950,"Yes"
40951,"Yes"
40952,"No"
40953,"No"
40954,"Yes"
40955,"No"
40956,"No"
40957,"No"
40958,"Yes"
40959,"No"
40960,"No"
40961,"No"
40962,"No"
40963,"No"
40964,"Yes"
40965,"No"
40966,"No"
40967,"Yes"
40968,"No"
40969,"No"
40970,"Yes"
40971,"Yes"
40972,"Yes"
40973,"No"
40974,"Yes"
40975,"No"
40976,"No"
40977,"Yes"
40978,"Yes"
40979,"No"
40980,"No"
40981,"No"
40982,"No"
40983,"No"
40984,"No"
40985,"No"
40986,"No"
40987,"Yes"
40988,"No"
40989,"Yes"
40990,"Yes"
40991,"Yes"
40992,"No"
40993,"No"
40994,"No"
40995,"No"
40996,"No"
40997,"No"
40998,"No"
40999,"No"
41000,"Yes"
41001,"No"
41002,"Yes"
41003,"No"
41004,"Yes"
41005,"Yes"
41006,"No"
41007,"No"
41008,"No"
41009,"No"
41010,"No"
41011,"No"
41012,"No"
41013,"No"
41014,"Yes"
41015,"No"
41016,"Yes"
41017,"No"
41018,"Yes"
41019,"No"
41020,"No"
41021,"Yes"
41022,"No"
41023,"Yes"
41024,"Yes"
41025,"Yes"
41026,"No"
41027,"Yes"
41028,"No"
41029,"No"
41030,"No"
41031,"Yes"
41032,"No"
41033,"No"
41034,"Yes"
41035,"Yes"
41036,"No"
41037,"Yes"
41038,"No"
41039,"No"
41040,"No"
41041,"No"
41042,"No"
41043,"No"
41044,"No"
41045,"No"
41046,"No"
41047,"Yes"
41048,"No"
41049,"Yes"
41050,"Yes"
41051,"No"
41052,"No"
41053,"Yes"
41054,"No"
41055,"Yes"
41056,"No"
41057,"Yes"
41058,"No"
41059,"No"
41060,"Yes"
41061,"Yes"
41062,"No"
41063,"Yes"
41064,"Yes"
41065,"No"
41066,"No"
41067,"No"
41068,"No"
41069,"Yes"
41070,"No"
41071,"No"
41072,"No"
41073,"Yes"
41074,"No"
41075,"No"
41076,"No"
41077,"Yes"
41078,"No"
41079,"No"
41080,"Yes"
41081,"No"
41082,"Yes"
41083,"No"
41084,"No"
41085,"No"
41086,"No"
41087,"No"
41088,"No"
41089,"No"
41090,"Yes"
41091,"No"
41092,"Yes"
41093,"Yes"
41094,"Yes"
41095,"No"
41096,"No"
41097,"No"
41098,"No"
41099,"No"
41100,"No"
41101,"No"
41102,"No"
41103,"No"
41104,"Yes"
41105,"Yes"
41106,"No"
41107,"No"
41108,"Yes"
41109,"Yes"
41110,"Yes"
41111,"No"
41112,"No"
41113,"Yes"
41114,"No"
41115,"Yes"
41116,"Yes"
41117,"No"
41118,"No"
41119,"No"
41120,"No"
41121,"No"
41122,"No"
41123,"No"
41124,"No"
41125,"Yes"
41126,"Yes"
41127,"No"
41128,"No"
41129,"Yes"
41130,"Yes"
41131,"No"
41132,"No"
41133,"Yes"
41134,"No"
41135,"Yes"
41136,"Yes"
41137,"Yes"
41138,"No"
41139,"No"
41140,"Yes"
41141,"Yes"
41142,"Yes"
41143,"No"
41144,"No"
41145,"No"
41146,"No"
41147,"Yes"
41148,"No"
41149,"Yes"
41150,"No"
41151,"No"
41152,"No"
41153,"Yes"
41154,"No"
41155,"No"
41156,"Yes"
41157,"Yes"
41158,"No"
41159,"No"
41160,"No"
41161,"No"
41162,"No"
41163,"Yes"
41164,"Yes"
41165,"No"
41166,"No"
41167,"No"
41168,"Yes"
41169,"No"
41170,"No"
41171,"No"
41172,"No"
41173,"No"
41174,"No"
41175,"Yes"
41176,"Yes"
41177,"No"
41178,"No"
41179,"No"
41180,"No"
41181,"No"
41182,"No"
41183,"Yes"
41184,"No"
41185,"No"
41186,"No"
41187,"No"
41188,"Yes"
41189,"Yes"
41190,"No"
41191,"No"
41192,"No"
41193,"No"
41194,"No"
41195,"No"
41196,"No"
41197,"Yes"
41198,"No"
41199,"Yes"
41200,"No"
41201,"No"
41202,"No"
41203,"No"
41204,"No"
41205,"Yes"
41206,"No"
41207,"No"
41208,"Yes"
41209,"Yes"
41210,"No"
41211,"No"
41212,"Yes"
41213,"Yes"
41214,"No"
41215,"No"
41216,"No"
41217,"Yes"
41218,"Yes"
41219,"No"
41220,"No"
41221,"Yes"
41222,"No"
41223,"No"
41224,"No"
41225,"No"
41226,"No"
41227,"Yes"
41228,"Yes"
41229,"No"
41230,"No"
41231,"No"
41232,"No"
41233,"Yes"
41234,"No"
41235,"No"
41236,"Yes"
41237,"No"
41238,"No"
41239,"No"
41240,"Yes"
41241,"Yes"
41242,"No"
41243,"No"
41244,"Yes"
41245,"No"
41246,"No"
41247,"No"
41248,"No"
41249,"Yes"
41250,"No"
41251,"No"
41252,"No"
41253,"No"
41254,"No"
41255,"No"
41256,"Yes"
41257,"Yes"
41258,"No"
41259,"No"
41260,"No"
41261,"Yes"
41262,"No"
41263,"Yes"
41264,"No"
41265,"No"
41266,"No"
41267,"No"
41268,"No"
41269,"No"
41270,"No"
41271,"No"
41272,"Yes"
41273,"No"
41274,"No"
41275,"No"
41276,"No"
41277,"No"
41278,"Yes"
41279,"No"
41280,"No"
41281,"No"
41282,"No"
41283,"No"
41284,"No"
41285,"No"
41286,"Yes"
41287,"No"
41288,"Yes"
41289,"Yes"
41290,"No"
41291,"No"
41292,"Yes"
41293,"No"
41294,"No"
41295,"No"
41296,"No"
41297,"Yes"
41298,"No"
41299,"Yes"
41300,"Yes"
41301,"No"
41302,"No"
41303,"No"
41304,"Yes"
41305,"Yes"
41306,"No"
41307,"No"
41308,"Yes"
41309,"No"
41310,"No"
41311,"Yes"
41312,"No"
41313,"No"
41314,"No"
41315,"Yes"
41316,"Yes"
41317,"No"
41318,"Yes"
41319,"Yes"
41320,"No"
41321,"Yes"
41322,"No"
41323,"No"
41324,"Yes"
41325,"No"
41326,"No"
41327,"Yes"
41328,"Yes"
41329,"Yes"
41330,"No"
41331,"Yes"
41332,"Yes"
41333,"No"
41334,"No"
41335,"No"
41336,"No"
41337,"No"
41338,"No"
41339,"No"
41340,"No"
41341,"No"
41342,"No"
41343,"No"
41344,"No"
41345,"No"
41346,"No"
41347,"No"
41348,"No"
41349,"Yes"
41350,"No"
41351,"No"
41352,"Yes"
41353,"No"
41354,"No"
41355,"No"
41356,"No"
41357,"Yes"
41358,"No"
41359,"No"
41360,"No"
41361,"Yes"
41362,"No"
41363,"No"
41364,"Yes"
41365,"No"
41366,"No"
41367,"No"
41368,"No"
41369,"Yes"
41370,"No"
41371,"Yes"
41372,"No"
41373,"No"
41374,"Yes"
41375,"No"
41376,"Yes"
41377,"No"
41378,"Yes"
41379,"No"
41380,"No"
41381,"No"
41382,"Yes"
41383,"Yes"
41384,"Yes"
41385,"Yes"
41386,"No"
41387,"Yes"
41388,"No"
41389,"No"
41390,"Yes"
41391,"No"
41392,"No"
41393,"No"
41394,"Yes"
41395,"Yes"
41396,"Yes"
41397,"Yes"
41398,"No"
41399,"No"
41400,"No"
41401,"No"
41402,"Yes"
41403,"No"
41404,"No"
41405,"Yes"
41406,"No"
41407,"No"
41408,"Yes"
41409,"Yes"
41410,"No"
41411,"No"
41412,"No"
41413,"No"
41414,"Yes"
41415,"No"
41416,"No"
41417,"No"
41418,"Yes"
41419,"Yes"
41420,"No"
41421,"Yes"
41422,"No"
41423,"No"
41424,"No"
41425,"No"
41426,"No"
41427,"No"
41428,"No"
41429,"No"
41430,"No"
41431,"No"
41432,"No"
41433,"No"
41434,"No"
41435,"No"
41436,"Yes"
41437,"Yes"
41438,"No"
41439,"No"
41440,"Yes"
41441,"Yes"
41442,"No"
41443,"Yes"
41444,"Yes"
41445,"No"
41446,"No"
41447,"Yes"
41448,"Yes"
41449,"No"
41450,"Yes"
41451,"Yes"
41452,"No"
41453,"Yes"
41454,"No"
41455,"No"
41456,"No"
41457,"Yes"
41458,"No"
41459,"No"
41460,"No"
41461,"No"
41462,"No"
41463,"No"
41464,"Yes"
41465,"No"
41466,"No"
41467,"Yes"
41468,"No"
41469,"No"
41470,"No"
41471,"No"
41472,"No"
41473,"No"
41474,"Yes"
41475,"No"
41476,"No"
41477,"No"
41478,"No"
41479,"No"
41480,"Yes"
41481,"Yes"
41482,"No"
41483,"Yes"
41484,"No"
41485,"No"
41486,"No"
41487,"No"
41488,"No"
41489,"No"
41490,"No"
41491,"No"
41492,"Yes"
41493,"Yes"
41494,"No"
41495,"No"
41496,"No"
41497,"No"
41498,"No"
41499,"Yes"
41500,"No"
41501,"No"
41502,"No"
41503,"Yes"
41504,"No"
41505,"No"
41506,"Yes"
41507,"Yes"
41508,"Yes"
41509,"No"
41510,"No"
41511,"No"
41512,"No"
41513,"No"
41514,"No"
41515,"No"
41516,"Yes"
41517,"Yes"
41518,"Yes"
41519,"No"
41520,"No"
41521,"No"
41522,"No"
41523,"Yes"
41524,"Yes"
41525,"No"
41526,"No"
41527,"No"
41528,"No"
41529,"No"
41530,"Yes"
41531,"Yes"
41532,"Yes"
41533,"Yes"
41534,"No"
41535,"No"
41536,"No"
41537,"No"
41538,"Yes"
41539,"Yes"
41540,"Yes"
41541,"No"
41542,"No"
41543,"Yes"
41544,"No"
41545,"Yes"
41546,"No"
41547,"No"
41548,"No"
41549,"No"
41550,"No"
41551,"No"
41552,"No"
41553,"No"
41554,"No"
41555,"Yes"
41556,"No"
41557,"Yes"
41558,"No"
41559,"No"
41560,"No"
41561,"No"
41562,"No"
41563,"No"
41564,"No"
41565,"No"
41566,"Yes"
41567,"No"
41568,"No"
41569,"Yes"
41570,"No"
41571,"No"
41572,"No"
41573,"No"
41574,"No"
41575,"No"
41576,"Yes"
41577,"Yes"
41578,"Yes"
41579,"Yes"
41580,"No"
41581,"Yes"
41582,"Yes"
41583,"Yes"
41584,"No"
41585,"No"
41586,"Yes"
41587,"No"
41588,"Yes"
41589,"No"
41590,"No"
41591,"Yes"
41592,"No"
41593,"No"
41594,"Yes"
41595,"No"
41596,"Yes"
41597,"Yes"
41598,"No"
41599,"No"
41600,"No"
41601,"No"
41602,"No"
41603,"Yes"
41604,"No"
41605,"No"
41606,"No"
41607,"No"
41608,"Yes"
41609,"No"
41610,"Yes"
41611,"Yes"
41612,"No"
41613,"No"
41614,"No"
41615,"No"
41616,"Yes"
41617,"No"
41618,"Yes"
41619,"No"
41620,"No"
41621,"No"
41622,"Yes"
41623,"Yes"
41624,"Yes"
41625,"Yes"
41626,"Yes"
41627,"No"
41628,"No"
41629,"Yes"
41630,"No"
41631,"No"
41632,"No"
41633,"No"
41634,"No"
41635,"No"
41636,"No"
41637,"Yes"
41638,"Yes"
41639,"Yes"
41640,"No"
41641,"No"
41642,"No"
41643,"Yes"
41644,"Yes"
41645,"No"
41646,"No"
41647,"No"
41648,"No"
41649,"No"
41650,"No"
41651,"Yes"
41652,"No"
41653,"No"
41654,"No"
41655,"No"
41656,"Yes"
41657,"No"
41658,"Yes"
41659,"Yes"
41660,"Yes"
41661,"Yes"
41662,"No"
41663,"No"
41664,"No"
41665,"No"
41666,"Yes"
41667,"No"
41668,"Yes"
41669,"Yes"
41670,"No"
41671,"No"
41672,"Yes"
41673,"No"
41674,"Yes"
41675,"No"
41676,"No"
41677,"No"
41678,"No"
41679,"Yes"
41680,"No"
41681,"No"
41682,"No"
41683,"Yes"
41684,"Yes"
41685,"No"
41686,"No"
41687,"No"
41688,"No"
41689,"No"
41690,"No"
41691,"No"
41692,"No"
41693,"No"
41694,"No"
41695,"Yes"
41696,"No"
41697,"Yes"
41698,"Yes"
41699,"No"
41700,"Yes"
41701,"Yes"
41702,"No"
41703,"No"
41704,"Yes"
41705,"No"
41706,"Yes"
41707,"Yes"
41708,"Yes"
41709,"No"
41710,"Yes"
41711,"No"
41712,"No"
41713,"No"
41714,"No"
41715,"No"
41716,"No"
41717,"No"
41718,"No"
41719,"No"
41720,"No"
41721,"Yes"
41722,"No"
41723,"No"
41724,"No"
41725,"No"
41726,"Yes"
41727,"No"
41728,"No"
41729,"Yes"
41730,"No"
41731,"No"
41732,"No"
41733,"Yes"
41734,"No"
41735,"No"
41736,"No"
41737,"Yes"
41738,"Yes"
41739,"No"
41740,"No"
41741,"Yes"
41742,"No"
41743,"No"
41744,"No"
41745,"No"
41746,"No"
41747,"Yes"
41748,"Yes"
41749,"No"
41750,"No"
41751,"No"
41752,"Yes"
41753,"No"
41754,"No"
41755,"No"
41756,"No"
41757,"Yes"
41758,"No"
41759,"No"
41760,"Yes"
41761,"No"
41762,"No"
41763,"Yes"
41764,"No"
41765,"No"
41766,"No"
41767,"No"
41768,"No"
41769,"No"
41770,"Yes"
41771,"Yes"
41772,"Yes"
41773,"No"
41774,"Yes"
41775,"No"
41776,"No"
41777,"No"
41778,"No"
41779,"Yes"
41780,"No"
41781,"No"
41782,"No"
41783,"No"
41784,"No"
41785,"No"
41786,"No"
41787,"Yes"
41788,"No"
41789,"Yes"
41790,"No"
41791,"Yes"
41792,"No"
41793,"Yes"
41794,"No"
41795,"No"
41796,"No"
41797,"No"
41798,"Yes"
41799,"Yes"
41800,"Yes"
41801,"No"
41802,"No"
41803,"No"
41804,"No"
41805,"No"
41806,"No"
41807,"No"
41808,"No"
41809,"Yes"
41810,"No"
41811,"No"
41812,"Yes"
41813,"No"
41814,"No"
41815,"No"
41816,"No"
41817,"Yes"
41818,"Yes"
41819,"No"
41820,"No"
41821,"No"
41822,"No"
41823,"Yes"
41824,"No"
41825,"No"
41826,"Yes"
41827,"Yes"
41828,"Yes"
41829,"No"
41830,"No"
41831,"Yes"
41832,"No"
41833,"Yes"
41834,"Yes"
41835,"No"
41836,"Yes"
41837,"Yes"
41838,"Yes"
41839,"No"
41840,"No"
41841,"No"
41842,"No"
41843,"Yes"
41844,"No"
41845,"No"
41846,"Yes"
41847,"Yes"
41848,"No"
41849,"No"
41850,"No"
41851,"No"
41852,"No"
41853,"No"
41854,"No"
41855,"No"
41856,"Yes"
41857,"No"
41858,"No"
41859,"Yes"
41860,"Yes"
41861,"Yes"
41862,"No"
41863,"No"
41864,"No"
41865,"No"
41866,"Yes"
41867,"No"
41868,"Yes"
41869,"Yes"
41870,"No"
41871,"No"
41872,"No"
41873,"Yes"
41874,"Yes"
41875,"Yes"
41876,"No"
41877,"Yes"
41878,"No"
41879,"Yes"
41880,"No"
41881,"No"
41882,"No"
41883,"Yes"
41884,"No"
41885,"No"
41886,"Yes"
41887,"Yes"
41888,"No"
41889,"No"
41890,"No"
41891,"No"
41892,"No"
41893,"Yes"
41894,"No"
41895,"No"
41896,"Yes"
41897,"Yes"
41898,"No"
41899,"No"
41900,"Yes"
41901,"No"
41902,"No"
41903,"Yes"
41904,"Yes"
41905,"No"
41906,"No"
41907,"No"
41908,"No"
41909,"Yes"
41910,"Yes"
41911,"Yes"
41912,"No"
41913,"No"
41914,"No"
41915,"No"
41916,"No"
41917,"No"
41918,"No"
41919,"Yes"
41920,"No"
41921,"No"
41922,"No"
41923,"No"
41924,"No"
41925,"No"
41926,"No"
41927,"Yes"
41928,"No"
41929,"Yes"
41930,"No"
41931,"Yes"
41932,"Yes"
41933,"No"
41934,"Yes"
41935,"Yes"
41936,"No"
41937,"No"
41938,"No"
41939,"No"
41940,"No"
41941,"No"
41942,"No"
41943,"Yes"
41944,"No"
41945,"No"
41946,"No"
41947,"No"
41948,"No"
41949,"Yes"
41950,"No"
41951,"No"
41952,"No"
41953,"No"
41954,"No"
41955,"No"
41956,"Yes"
41957,"No"
41958,"No"
41959,"No"
41960,"No"
41961,"Yes"
41962,"No"
41963,"Yes"
41964,"No"
41965,"Yes"
41966,"No"
41967,"No"
41968,"No"
41969,"Yes"
41970,"Yes"
41971,"No"
41972,"Yes"
41973,"Yes"
41974,"No"
41975,"No"
41976,"No"
41977,"No"
41978,"No"
41979,"No"
41980,"No"
41981,"No"
41982,"No"
41983,"No"
41984,"Yes"
41985,"Yes"
41986,"No"
41987,"Yes"
41988,"No"
41989,"No"
41990,"Yes"
41991,"Yes"
41992,"No"
41993,"Yes"
41994,"Yes"
41995,"No"
41996,"No"
41997,"No"
41998,"No"
41999,"No"
42000,"Yes"
42001,"Yes"
42002,"Yes"
42003,"No"
42004,"No"
42005,"No"
42006,"No"
42007,"No"
42008,"No"
42009,"No"
42010,"No"
42011,"No"
42012,"Yes"
42013,"Yes"
42014,"Yes"
42015,"Yes"
42016,"No"
42017,"Yes"
42018,"Yes"
42019,"Yes"
42020,"No"
42021,"No"
42022,"No"
42023,"No"
42024,"Yes"
42025,"No"
42026,"Yes"
42027,"Yes"
42028,"Yes"
42029,"No"
42030,"No"
42031,"Yes"
42032,"No"
42033,"No"
42034,"No"
42035,"No"
42036,"Yes"
42037,"Yes"
42038,"No"
42039,"Yes"
42040,"No"
42041,"No"
42042,"No"
42043,"No"
42044,"No"
42045,"No"
42046,"No"
42047,"No"
42048,"No"
42049,"No"
42050,"No"
42051,"No"
42052,"Yes"
42053,"Yes"
42054,"No"
42055,"No"
42056,"Yes"
42057,"Yes"
42058,"No"
42059,"Yes"
42060,"Yes"
42061,"No"
42062,"No"
42063,"No"
42064,"No"
42065,"No"
42066,"Yes"
42067,"Yes"
42068,"No"
42069,"No"
42070,"No"
42071,"Yes"
42072,"No"
42073,"No"
42074,"Yes"
42075,"No"
42076,"No"
42077,"Yes"
42078,"Yes"
42079,"No"
42080,"No"
42081,"No"
42082,"Yes"
42083,"Yes"
42084,"No"
42085,"No"
42086,"No"
42087,"Yes"
42088,"No"
42089,"No"
42090,"Yes"
42091,"No"
42092,"Yes"
42093,"No"
42094,"No"
42095,"No"
42096,"No"
42097,"Yes"
42098,"Yes"
42099,"No"
42100,"No"
42101,"No"
42102,"No"
42103,"No"
42104,"No"
42105,"No"
42106,"Yes"
42107,"Yes"
42108,"Yes"
42109,"Yes"
42110,"Yes"
42111,"No"
42112,"Yes"
42113,"No"
42114,"Yes"
42115,"No"
42116,"Yes"
42117,"No"
42118,"Yes"
42119,"No"
42120,"Yes"
42121,"No"
42122,"Yes"
42123,"No"
42124,"No"
42125,"No"
42126,"No"
42127,"Yes"
42128,"Yes"
42129,"No"
42130,"No"
42131,"Yes"
42132,"No"
42133,"No"
42134,"Yes"
42135,"No"
42136,"Yes"
42137,"No"
42138,"Yes"
42139,"No"
42140,"Yes"
42141,"No"
42142,"Yes"
42143,"No"
42144,"No"
42145,"No"
42146,"No"
42147,"No"
42148,"Yes"
42149,"No"
42150,"No"
42151,"No"
42152,"No"
42153,"No"
42154,"Yes"
42155,"No"
42156,"No"
42157,"No"
42158,"No"
42159,"No"
42160,"Yes"
42161,"Yes"
42162,"Yes"
42163,"No"
42164,"No"
42165,"No"
42166,"No"
42167,"No"
42168,"No"
42169,"No"
42170,"No"
42171,"Yes"
42172,"No"
42173,"No"
42174,"Yes"
42175,"Yes"
42176,"No"
42177,"No"
42178,"No"
42179,"No"
42180,"Yes"
42181,"No"
42182,"No"
42183,"Yes"
42184,"No"
42185,"No"
42186,"No"
42187,"No"
42188,"Yes"
42189,"No"
42190,"Yes"
42191,"No"
42192,"No"
42193,"No"
42194,"No"
42195,"Yes"
42196,"Yes"
42197,"No"
42198,"No"
42199,"Yes"
42200,"No"
42201,"No"
42202,"No"
42203,"No"
42204,"No"
42205,"No"
42206,"No"
42207,"No"
42208,"No"
42209,"Yes"
42210,"No"
42211,"No"
42212,"Yes"
42213,"Yes"
42214,"Yes"
42215,"No"
42216,"No"
42217,"No"
42218,"Yes"
42219,"Yes"
42220,"No"
42221,"No"
42222,"Yes"
42223,"No"
42224,"No"
42225,"No"
42226,"No"
42227,"Yes"
42228,"No"
42229,"Yes"
42230,"No"
42231,"Yes"
42232,"No"
42233,"Yes"
42234,"Yes"
42235,"No"
42236,"No"
42237,"Yes"
42238,"No"
42239,"No"
42240,"No"
42241,"Yes"
42242,"No"
42243,"Yes"
42244,"No"
42245,"No"
42246,"Yes"
42247,"Yes"
42248,"No"
42249,"No"
42250,"Yes"
42251,"No"
42252,"Yes"
42253,"No"
42254,"No"
42255,"No"
42256,"Yes"
42257,"Yes"
42258,"No"
42259,"No"
42260,"No"
42261,"No"
42262,"No"
42263,"No"
42264,"No"
42265,"No"
42266,"Yes"
42267,"Yes"
42268,"Yes"
42269,"Yes"
42270,"No"
42271,"Yes"
42272,"No"
42273,"No"
42274,"No"
42275,"Yes"
42276,"No"
42277,"No"
42278,"No"
42279,"No"
42280,"Yes"
42281,"No"
42282,"Yes"
42283,"No"
42284,"No"
42285,"No"
42286,"No"
42287,"No"
42288,"No"
42289,"No"
42290,"No"
42291,"Yes"
42292,"No"
42293,"No"
42294,"Yes"
42295,"Yes"
42296,"No"
42297,"No"
42298,"No"
42299,"No"
42300,"No"
42301,"No"
42302,"No"
42303,"No"
42304,"Yes"
42305,"Yes"
42306,"Yes"
42307,"No"
42308,"No"
42309,"No"
42310,"No"
42311,"No"
42312,"No"
42313,"Yes"
42314,"No"
42315,"No"
42316,"Yes"
42317,"Yes"
42318,"No"
42319,"No"
42320,"No"
42321,"No"
42322,"No"
42323,"No"
42324,"Yes"
42325,"Yes"
42326,"No"
42327,"No"
42328,"No"
42329,"Yes"
42330,"No"
42331,"No"
42332,"No"
42333,"No"
42334,"No"
42335,"No"
42336,"No"
42337,"No"
42338,"No"
42339,"Yes"
42340,"Yes"
42341,"No"
42342,"No"
42343,"Yes"
42344,"Yes"
42345,"Yes"
42346,"No"
42347,"No"
42348,"Yes"
42349,"No"
42350,"No"
42351,"Yes"
42352,"Yes"
42353,"Yes"
42354,"No"
42355,"Yes"
42356,"No"
42357,"No"
42358,"No"
42359,"No"
42360,"No"
42361,"Yes"
42362,"Yes"
42363,"No"
42364,"Yes"
42365,"No"
42366,"Yes"
42367,"No"
42368,"No"
42369,"No"
42370,"Yes"
42371,"Yes"
42372,"Yes"
42373,"No"
42374,"No"
42375,"Yes"
42376,"Yes"
42377,"Yes"
42378,"Yes"
42379,"Yes"
42380,"No"
42381,"No"
42382,"No"
42383,"Yes"
42384,"Yes"
42385,"No"
42386,"Yes"
42387,"Yes"
42388,"No"
42389,"No"
42390,"No"
42391,"No"
42392,"Yes"
42393,"No"
42394,"No"
42395,"Yes"
42396,"No"
42397,"No"
42398,"No"
42399,"Yes"
42400,"Yes"
42401,"Yes"
42402,"Yes"
42403,"Yes"
42404,"Yes"
42405,"Yes"
42406,"No"
42407,"Yes"
42408,"No"
42409,"Yes"
42410,"No"
42411,"No"
42412,"No"
42413,"No"
42414,"No"
42415,"Yes"
42416,"Yes"
42417,"No"
42418,"No"
42419,"No"
42420,"No"
42421,"Yes"
42422,"No"
42423,"Yes"
42424,"No"
42425,"No"
42426,"Yes"
42427,"No"
42428,"Yes"
42429,"No"
42430,"No"
42431,"Yes"
42432,"No"
42433,"No"
42434,"No"
42435,"No"
42436,"No"
42437,"Yes"
42438,"No"
42439,"No"
42440,"No"
42441,"Yes"
42442,"No"
42443,"No"
42444,"No"
42445,"Yes"
42446,"Yes"
42447,"Yes"
42448,"No"
42449,"Yes"
42450,"No"
42451,"Yes"
42452,"Yes"
42453,"No"
42454,"Yes"
42455,"No"
42456,"Yes"
42457,"No"
42458,"Yes"
42459,"Yes"
42460,"No"
42461,"No"
42462,"No"
42463,"No"
42464,"Yes"
42465,"Yes"
42466,"Yes"
42467,"Yes"
42468,"Yes"
42469,"No"
42470,"No"
42471,"No"
42472,"No"
42473,"No"
42474,"No"
42475,"Yes"
42476,"Yes"
42477,"No"
42478,"Yes"
42479,"No"
42480,"No"
42481,"Yes"
42482,"No"
42483,"No"
42484,"Yes"
42485,"No"
42486,"No"
42487,"No"
42488,"No"
42489,"Yes"
42490,"Yes"
42491,"No"
42492,"No"
42493,"Yes"
42494,"No"
42495,"No"
42496,"No"
42497,"Yes"
42498,"No"
42499,"No"
42500,"No"
42501,"Yes"
42502,"No"
42503,"No"
42504,"No"
42505,"No"
42506,"Yes"
42507,"No"
42508,"Yes"
42509,"No"
42510,"No"
42511,"Yes"
42512,"No"
42513,"No"
42514,"No"
42515,"Yes"
42516,"No"
42517,"No"
42518,"Yes"
42519,"No"
42520,"No"
42521,"Yes"
42522,"No"
42523,"No"
42524,"No"
42525,"No"
42526,"No"
42527,"Yes"
42528,"Yes"
42529,"No"
42530,"No"
42531,"No"
42532,"Yes"
42533,"No"
42534,"No"
42535,"No"
42536,"No"
42537,"No"
42538,"No"
42539,"No"
42540,"No"
42541,"No"
42542,"Yes"
42543,"No"
42544,"No"
42545,"No"
42546,"No"
42547,"No"
42548,"No"
42549,"Yes"
42550,"No"
42551,"Yes"
42552,"No"
42553,"No"
42554,"No"
42555,"Yes"
42556,"No"
42557,"Yes"
42558,"No"
42559,"No"
42560,"No"
42561,"Yes"
42562,"Yes"
42563,"No"
42564,"No"
42565,"Yes"
42566,"No"
42567,"No"
42568,"Yes"
42569,"No"
42570,"No"
42571,"Yes"
42572,"No"
42573,"No"
42574,"No"
42575,"No"
42576,"No"
42577,"No"
42578,"Yes"
42579,"Yes"
42580,"No"
42581,"No"
42582,"No"
42583,"Yes"
42584,"No"
42585,"No"
42586,"Yes"
42587,"Yes"
42588,"Yes"
42589,"Yes"
42590,"No"
42591,"No"
42592,"No"
42593,"No"
42594,"No"
42595,"No"
42596,"Yes"
42597,"Yes"
42598,"No"
42599,"Yes"
42600,"Yes"
42601,"Yes"
42602,"No"
42603,"Yes"
42604,"No"
42605,"No"
42606,"No"
42607,"Yes"
42608,"Yes"
42609,"No"
42610,"No"
42611,"No"
42612,"Yes"
42613,"Yes"
42614,"No"
42615,"No"
42616,"Yes"
42617,"No"
42618,"No"
42619,"Yes"
42620,"Yes"
42621,"No"
42622,"No"
42623,"Yes"
42624,"No"
42625,"No"
42626,"Yes"
42627,"No"
42628,"No"
42629,"No"
42630,"No"
42631,"No"
42632,"Yes"
42633,"Yes"
42634,"Yes"
42635,"Yes"
42636,"No"
42637,"Yes"
42638,"Yes"
42639,"No"
42640,"No"
42641,"No"
42642,"No"
42643,"No"
42644,"No"
42645,"Yes"
42646,"No"
42647,"No"
42648,"Yes"
42649,"No"
42650,"Yes"
42651,"No"
42652,"No"
42653,"No"
42654,"No"
42655,"No"
42656,"No"
42657,"No"
42658,"Yes"
42659,"No"
42660,"No"
42661,"Yes"
42662,"No"
42663,"Yes"
42664,"Yes"
42665,"No"
42666,"Yes"
42667,"Yes"
42668,"No"
42669,"No"
42670,"No"
42671,"No"
42672,"No"
42673,"No"
42674,"Yes"
42675,"No"
42676,"No"
42677,"No"
42678,"Yes"
42679,"No"
42680,"No"
42681,"No"
42682,"Yes"
42683,"Yes"
42684,"No"
42685,"No"
42686,"No"
42687,"No"
42688,"Yes"
42689,"No"
42690,"No"
42691,"No"
42692,"No"
42693,"No"
42694,"No"
42695,"No"
42696,"No"
42697,"No"
42698,"Yes"
42699,"Yes"
42700,"No"
42701,"No"
42702,"Yes"
42703,"No"
42704,"No"
42705,"No"
42706,"Yes"
42707,"Yes"
42708,"No"
42709,"Yes"
42710,"No"
42711,"No"
42712,"Yes"
42713,"No"
42714,"No"
42715,"No"
42716,"No"
42717,"No"
42718,"Yes"
42719,"No"
42720,"No"
42721,"No"
42722,"No"
42723,"No"
42724,"No"
42725,"No"
42726,"No"
42727,"No"
42728,"No"
42729,"Yes"
42730,"Yes"
42731,"No"
42732,"Yes"
42733,"No"
42734,"No"
42735,"Yes"
42736,"No"
42737,"Yes"
42738,"Yes"
42739,"No"
42740,"Yes"
42741,"No"
42742,"No"
42743,"Yes"
42744,"Yes"
42745,"Yes"
42746,"No"
42747,"No"
42748,"Yes"
42749,"Yes"
42750,"No"
42751,"No"
42752,"No"
42753,"Yes"
42754,"No"
42755,"Yes"
42756,"No"
42757,"Yes"
42758,"No"
42759,"No"
42760,"Yes"
42761,"Yes"
42762,"No"
42763,"Yes"
42764,"No"
42765,"No"
42766,"No"
42767,"No"
42768,"No"
42769,"No"
42770,"No"
42771,"No"
42772,"No"
42773,"No"
42774,"No"
42775,"Yes"
42776,"No"
42777,"Yes"
42778,"No"
42779,"No"
42780,"No"
42781,"No"
42782,"Yes"
42783,"No"
42784,"No"
42785,"Yes"
42786,"Yes"
42787,"Yes"
42788,"No"
42789,"Yes"
42790,"No"
42791,"No"
42792,"No"
42793,"Yes"
42794,"No"
42795,"No"
42796,"No"
42797,"Yes"
42798,"Yes"
42799,"No"
42800,"No"
42801,"No"
42802,"No"
42803,"No"
42804,"No"
42805,"No"
42806,"No"
42807,"No"
42808,"No"
42809,"No"
42810,"No"
42811,"No"
42812,"No"
42813,"No"
42814,"No"
42815,"No"
42816,"No"
42817,"No"
42818,"Yes"
42819,"No"
42820,"No"
42821,"No"
42822,"No"
42823,"No"
42824,"No"
42825,"No"
42826,"No"
42827,"Yes"
42828,"No"
42829,"No"
42830,"No"
42831,"Yes"
42832,"No"
42833,"No"
42834,"No"
42835,"No"
42836,"No"
42837,"Yes"
42838,"No"
42839,"Yes"
42840,"No"
42841,"No"
42842,"No"
42843,"No"
42844,"No"
42845,"No"
42846,"Yes"
42847,"Yes"
42848,"Yes"
42849,"No"
42850,"Yes"
42851,"No"
42852,"Yes"
42853,"No"
42854,"Yes"
42855,"No"
42856,"Yes"
42857,"No"
42858,"No"
42859,"No"
42860,"Yes"
42861,"No"
42862,"No"
42863,"No"
42864,"No"
42865,"No"
42866,"No"
42867,"No"
42868,"No"
42869,"Yes"
42870,"Yes"
42871,"Yes"
42872,"No"
42873,"Yes"
42874,"No"
42875,"No"
42876,"Yes"
42877,"No"
42878,"No"
42879,"No"
42880,"Yes"
42881,"No"
42882,"No"
42883,"No"
42884,"Yes"
42885,"No"
42886,"No"
42887,"No"
42888,"Yes"
42889,"No"
42890,"No"
42891,"Yes"
42892,"No"
42893,"Yes"
42894,"No"
42895,"No"
42896,"Yes"
42897,"Yes"
42898,"Yes"
42899,"Yes"
42900,"Yes"
42901,"Yes"
42902,"No"
42903,"No"
42904,"No"
42905,"Yes"
42906,"No"
42907,"Yes"
42908,"No"
42909,"Yes"
42910,"No"
42911,"Yes"
42912,"No"
42913,"No"
42914,"No"
42915,"No"
42916,"Yes"
42917,"Yes"
42918,"No"
42919,"No"
42920,"Yes"
42921,"No"
42922,"No"
42923,"No"
42924,"No"
42925,"Yes"
42926,"Yes"
42927,"Yes"
42928,"No"
42929,"No"
42930,"No"
42931,"No"
42932,"Yes"
42933,"Yes"
42934,"No"
42935,"No"
42936,"Yes"
42937,"No"
42938,"No"
42939,"Yes"
42940,"No"
42941,"No"
42942,"No"
42943,"No"
42944,"No"
42945,"Yes"
42946,"Yes"
42947,"No"
42948,"No"
42949,"No"
42950,"No"
42951,"No"
42952,"Yes"
42953,"No"
42954,"No"
42955,"No"
42956,"No"
42957,"No"
42958,"Yes"
42959,"Yes"
42960,"Yes"
42961,"Yes"
42962,"No"
42963,"No"
42964,"No"
42965,"No"
42966,"No"
42967,"Yes"
42968,"No"
42969,"No"
42970,"Yes"
42971,"No"
42972,"No"
42973,"No"
42974,"Yes"
42975,"No"
42976,"No"
42977,"Yes"
42978,"No"
42979,"No"
42980,"No"
42981,"No"
42982,"Yes"
42983,"No"
42984,"No"
42985,"No"
42986,"No"
42987,"No"
42988,"Yes"
42989,"Yes"
42990,"No"
42991,"No"
42992,"No"
42993,"Yes"
42994,"No"
42995,"No"
42996,"Yes"
42997,"Yes"
42998,"No"
42999,"No"
43000,"No"
43001,"Yes"
43002,"Yes"
43003,"Yes"
43004,"No"
43005,"No"
43006,"No"
43007,"Yes"
43008,"No"
43009,"Yes"
43010,"Yes"
43011,"No"
43012,"Yes"
43013,"Yes"
43014,"No"
43015,"Yes"
43016,"Yes"
43017,"No"
43018,"Yes"
43019,"No"
43020,"No"
43021,"Yes"
43022,"No"
43023,"No"
43024,"Yes"
43025,"No"
43026,"No"
43027,"Yes"
43028,"No"
43029,"Yes"
43030,"No"
43031,"No"
43032,"No"
43033,"Yes"
43034,"No"
43035,"No"
43036,"No"
43037,"No"
43038,"No"
43039,"No"
43040,"Yes"
43041,"No"
43042,"No"
43043,"No"
43044,"No"
43045,"No"
43046,"No"
43047,"No"
43048,"No"
43049,"No"
43050,"Yes"
43051,"Yes"
43052,"No"
43053,"No"
43054,"Yes"
43055,"No"
43056,"No"
43057,"Yes"
43058,"Yes"
43059,"No"
43060,"No"
43061,"No"
43062,"Yes"
43063,"No"
43064,"No"
43065,"No"
43066,"Yes"
43067,"Yes"
43068,"No"
43069,"Yes"
43070,"Yes"
43071,"Yes"
43072,"No"
43073,"No"
43074,"No"
43075,"No"
43076,"Yes"
43077,"No"
43078,"No"
43079,"No"
43080,"No"
43081,"Yes"
43082,"No"
43083,"No"
43084,"No"
43085,"Yes"
43086,"No"
43087,"No"
43088,"No"
43089,"No"
43090,"Yes"
43091,"No"
43092,"Yes"
43093,"Yes"
43094,"No"
43095,"No"
43096,"No"
43097,"No"
43098,"No"
43099,"No"
43100,"Yes"
43101,"No"
43102,"No"
43103,"No"
43104,"No"
43105,"No"
43106,"No"
43107,"No"
43108,"Yes"
43109,"No"
43110,"Yes"
43111,"Yes"
43112,"No"
43113,"No"
43114,"No"
43115,"No"
43116,"No"
43117,"Yes"
43118,"No"
43119,"Yes"
43120,"Yes"
43121,"Yes"
43122,"No"
43123,"No"
43124,"Yes"
43125,"No"
43126,"Yes"
43127,"No"
43128,"No"
43129,"No"
43130,"No"
43131,"Yes"
43132,"No"
43133,"No"
43134,"Yes"
43135,"No"
43136,"No"
43137,"No"
43138,"No"
43139,"No"
43140,"No"
43141,"Yes"
43142,"No"
43143,"Yes"
43144,"Yes"
43145,"No"
43146,"Yes"
43147,"No"
43148,"No"
43149,"No"
43150,"No"
43151,"No"
43152,"Yes"
43153,"No"
43154,"No"
43155,"No"
43156,"No"
43157,"No"
43158,"No"
43159,"No"
43160,"No"
43161,"Yes"
43162,"Yes"
43163,"No"
43164,"No"
43165,"No"
43166,"Yes"
43167,"No"
43168,"No"
43169,"No"
43170,"No"
43171,"Yes"
43172,"Yes"
43173,"No"
43174,"No"
43175,"No"
43176,"No"
43177,"Yes"
43178,"No"
43179,"No"
43180,"Yes"
43181,"Yes"
43182,"No"
43183,"No"
43184,"No"
43185,"Yes"
43186,"No"
43187,"No"
43188,"No"
43189,"No"
43190,"No"
43191,"Yes"
43192,"No"
43193,"Yes"
43194,"No"
43195,"No"
43196,"No"
43197,"No"
43198,"No"
43199,"No"
43200,"No"
43201,"Yes"
43202,"No"
43203,"No"
43204,"Yes"
43205,"Yes"
43206,"No"
43207,"No"
43208,"No"
43209,"No"
43210,"No"
43211,"No"
43212,"Yes"
43213,"No"
43214,"Yes"
43215,"No"
43216,"No"
43217,"No"
43218,"No"
43219,"No"
43220,"Yes"
43221,"No"
43222,"Yes"
43223,"Yes"
43224,"No"
43225,"No"
43226,"No"
43227,"Yes"
43228,"Yes"
43229,"Yes"
43230,"No"
43231,"No"
43232,"No"
43233,"No"
43234,"No"
43235,"No"
43236,"No"
43237,"No"
43238,"No"
43239,"No"
43240,"No"
43241,"No"
43242,"No"
43243,"No"
43244,"No"
43245,"No"
43246,"No"
43247,"No"
43248,"No"
43249,"No"
43250,"Yes"
43251,"No"
43252,"Yes"
43253,"Yes"
43254,"Yes"
43255,"No"
43256,"No"
43257,"No"
43258,"No"
43259,"Yes"
43260,"No"
43261,"Yes"
43262,"No"
43263,"No"
43264,"Yes"
43265,"Yes"
43266,"No"
43267,"Yes"
43268,"No"
43269,"No"
43270,"Yes"
43271,"No"
43272,"No"
43273,"Yes"
43274,"Yes"
43275,"No"
43276,"No"
43277,"No"
43278,"No"
43279,"No"
43280,"Yes"
43281,"Yes"
43282,"Yes"
43283,"No"
43284,"No"
43285,"No"
43286,"No"
43287,"No"
43288,"No"
43289,"No"
43290,"No"
43291,"Yes"
43292,"No"
43293,"No"
43294,"No"
43295,"Yes"
43296,"No"
43297,"No"
43298,"Yes"
43299,"Yes"
43300,"No"
43301,"Yes"
43302,"Yes"
43303,"Yes"
43304,"Yes"
43305,"No"
43306,"Yes"
43307,"Yes"
43308,"No"
43309,"No"
43310,"Yes"
43311,"Yes"
43312,"Yes"
43313,"No"
43314,"Yes"
43315,"Yes"
43316,"No"
43317,"No"
43318,"Yes"
43319,"Yes"
43320,"Yes"
43321,"No"
43322,"Yes"
43323,"No"
43324,"No"
43325,"Yes"
43326,"No"
43327,"No"
43328,"No"
43329,"Yes"
43330,"No"
43331,"No"
43332,"No"
43333,"No"
43334,"No"
43335,"No"
43336,"Yes"
43337,"Yes"
43338,"No"
43339,"No"
43340,"No"
43341,"No"
43342,"Yes"
43343,"Yes"
43344,"Yes"
43345,"No"
43346,"No"
43347,"Yes"
43348,"Yes"
43349,"No"
43350,"No"
43351,"No"
43352,"No"
43353,"No"
43354,"No"
43355,"Yes"
43356,"Yes"
43357,"Yes"
43358,"No"
43359,"Yes"
43360,"No"
43361,"No"
43362,"No"
43363,"Yes"
43364,"No"
43365,"Yes"
43366,"No"
43367,"Yes"
43368,"No"
43369,"Yes"
43370,"No"
43371,"No"
43372,"No"
43373,"No"
43374,"No"
43375,"No"
43376,"No"
43377,"Yes"
43378,"No"
43379,"No"
43380,"No"
43381,"Yes"
43382,"Yes"
43383,"Yes"
43384,"No"
43385,"Yes"
43386,"No"
43387,"No"
43388,"No"
43389,"No"
43390,"No"
43391,"No"
43392,"No"
43393,"No"
43394,"No"
43395,"No"
43396,"No"
43397,"No"
43398,"Yes"
43399,"No"
43400,"No"
43401,"No"
43402,"Yes"
43403,"No"
43404,"No"
43405,"Yes"
43406,"No"
43407,"Yes"
43408,"No"
43409,"No"
43410,"No"
43411,"No"
43412,"Yes"
43413,"No"
43414,"No"
43415,"Yes"
43416,"No"
43417,"No"
43418,"No"
43419,"No"
43420,"No"
43421,"Yes"
43422,"Yes"
43423,"Yes"
43424,"Yes"
43425,"Yes"
43426,"No"
43427,"No"
43428,"Yes"
43429,"Yes"
43430,"Yes"
43431,"No"
43432,"No"
43433,"Yes"
43434,"No"
43435,"No"
43436,"Yes"
43437,"Yes"
43438,"No"
43439,"Yes"
43440,"No"
43441,"No"
43442,"No"
43443,"No"
43444,"Yes"
43445,"No"
43446,"No"
43447,"Yes"
43448,"Yes"
43449,"No"
43450,"Yes"
43451,"Yes"
43452,"Yes"
43453,"Yes"
43454,"Yes"
43455,"No"
43456,"No"
43457,"No"
43458,"Yes"
43459,"Yes"
43460,"No"
43461,"Yes"
43462,"No"
43463,"No"
43464,"No"
43465,"Yes"
43466,"No"
43467,"No"
43468,"No"
43469,"No"
43470,"Yes"
43471,"No"
43472,"No"
43473,"No"
43474,"No"
43475,"Yes"
43476,"No"
43477,"No"
43478,"No"
43479,"No"
43480,"No"
43481,"No"
43482,"No"
43483,"Yes"
43484,"No"
43485,"Yes"
43486,"No"
43487,"No"
43488,"Yes"
43489,"No"
43490,"No"
43491,"Yes"
43492,"Yes"
43493,"No"
43494,"Yes"
43495,"No"
43496,"Yes"
43497,"Yes"
43498,"No"
43499,"Yes"
43500,"No"
43501,"No"
43502,"No"
43503,"No"
43504,"Yes"
43505,"Yes"
43506,"Yes"
43507,"No"
43508,"No"
43509,"No"
43510,"No"
43511,"No"
43512,"No"
43513,"Yes"
43514,"Yes"
43515,"No"
43516,"No"
43517,"No"
43518,"Yes"
43519,"No"
43520,"No"
43521,"No"
43522,"Yes"
43523,"Yes"
43524,"No"
43525,"Yes"
43526,"No"
43527,"No"
43528,"No"
43529,"Yes"
43530,"Yes"
43531,"No"
43532,"No"
43533,"No"
43534,"Yes"
43535,"No"
43536,"No"
43537,"No"
43538,"No"
43539,"No"
43540,"No"
43541,"Yes"
43542,"No"
43543,"No"
43544,"Yes"
43545,"Yes"
43546,"No"
43547,"Yes"
43548,"No"
43549,"No"
43550,"No"
43551,"No"
43552,"No"
43553,"No"
43554,"No"
43555,"Yes"
43556,"No"
43557,"Yes"
43558,"Yes"
43559,"Yes"
43560,"Yes"
43561,"No"
43562,"No"
43563,"No"
43564,"No"
43565,"No"
43566,"No"
43567,"Yes"
43568,"No"
43569,"No"
43570,"No"
43571,"No"
43572,"No"
43573,"No"
43574,"No"
43575,"Yes"
43576,"No"
43577,"Yes"
43578,"No"
43579,"Yes"
43580,"Yes"
43581,"No"
43582,"No"
43583,"Yes"
43584,"Yes"
43585,"No"
43586,"Yes"
43587,"Yes"
43588,"Yes"
43589,"No"
43590,"No"
43591,"No"
43592,"Yes"
43593,"No"
43594,"No"
43595,"No"
43596,"No"
43597,"No"
43598,"No"
43599,"No"
43600,"Yes"
43601,"No"
43602,"No"
43603,"Yes"
43604,"No"
43605,"No"
43606,"No"
43607,"No"
43608,"No"
43609,"No"
43610,"No"
43611,"No"
43612,"Yes"
43613,"No"
43614,"No"
43615,"No"
43616,"No"
43617,"Yes"
43618,"No"
43619,"Yes"
43620,"No"
43621,"No"
43622,"Yes"
43623,"Yes"
43624,"No"
43625,"No"
43626,"No"
43627,"Yes"
43628,"No"
43629,"Yes"
43630,"Yes"
43631,"No"
43632,"No"
43633,"No"
43634,"Yes"
43635,"No"
43636,"No"
43637,"No"
43638,"No"
43639,"No"
43640,"Yes"
43641,"No"
43642,"No"
43643,"Yes"
43644,"No"
43645,"No"
43646,"Yes"
43647,"No"
43648,"No"
43649,"Yes"
43650,"No"
43651,"No"
43652,"Yes"
43653,"No"
43654,"Yes"
43655,"Yes"
43656,"No"
43657,"No"
43658,"No"
43659,"No"
43660,"No"
43661,"No"
43662,"No"
43663,"Yes"
43664,"No"
43665,"No"
43666,"No"
43667,"Yes"
43668,"No"
43669,"No"
43670,"Yes"
43671,"Yes"
43672,"No"
43673,"Yes"
43674,"No"
43675,"No"
43676,"No"
43677,"No"
43678,"Yes"
43679,"No"
43680,"No"
43681,"No"
43682,"No"
43683,"No"
43684,"No"
43685,"Yes"
43686,"Yes"
43687,"Yes"
43688,"Yes"
43689,"Yes"
43690,"Yes"
43691,"No"
43692,"Yes"
43693,"No"
43694,"No"
43695,"No"
43696,"No"
43697,"Yes"
43698,"No"
43699,"Yes"
43700,"No"
43701,"Yes"
43702,"Yes"
43703,"No"
43704,"No"
43705,"No"
43706,"Yes"
43707,"Yes"
43708,"No"
43709,"No"
43710,"No"
43711,"No"
43712,"No"
43713,"No"
43714,"No"
43715,"No"
43716,"Yes"
43717,"No"
43718,"Yes"
43719,"Yes"
43720,"No"
43721,"No"
43722,"Yes"
43723,"Yes"
43724,"No"
43725,"No"
43726,"Yes"
43727,"Yes"
43728,"Yes"
43729,"No"
43730,"No"
43731,"Yes"
43732,"No"
43733,"No"
43734,"Yes"
43735,"No"
43736,"Yes"
43737,"No"
43738,"No"
43739,"No"
43740,"No"
43741,"No"
43742,"No"
43743,"Yes"
43744,"No"
43745,"Yes"
43746,"Yes"
43747,"Yes"
43748,"No"
43749,"Yes"
43750,"No"
43751,"Yes"
43752,"Yes"
43753,"Yes"
43754,"No"
43755,"No"
43756,"No"
43757,"No"
43758,"Yes"
43759,"No"
43760,"No"
43761,"No"
43762,"No"
43763,"Yes"
43764,"Yes"
43765,"Yes"
43766,"No"
43767,"Yes"
43768,"Yes"
43769,"Yes"
43770,"No"
43771,"No"
43772,"No"
43773,"No"
43774,"Yes"
43775,"No"
43776,"Yes"
43777,"No"
43778,"No"
43779,"No"
43780,"Yes"
43781,"No"
43782,"Yes"
43783,"Yes"
43784,"Yes"
43785,"No"
43786,"No"
43787,"Yes"
43788,"No"
43789,"No"
43790,"No"
43791,"No"
43792,"Yes"
43793,"No"
43794,"No"
43795,"Yes"
43796,"Yes"
43797,"No"
43798,"No"
43799,"No"
43800,"No"
43801,"Yes"
43802,"Yes"
43803,"No"
43804,"No"
43805,"No"
43806,"Yes"
43807,"Yes"
43808,"No"
43809,"No"
43810,"Yes"
43811,"No"
43812,"No"
43813,"No"
43814,"No"
43815,"No"
43816,"Yes"
43817,"No"
43818,"No"
43819,"No"
43820,"No"
43821,"No"
43822,"No"
43823,"No"
43824,"Yes"
43825,"Yes"
43826,"Yes"
43827,"No"
43828,"No"
43829,"No"
43830,"Yes"
43831,"No"
43832,"No"
43833,"No"
43834,"No"
43835,"No"
43836,"No"
43837,"Yes"
43838,"Yes"
43839,"No"
43840,"No"
43841,"No"
43842,"No"
43843,"No"
43844,"No"
43845,"Yes"
43846,"No"
43847,"Yes"
43848,"No"
43849,"No"
43850,"Yes"
43851,"No"
43852,"No"
43853,"No"
43854,"No"
43855,"Yes"
43856,"No"
43857,"Yes"
43858,"No"
43859,"No"
43860,"No"
43861,"No"
43862,"No"
43863,"No"
43864,"No"
43865,"No"
43866,"Yes"
43867,"No"
43868,"Yes"
43869,"No"
43870,"No"
43871,"No"
43872,"No"
43873,"Yes"
43874,"No"
43875,"No"
43876,"Yes"
43877,"No"
43878,"No"
43879,"No"
43880,"No"
43881,"No"
43882,"No"
43883,"No"
43884,"No"
43885,"Yes"
43886,"Yes"
43887,"Yes"
43888,"Yes"
43889,"No"
43890,"Yes"
43891,"No"
43892,"No"
43893,"No"
43894,"No"
43895,"No"
43896,"No"
43897,"No"
43898,"No"
43899,"No"
43900,"No"
43901,"No"
43902,"No"
43903,"Yes"
43904,"No"
43905,"Yes"
43906,"No"
43907,"No"
43908,"No"
43909,"No"
43910,"No"
43911,"Yes"
43912,"No"
43913,"No"
43914,"No"
43915,"No"
43916,"No"
43917,"Yes"
43918,"No"
43919,"No"
43920,"No"
43921,"No"
43922,"No"
43923,"No"
43924,"No"
43925,"No"
43926,"No"
43927,"No"
43928,"Yes"
43929,"No"
43930,"No"
43931,"No"
43932,"No"
43933,"No"
43934,"Yes"
43935,"No"
43936,"No"
43937,"Yes"
43938,"No"
43939,"No"
43940,"No"
43941,"No"
43942,"No"
43943,"No"
43944,"No"
43945,"No"
43946,"No"
43947,"No"
43948,"No"
43949,"No"
43950,"No"
43951,"No"
43952,"No"
43953,"Yes"
43954,"No"
43955,"No"
43956,"Yes"
43957,"No"
43958,"Yes"
43959,"No"
43960,"Yes"
43961,"No"
43962,"No"
43963,"Yes"
43964,"Yes"
43965,"No"
43966,"No"
43967,"No"
43968,"No"
43969,"Yes"
43970,"No"
43971,"No"
43972,"No"
43973,"No"
43974,"Yes"
43975,"No"
43976,"Yes"
43977,"Yes"
43978,"No"
43979,"No"
43980,"No"
43981,"No"
43982,"Yes"
43983,"No"
43984,"No"
43985,"No"
43986,"No"
43987,"No"
43988,"Yes"
43989,"Yes"
43990,"Yes"
43991,"No"
43992,"Yes"
43993,"No"
43994,"No"
43995,"No"
43996,"No"
43997,"No"
43998,"Yes"
43999,"No"
44000,"No"
44001,"No"
44002,"Yes"
44003,"Yes"
44004,"No"
44005,"No"
44006,"No"
44007,"No"
44008,"No"
44009,"Yes"
44010,"Yes"
44011,"No"
44012,"No"
44013,"No"
44014,"No"
44015,"Yes"
44016,"No"
44017,"No"
44018,"Yes"
44019,"No"
44020,"Yes"
44021,"No"
44022,"Yes"
44023,"No"
44024,"No"
44025,"No"
44026,"No"
44027,"No"
44028,"No"
44029,"Yes"
44030,"No"
44031,"No"
44032,"No"
44033,"No"
44034,"Yes"
44035,"No"
44036,"No"
44037,"No"
44038,"No"
44039,"Yes"
44040,"Yes"
44041,"No"
44042,"No"
44043,"No"
44044,"No"
44045,"No"
44046,"No"
44047,"Yes"
44048,"Yes"
44049,"Yes"
44050,"Yes"
44051,"No"
44052,"No"
44053,"No"
44054,"Yes"
44055,"No"
44056,"No"
44057,"No"
44058,"Yes"
44059,"No"
44060,"No"
44061,"No"
44062,"No"
44063,"No"
44064,"No"
44065,"Yes"
44066,"No"
44067,"No"
44068,"Yes"
44069,"Yes"
44070,"No"
44071,"No"
44072,"Yes"
44073,"Yes"
44074,"No"
44075,"Yes"
44076,"No"
44077,"No"
44078,"No"
44079,"No"
44080,"No"
44081,"No"
44082,"Yes"
44083,"No"
44084,"No"
44085,"No"
44086,"Yes"
44087,"No"
44088,"Yes"
44089,"No"
44090,"Yes"
44091,"No"
44092,"No"
44093,"No"
44094,"Yes"
44095,"No"
44096,"No"
44097,"No"
44098,"No"
44099,"No"
44100,"Yes"
44101,"No"
44102,"No"
44103,"No"
44104,"No"
44105,"Yes"
44106,"No"
44107,"No"
44108,"Yes"
44109,"No"
44110,"Yes"
44111,"No"
44112,"No"
44113,"No"
44114,"No"
44115,"No"
44116,"Yes"
44117,"No"
44118,"Yes"
44119,"No"
44120,"Yes"
44121,"Yes"
44122,"Yes"
44123,"Yes"
44124,"No"
44125,"No"
44126,"Yes"
44127,"Yes"
44128,"No"
44129,"No"
44130,"No"
44131,"Yes"
44132,"No"
44133,"No"
44134,"No"
44135,"No"
44136,"No"
44137,"No"
44138,"No"
44139,"No"
44140,"No"
44141,"No"
44142,"No"
44143,"No"
44144,"No"
44145,"Yes"
44146,"No"
44147,"No"
44148,"No"
44149,"Yes"
44150,"No"
44151,"No"
44152,"Yes"
44153,"Yes"
44154,"No"
44155,"No"
44156,"No"
44157,"Yes"
44158,"Yes"
44159,"No"
44160,"No"
44161,"No"
44162,"No"
44163,"Yes"
44164,"No"
44165,"No"
44166,"No"
44167,"No"
44168,"No"
44169,"No"
44170,"Yes"
44171,"No"
44172,"No"
44173,"No"
44174,"Yes"
44175,"Yes"
44176,"No"
44177,"No"
44178,"Yes"
44179,"No"
44180,"Yes"
44181,"Yes"
44182,"Yes"
44183,"No"
44184,"Yes"
44185,"Yes"
44186,"No"
44187,"No"
44188,"No"
44189,"Yes"
44190,"No"
44191,"No"
44192,"No"
44193,"No"
44194,"No"
44195,"Yes"
44196,"No"
44197,"Yes"
44198,"No"
44199,"Yes"
44200,"No"
44201,"No"
44202,"No"
44203,"No"
44204,"Yes"
44205,"Yes"
44206,"No"
44207,"No"
44208,"Yes"
44209,"Yes"
44210,"No"
44211,"No"
44212,"No"
44213,"No"
44214,"Yes"
44215,"No"
44216,"Yes"
44217,"Yes"
44218,"No"
44219,"Yes"
44220,"Yes"
44221,"No"
44222,"No"
44223,"No"
44224,"No"
44225,"No"
44226,"No"
44227,"Yes"
44228,"No"
44229,"No"
44230,"No"
44231,"No"
44232,"Yes"
44233,"No"
44234,"Yes"
44235,"No"
44236,"Yes"
44237,"No"
44238,"No"
44239,"No"
44240,"No"
44241,"Yes"
44242,"Yes"
44243,"No"
44244,"No"
44245,"No"
44246,"Yes"
44247,"Yes"
44248,"No"
44249,"Yes"
44250,"Yes"
44251,"Yes"
44252,"No"
44253,"Yes"
44254,"No"
44255,"Yes"
44256,"No"
44257,"No"
44258,"Yes"
44259,"No"
44260,"No"
44261,"No"
44262,"No"
44263,"No"
44264,"Yes"
44265,"No"
44266,"No"
44267,"No"
44268,"No"
44269,"No"
44270,"Yes"
44271,"No"
44272,"No"
44273,"No"
44274,"No"
44275,"No"
44276,"Yes"
44277,"Yes"
44278,"No"
44279,"No"
44280,"No"
44281,"No"
44282,"Yes"
44283,"No"
44284,"No"
44285,"Yes"
44286,"No"
44287,"Yes"
44288,"Yes"
44289,"No"
44290,"No"
44291,"No"
44292,"No"
44293,"No"
44294,"No"
44295,"No"
44296,"No"
44297,"Yes"
44298,"No"
44299,"Yes"
44300,"No"
44301,"Yes"
44302,"Yes"
44303,"No"
44304,"No"
44305,"No"
44306,"No"
44307,"No"
44308,"No"
44309,"Yes"
44310,"No"
44311,"No"
44312,"No"
44313,"No"
44314,"No"
44315,"Yes"
44316,"No"
44317,"No"
44318,"No"
44319,"No"
44320,"No"
44321,"Yes"
44322,"No"
44323,"No"
44324,"No"
44325,"Yes"
44326,"Yes"
44327,"No"
44328,"No"
44329,"Yes"
44330,"Yes"
44331,"Yes"
44332,"No"
44333,"No"
44334,"No"
44335,"No"
44336,"No"
44337,"No"
44338,"No"
44339,"Yes"
44340,"No"
44341,"No"
44342,"No"
44343,"No"
44344,"Yes"
44345,"Yes"
44346,"Yes"
44347,"No"
44348,"No"
44349,"Yes"
44350,"No"
44351,"Yes"
44352,"No"
44353,"No"
44354,"No"
44355,"Yes"
44356,"Yes"
44357,"No"
44358,"No"
44359,"Yes"
44360,"Yes"
44361,"No"
44362,"No"
44363,"No"
44364,"No"
44365,"Yes"
44366,"No"
44367,"Yes"
44368,"No"
44369,"Yes"
44370,"No"
44371,"No"
44372,"Yes"
44373,"No"
44374,"No"
44375,"Yes"
44376,"Yes"
44377,"No"
44378,"No"
44379,"No"
44380,"Yes"
44381,"No"
44382,"No"
44383,"No"
44384,"No"
44385,"No"
44386,"Yes"
44387,"No"
44388,"No"
44389,"No"
44390,"No"
44391,"Yes"
44392,"No"
44393,"No"
44394,"No"
44395,"Yes"
44396,"No"
44397,"No"
44398,"No"
44399,"No"
44400,"Yes"
44401,"Yes"
44402,"Yes"
44403,"No"
44404,"Yes"
44405,"No"
44406,"No"
44407,"Yes"
44408,"No"
44409,"No"
44410,"No"
44411,"No"
44412,"Yes"
44413,"No"
44414,"No"
44415,"Yes"
44416,"No"
44417,"No"
44418,"No"
44419,"No"
44420,"No"
44421,"No"
44422,"No"
44423,"Yes"
44424,"Yes"
44425,"No"
44426,"No"
44427,"No"
44428,"No"
44429,"No"
44430,"No"
44431,"Yes"
44432,"Yes"
44433,"No"
44434,"No"
44435,"No"
44436,"Yes"
44437,"Yes"
44438,"No"
44439,"No"
44440,"No"
44441,"No"
44442,"No"
44443,"No"
44444,"No"
44445,"No"
44446,"No"
44447,"No"
44448,"No"
44449,"Yes"
44450,"Yes"
44451,"No"
44452,"Yes"
44453,"No"
44454,"No"
44455,"No"
44456,"Yes"
44457,"No"
44458,"Yes"
44459,"No"
44460,"Yes"
44461,"No"
44462,"Yes"
44463,"Yes"
44464,"No"
44465,"No"
44466,"No"
44467,"Yes"
44468,"No"
44469,"No"
44470,"Yes"
44471,"No"
44472,"Yes"
44473,"No"
44474,"Yes"
44475,"No"
44476,"No"
44477,"Yes"
44478,"No"
44479,"No"
44480,"No"
44481,"No"
44482,"Yes"
44483,"No"
44484,"Yes"
44485,"No"
44486,"Yes"
44487,"Yes"
44488,"No"
44489,"No"
44490,"No"
44491,"Yes"
44492,"No"
44493,"Yes"
44494,"Yes"
44495,"No"
44496,"No"
44497,"Yes"
44498,"Yes"
44499,"Yes"
44500,"No"
44501,"Yes"
44502,"No"
44503,"No"
44504,"No"
44505,"No"
44506,"No"
44507,"No"
44508,"No"
44509,"No"
44510,"No"
44511,"No"
44512,"No"
44513,"No"
44514,"Yes"
44515,"Yes"
44516,"Yes"
44517,"No"
44518,"No"
44519,"Yes"
44520,"No"
44521,"No"
44522,"Yes"
44523,"Yes"
44524,"Yes"
44525,"No"
44526,"No"
44527,"No"
44528,"No"
44529,"No"
44530,"No"
44531,"Yes"
44532,"No"
44533,"No"
44534,"Yes"
44535,"No"
44536,"Yes"
44537,"No"
44538,"No"
44539,"No"
44540,"No"
44541,"No"
44542,"No"
44543,"No"
44544,"No"
44545,"No"
44546,"Yes"
44547,"No"
44548,"Yes"
44549,"Yes"
44550,"Yes"
44551,"No"
44552,"Yes"
44553,"No"
44554,"Yes"
44555,"No"
44556,"No"
44557,"No"
44558,"No"
44559,"No"
44560,"Yes"
44561,"No"
44562,"Yes"
44563,"Yes"
44564,"No"
44565,"Yes"
44566,"No"
44567,"No"
44568,"Yes"
44569,"No"
44570,"No"
44571,"No"
44572,"No"
44573,"No"
44574,"No"
44575,"No"
44576,"Yes"
44577,"No"
44578,"No"
44579,"Yes"
44580,"No"
44581,"No"
44582,"No"
44583,"No"
44584,"No"
44585,"No"
44586,"Yes"
44587,"No"
44588,"No"
44589,"No"
44590,"No"
44591,"No"
44592,"No"
44593,"No"
44594,"No"
44595,"No"
44596,"Yes"
44597,"Yes"
44598,"No"
44599,"No"
44600,"Yes"
44601,"No"
44602,"Yes"
44603,"No"
44604,"No"
44605,"No"
44606,"No"
44607,"Yes"
44608,"No"
44609,"No"
44610,"No"
44611,"No"
44612,"No"
44613,"No"
44614,"No"
44615,"No"
44616,"No"
44617,"Yes"
44618,"No"
44619,"Yes"
44620,"No"
44621,"Yes"
44622,"Yes"
44623,"No"
44624,"No"
44625,"No"
44626,"No"
44627,"Yes"
44628,"No"
44629,"No"
44630,"Yes"
44631,"Yes"
44632,"Yes"
44633,"Yes"
44634,"No"
44635,"No"
44636,"Yes"
44637,"Yes"
44638,"No"
44639,"No"
44640,"No"
44641,"No"
44642,"No"
44643,"No"
44644,"Yes"
44645,"Yes"
44646,"No"
44647,"No"
44648,"Yes"
44649,"No"
44650,"No"
44651,"No"
44652,"No"
44653,"No"
44654,"No"
44655,"No"
44656,"No"
44657,"No"
44658,"No"
44659,"No"
44660,"Yes"
44661,"No"
44662,"Yes"
44663,"Yes"
44664,"No"
44665,"No"
44666,"No"
44667,"Yes"
44668,"No"
44669,"No"
44670,"No"
44671,"Yes"
44672,"No"
44673,"No"
44674,"No"
44675,"No"
44676,"No"
44677,"Yes"
44678,"No"
44679,"No"
44680,"No"
44681,"No"
44682,"Yes"
44683,"No"
44684,"No"
44685,"No"
44686,"No"
44687,"No"
44688,"Yes"
44689,"No"
44690,"No"
44691,"No"
44692,"No"
44693,"No"
44694,"Yes"
44695,"No"
44696,"No"
44697,"Yes"
44698,"Yes"
44699,"No"
44700,"Yes"
44701,"No"
44702,"No"
44703,"No"
44704,"No"
44705,"Yes"
44706,"No"
44707,"Yes"
44708,"No"
44709,"No"
44710,"No"
44711,"No"
44712,"No"
44713,"No"
44714,"No"
44715,"No"
44716,"No"
44717,"No"
44718,"No"
44719,"No"
44720,"No"
44721,"No"
44722,"Yes"
44723,"No"
44724,"No"
44725,"No"
44726,"No"
44727,"No"
44728,"No"
44729,"No"
44730,"No"
44731,"No"
44732,"No"
44733,"No"
44734,"Yes"
44735,"No"
44736,"No"
44737,"No"
44738,"No"
44739,"No"
44740,"No"
44741,"No"
44742,"No"
44743,"No"
44744,"No"
44745,"No"
44746,"No"
44747,"No"
44748,"No"
44749,"No"
44750,"No"
44751,"No"
44752,"No"
44753,"No"
44754,"Yes"
44755,"Yes"
44756,"No"
44757,"No"
44758,"Yes"
44759,"Yes"
44760,"No"
44761,"Yes"
44762,"No"
44763,"No"
44764,"No"
44765,"No"
44766,"Yes"
44767,"No"
44768,"No"
44769,"No"
44770,"No"
44771,"Yes"
44772,"No"
44773,"No"
44774,"No"
44775,"No"
44776,"No"
44777,"No"
44778,"Yes"
44779,"No"
44780,"No"
44781,"No"
44782,"No"
44783,"Yes"
44784,"Yes"
44785,"Yes"
44786,"No"
44787,"Yes"
44788,"Yes"
44789,"No"
44790,"Yes"
44791,"No"
44792,"No"
44793,"No"
44794,"No"
44795,"No"
44796,"Yes"
44797,"Yes"
44798,"Yes"
44799,"No"
44800,"No"
44801,"Yes"
44802,"No"
44803,"No"
44804,"No"
44805,"Yes"
44806,"Yes"
44807,"No"
44808,"No"
44809,"No"
44810,"Yes"
44811,"No"
44812,"Yes"
44813,"No"
44814,"No"
44815,"No"
44816,"Yes"
44817,"Yes"
44818,"No"
44819,"No"
44820,"No"
44821,"No"
44822,"No"
44823,"No"
44824,"Yes"
44825,"Yes"
44826,"No"
44827,"No"
44828,"No"
44829,"No"
44830,"No"
44831,"No"
44832,"No"
44833,"No"
44834,"No"
44835,"No"
44836,"No"
44837,"No"
44838,"No"
44839,"No"
44840,"No"
44841,"Yes"
44842,"Yes"
44843,"No"
44844,"Yes"
44845,"No"
44846,"No"
44847,"No"
44848,"No"
44849,"Yes"
44850,"No"
44851,"No"
44852,"Yes"
44853,"No"
44854,"Yes"
44855,"No"
44856,"Yes"
44857,"Yes"
44858,"No"
44859,"Yes"
44860,"No"
44861,"No"
44862,"No"
44863,"No"
44864,"No"
44865,"Yes"
44866,"No"
44867,"No"
44868,"Yes"
44869,"No"
44870,"No"
44871,"No"
44872,"No"
44873,"Yes"
44874,"No"
44875,"Yes"
44876,"Yes"
44877,"No"
44878,"No"
44879,"Yes"
44880,"No"
44881,"No"
44882,"Yes"
44883,"Yes"
44884,"No"
44885,"No"
44886,"No"
44887,"No"
44888,"No"
44889,"No"
44890,"Yes"
44891,"Yes"
44892,"No"
44893,"Yes"
44894,"No"
44895,"No"
44896,"No"
44897,"Yes"
44898,"No"
44899,"Yes"
44900,"No"
44901,"Yes"
44902,"No"
44903,"No"
44904,"No"
44905,"Yes"
44906,"Yes"
44907,"No"
44908,"No"
44909,"No"
44910,"No"
44911,"No"
44912,"Yes"
44913,"No"
44914,"Yes"
44915,"No"
44916,"No"
44917,"No"
44918,"No"
44919,"Yes"
44920,"No"
44921,"No"
44922,"No"
44923,"No"
44924,"Yes"
44925,"Yes"
44926,"No"
44927,"No"
44928,"Yes"
44929,"Yes"
44930,"Yes"
44931,"No"
44932,"No"
44933,"No"
44934,"No"
44935,"No"
44936,"No"
44937,"No"
44938,"No"
44939,"No"
44940,"No"
44941,"No"
44942,"No"
44943,"No"
44944,"Yes"
44945,"No"
44946,"No"
44947,"No"
44948,"No"
44949,"No"
44950,"No"
44951,"No"
44952,"No"
44953,"Yes"
44954,"No"
44955,"No"
44956,"Yes"
44957,"Yes"
44958,"No"
44959,"Yes"
44960,"No"
44961,"Yes"
44962,"Yes"
44963,"No"
44964,"No"
44965,"No"
44966,"No"
44967,"No"
44968,"Yes"
44969,"No"
44970,"Yes"
44971,"Yes"
44972,"No"
44973,"Yes"
44974,"No"
44975,"No"
44976,"No"
44977,"No"
44978,"No"
44979,"No"
44980,"No"
44981,"No"
44982,"No"
44983,"Yes"
44984,"Yes"
44985,"No"
44986,"No"
44987,"No"
44988,"No"
44989,"Yes"
44990,"No"
44991,"No"
44992,"No"
44993,"No"
44994,"No"
44995,"No"
44996,"No"
44997,"No"
44998,"Yes"
44999,"No"
45000,"No"
45001,"No"
45002,"Yes"
45003,"No"
45004,"No"
45005,"No"
45006,"Yes"
45007,"Yes"
45008,"No"
45009,"No"
45010,"No"
45011,"No"
45012,"Yes"
45013,"No"
45014,"Yes"
45015,"Yes"
45016,"No"
45017,"Yes"
45018,"No"
45019,"Yes"
45020,"No"
45021,"No"
45022,"Yes"
45023,"Yes"
45024,"No"
45025,"Yes"
45026,"No"
45027,"Yes"
45028,"No"
45029,"No"
45030,"No"
45031,"No"
45032,"No"
45033,"Yes"
45034,"Yes"
45035,"Yes"
45036,"Yes"
45037,"Yes"
45038,"No"
45039,"No"
45040,"Yes"
45041,"Yes"
45042,"No"
45043,"Yes"
45044,"Yes"
45045,"No"
45046,"No"
45047,"Yes"
45048,"Yes"
45049,"No"
45050,"Yes"
45051,"Yes"
45052,"Yes"
45053,"No"
45054,"No"
45055,"No"
45056,"No"
45057,"No"
45058,"No"
45059,"Yes"
45060,"No"
45061,"No"
45062,"No"
45063,"No"
45064,"No"
45065,"Yes"
45066,"No"
45067,"No"
45068,"No"
45069,"Yes"
45070,"No"
45071,"No"
45072,"Yes"
45073,"No"
45074,"Yes"
45075,"Yes"
45076,"No"
45077,"No"
45078,"No"
45079,"No"
45080,"No"
45081,"No"
45082,"Yes"
45083,"No"
45084,"No"
45085,"Yes"
45086,"Yes"
45087,"No"
45088,"No"
45089,"No"
45090,"Yes"
45091,"No"
45092,"No"
45093,"Yes"
45094,"No"
45095,"No"
45096,"Yes"
45097,"Yes"
45098,"No"
45099,"No"
45100,"No"
45101,"Yes"
45102,"Yes"
45103,"No"
45104,"Yes"
45105,"Yes"
45106,"Yes"
45107,"No"
45108,"Yes"
45109,"Yes"
45110,"No"
45111,"No"
45112,"Yes"
45113,"No"
45114,"No"
45115,"Yes"
45116,"No"
45117,"No"
45118,"No"
45119,"Yes"
45120,"Yes"
45121,"No"
45122,"No"
45123,"No"
45124,"Yes"
45125,"No"
45126,"No"
45127,"Yes"
45128,"Yes"
45129,"No"
45130,"No"
45131,"No"
45132,"No"
45133,"No"
45134,"No"
45135,"No"
45136,"Yes"
45137,"No"
45138,"No"
45139,"Yes"
45140,"Yes"
45141,"No"
45142,"No"
45143,"No"
45144,"Yes"
45145,"No"
45146,"Yes"
45147,"No"
45148,"No"
45149,"No"
45150,"No"
45151,"No"
45152,"No"
45153,"No"
45154,"Yes"
45155,"No"
45156,"Yes"
45157,"No"
45158,"No"
45159,"No"
45160,"No"
45161,"No"
45162,"No"
45163,"No"
45164,"No"
45165,"No"
45166,"Yes"
45167,"No"
45168,"Yes"
45169,"No"
45170,"Yes"
45171,"Yes"
45172,"No"
45173,"Yes"
45174,"Yes"
45175,"Yes"
45176,"No"
45177,"No"
45178,"No"
45179,"Yes"
45180,"Yes"
45181,"Yes"
45182,"No"
45183,"Yes"
45184,"Yes"
45185,"Yes"
45186,"Yes"
45187,"No"
45188,"No"
45189,"No"
45190,"No"
45191,"No"
45192,"No"
45193,"No"
45194,"No"
45195,"Yes"
45196,"No"
45197,"No"
45198,"Yes"
45199,"No"
45200,"Yes"
45201,"No"
45202,"Yes"
45203,"No"
45204,"No"
45205,"Yes"
45206,"Yes"
45207,"No"
45208,"Yes"
45209,"Yes"
45210,"Yes"
45211,"Yes"
45212,"Yes"
45213,"Yes"
45214,"No"
45215,"No"
45216,"No"
45217,"No"
45218,"No"
45219,"Yes"
45220,"No"
45221,"Yes"
45222,"No"
45223,"No"
45224,"No"
45225,"No"
45226,"No"
45227,"No"
45228,"No"
45229,"No"
45230,"Yes"
45231,"No"
45232,"No"
45233,"No"
45234,"Yes"
45235,"No"
45236,"No"
45237,"No"
45238,"No"
45239,"No"
45240,"No"
45241,"No"
45242,"Yes"
45243,"No"
45244,"Yes"
45245,"Yes"
45246,"No"
45247,"Yes"
45248,"Yes"
45249,"No"
45250,"No"
45251,"No"
45252,"No"
45253,"No"
45254,"No"
45255,"No"
45256,"Yes"
45257,"Yes"
45258,"No"
45259,"Yes"
45260,"No"
45261,"Yes"
45262,"No"
45263,"Yes"
45264,"No"
45265,"No"
45266,"No"
45267,"No"
45268,"No"
45269,"Yes"
45270,"Yes"
45271,"No"
45272,"Yes"
45273,"No"
45274,"No"
45275,"No"
45276,"Yes"
45277,"Yes"
45278,"Yes"
45279,"No"
45280,"No"
45281,"Yes"
45282,"No"
45283,"No"
45284,"No"
45285,"No"
45286,"Yes"
45287,"No"
45288,"Yes"
45289,"Yes"
45290,"No"
45291,"Yes"
45292,"Yes"
45293,"No"
45294,"Yes"
45295,"No"
45296,"No"
45297,"No"
45298,"Yes"
45299,"No"
45300,"Yes"
45301,"No"
45302,"No"
45303,"Yes"
45304,"No"
45305,"No"
45306,"Yes"
45307,"No"
45308,"No"
45309,"No"
45310,"No"
45311,"No"
45312,"No"
45313,"Yes"
45314,"No"
45315,"No"
45316,"Yes"
45317,"Yes"
45318,"No"
45319,"No"
45320,"Yes"
45321,"No"
45322,"No"
45323,"No"
45324,"No"
45325,"Yes"
45326,"Yes"
45327,"No"
45328,"No"
45329,"Yes"
45330,"No"
45331,"No"
45332,"Yes"
45333,"No"
45334,"No"
45335,"No"
45336,"No"
45337,"No"
45338,"Yes"
45339,"No"
45340,"Yes"
45341,"No"
45342,"No"
45343,"Yes"
45344,"No"
45345,"No"
45346,"No"
45347,"Yes"
45348,"No"
45349,"No"
45350,"No"
45351,"Yes"
45352,"Yes"
45353,"No"
45354,"No"
45355,"No"
45356,"No"
45357,"No"
45358,"No"
45359,"No"
45360,"No"
45361,"Yes"
45362,"No"
45363,"No"
45364,"No"
45365,"No"
45366,"No"
45367,"Yes"
45368,"Yes"
45369,"No"
45370,"Yes"
45371,"Yes"
45372,"No"
45373,"No"
45374,"No"
45375,"Yes"
45376,"No"
45377,"Yes"
45378,"Yes"
45379,"No"
45380,"No"
45381,"No"
45382,"No"
45383,"No"
45384,"Yes"
45385,"No"
45386,"No"
45387,"No"
45388,"Yes"
45389,"Yes"
45390,"Yes"
45391,"Yes"
45392,"Yes"
45393,"No"
45394,"No"
45395,"No"
45396,"Yes"
45397,"No"
45398,"No"
45399,"No"
45400,"No"
45401,"No"
45402,"No"
45403,"No"
45404,"No"
45405,"No"
45406,"No"
45407,"No"
45408,"Yes"
45409,"No"
45410,"No"
45411,"No"
45412,"Yes"
45413,"No"
45414,"No"
45415,"Yes"
45416,"No"
45417,"No"
45418,"No"
45419,"Yes"
45420,"Yes"
45421,"No"
45422,"No"
45423,"No"
45424,"No"
45425,"Yes"
45426,"No"
45427,"Yes"
45428,"Yes"
45429,"Yes"
45430,"No"
45431,"Yes"
45432,"No"
45433,"Yes"
45434,"Yes"
45435,"No"
45436,"No"
45437,"No"
45438,"Yes"
45439,"Yes"
45440,"No"
45441,"Yes"
45442,"Yes"
45443,"Yes"
45444,"No"
45445,"No"
45446,"No"
45447,"No"
45448,"Yes"
45449,"No"
45450,"Yes"
45451,"No"
45452,"Yes"
45453,"Yes"
45454,"No"
45455,"No"
45456,"Yes"
45457,"No"
45458,"Yes"
45459,"Yes"
45460,"No"
45461,"Yes"
45462,"No"
45463,"No"
45464,"No"
45465,"No"
45466,"No"
45467,"No"
45468,"Yes"
45469,"No"
45470,"No"
45471,"No"
45472,"No"
45473,"Yes"
45474,"No"
45475,"No"
45476,"No"
45477,"No"
45478,"No"
45479,"Yes"
45480,"No"
45481,"Yes"
45482,"No"
45483,"No"
45484,"No"
45485,"No"
45486,"Yes"
45487,"No"
45488,"No"
45489,"No"
45490,"No"
45491,"No"
45492,"No"
45493,"No"
45494,"Yes"
45495,"Yes"
45496,"No"
45497,"No"
45498,"No"
45499,"No"
45500,"No"
45501,"No"
45502,"No"
45503,"No"
45504,"No"
45505,"No"
45506,"No"
45507,"No"
45508,"Yes"
45509,"No"
45510,"No"
45511,"No"
45512,"No"
45513,"No"
45514,"No"
45515,"No"
45516,"No"
45517,"No"
45518,"No"
45519,"No"
45520,"No"
45521,"No"
45522,"Yes"
45523,"No"
45524,"No"
45525,"No"
45526,"Yes"
45527,"Yes"
45528,"Yes"
45529,"No"
45530,"No"
45531,"No"
45532,"No"
45533,"No"
45534,"No"
45535,"No"
45536,"Yes"
45537,"Yes"
45538,"No"
45539,"Yes"
45540,"Yes"
45541,"No"
45542,"No"
45543,"No"
45544,"Yes"
45545,"No"
45546,"No"
45547,"Yes"
45548,"No"
45549,"No"
45550,"Yes"
45551,"No"
45552,"No"
45553,"Yes"
45554,"No"
45555,"Yes"
45556,"No"
45557,"No"
45558,"Yes"
45559,"No"
45560,"Yes"
45561,"No"
45562,"No"
45563,"Yes"
45564,"No"
45565,"No"
45566,"No"
45567,"No"
45568,"No"
45569,"Yes"
45570,"Yes"
45571,"No"
45572,"Yes"
45573,"No"
45574,"No"
45575,"Yes"
45576,"No"
45577,"No"
45578,"No"
45579,"Yes"
45580,"No"
45581,"No"
45582,"No"
45583,"No"
45584,"No"
45585,"No"
45586,"No"
45587,"Yes"
45588,"Yes"
45589,"Yes"
45590,"No"
45591,"No"
45592,"Yes"
45593,"No"
45594,"No"
45595,"No"
45596,"No"
45597,"No"
45598,"No"
45599,"Yes"
45600,"Yes"
45601,"No"
45602,"No"
45603,"Yes"
45604,"No"
45605,"Yes"
45606,"No"
45607,"Yes"
45608,"Yes"
45609,"No"
45610,"No"
45611,"No"
45612,"No"
45613,"Yes"
45614,"No"
45615,"No"
45616,"No"
45617,"No"
45618,"Yes"
45619,"No"
45620,"No"
45621,"No"
45622,"Yes"
45623,"No"
45624,"Yes"
45625,"Yes"
45626,"Yes"
45627,"No"
45628,"No"
45629,"Yes"
45630,"No"
45631,"Yes"
45632,"Yes"
45633,"No"
45634,"No"
45635,"No"
45636,"No"
45637,"No"
45638,"Yes"
45639,"Yes"
45640,"No"
45641,"No"
45642,"Yes"
45643,"No"
45644,"No"
45645,"No"
45646,"Yes"
45647,"No"
45648,"Yes"
45649,"No"
45650,"No"
45651,"No"
45652,"Yes"
45653,"Yes"
45654,"No"
45655,"Yes"
45656,"Yes"
45657,"No"
45658,"No"
45659,"No"
45660,"Yes"
45661,"No"
45662,"No"
45663,"No"
45664,"Yes"
45665,"No"
45666,"No"
45667,"No"
45668,"No"
45669,"Yes"
45670,"No"
45671,"Yes"
45672,"Yes"
45673,"No"
45674,"Yes"
45675,"Yes"
45676,"No"
45677,"Yes"
45678,"No"
45679,"Yes"
45680,"No"
45681,"No"
45682,"No"
45683,"Yes"
45684,"No"
45685,"No"
45686,"No"
45687,"Yes"
45688,"No"
45689,"Yes"
45690,"Yes"
45691,"No"
45692,"No"
45693,"No"
45694,"No"
45695,"Yes"
45696,"No"
45697,"No"
45698,"Yes"
45699,"No"
45700,"Yes"
45701,"Yes"
45702,"No"
45703,"Yes"
45704,"No"
45705,"No"
45706,"Yes"
45707,"No"
45708,"No"
45709,"Yes"
45710,"No"
45711,"No"
45712,"Yes"
45713,"No"
45714,"No"
45715,"Yes"
45716,"No"
45717,"No"
45718,"Yes"
45719,"Yes"
45720,"No"
45721,"No"
45722,"No"
45723,"No"
45724,"No"
45725,"No"
45726,"No"
45727,"Yes"
45728,"Yes"
45729,"No"
45730,"No"
45731,"Yes"
45732,"No"
45733,"No"
45734,"Yes"
45735,"No"
45736,"No"
45737,"No"
45738,"No"
45739,"No"
45740,"Yes"
45741,"No"
45742,"No"
45743,"Yes"
45744,"No"
45745,"No"
45746,"No"
45747,"No"
45748,"No"
45749,"No"
45750,"No"
45751,"Yes"
45752,"Yes"
45753,"No"
45754,"Yes"
45755,"No"
45756,"No"
45757,"Yes"
45758,"Yes"
45759,"No"
45760,"No"
45761,"No"
45762,"Yes"
45763,"No"
45764,"Yes"
45765,"No"
45766,"No"
45767,"No"
45768,"No"
45769,"Yes"
45770,"No"
45771,"No"
45772,"Yes"
45773,"No"
45774,"No"
45775,"Yes"
45776,"No"
45777,"Yes"
45778,"No"
45779,"No"
45780,"Yes"
45781,"No"
45782,"Yes"
45783,"No"
45784,"Yes"
45785,"No"
45786,"No"
45787,"No"
45788,"No"
45789,"Yes"
45790,"No"
45791,"Yes"
45792,"No"
45793,"No"
45794,"No"
45795,"No"
45796,"Yes"
45797,"Yes"
45798,"No"
45799,"No"
45800,"No"
45801,"Yes"
45802,"Yes"
45803,"No"
45804,"No"
45805,"No"
45806,"No"
45807,"No"
45808,"Yes"
45809,"No"
45810,"Yes"
45811,"No"
45812,"Yes"
45813,"No"
45814,"No"
45815,"No"
45816,"Yes"
45817,"No"
45818,"No"
45819,"Yes"
45820,"No"
45821,"No"
45822,"Yes"
45823,"No"
45824,"Yes"
45825,"Yes"
45826,"No"
45827,"Yes"
45828,"Yes"
45829,"Yes"
45830,"No"
45831,"No"
45832,"No"
45833,"No"
45834,"Yes"
45835,"No"
45836,"Yes"
45837,"No"
45838,"Yes"
45839,"No"
45840,"No"
45841,"Yes"
45842,"No"
45843,"No"
45844,"No"
45845,"Yes"
45846,"No"
45847,"Yes"
45848,"No"
45849,"Yes"
45850,"No"
45851,"Yes"
45852,"No"
45853,"No"
45854,"Yes"
45855,"Yes"
45856,"Yes"
45857,"Yes"
45858,"Yes"
45859,"No"
45860,"Yes"
45861,"Yes"
45862,"Yes"
45863,"Yes"
45864,"Yes"
45865,"No"
45866,"No"
45867,"No"
45868,"Yes"
45869,"Yes"
45870,"Yes"
45871,"No"
45872,"No"
45873,"No"
45874,"No"
45875,"No"
45876,"No"
45877,"No"
45878,"No"
45879,"Yes"
45880,"Yes"
45881,"No"
45882,"Yes"
45883,"No"
45884,"Yes"
45885,"No"
45886,"No"
45887,"Yes"
45888,"No"
45889,"No"
45890,"No"
45891,"No"
45892,"Yes"
45893,"Yes"
45894,"No"
45895,"No"
45896,"No"
45897,"Yes"
45898,"No"
45899,"No"
45900,"No"
45901,"Yes"
45902,"No"
45903,"No"
45904,"No"
45905,"No"
45906,"No"
45907,"No"
45908,"Yes"
45909,"No"
45910,"No"
45911,"No"
45912,"No"
45913,"No"
45914,"No"
45915,"No"
45916,"No"
45917,"No"
45918,"No"
45919,"No"
45920,"No"
45921,"Yes"
45922,"No"
45923,"Yes"
45924,"No"
45925,"No"
45926,"No"
45927,"Yes"
45928,"Yes"
45929,"Yes"
45930,"Yes"
45931,"Yes"
45932,"Yes"
45933,"No"
45934,"No"
45935,"No"
45936,"Yes"
45937,"No"
45938,"Yes"
45939,"No"
45940,"No"
45941,"No"
45942,"No"
45943,"Yes"
45944,"No"
45945,"No"
45946,"No"
45947,"No"
45948,"Yes"
45949,"Yes"
45950,"No"
45951,"No"
45952,"No"
45953,"No"
45954,"Yes"
45955,"Yes"
45956,"No"
45957,"Yes"
45958,"No"
45959,"No"
45960,"Yes"
45961,"Yes"
45962,"Yes"
45963,"No"
45964,"No"
45965,"Yes"
45966,"No"
45967,"No"
45968,"No"
45969,"Yes"
45970,"Yes"
45971,"No"
45972,"No"
45973,"No"
45974,"Yes"
45975,"Yes"
45976,"No"
45977,"No"
45978,"Yes"
45979,"No"
45980,"Yes"
45981,"No"
45982,"No"
45983,"No"
45984,"No"
45985,"Yes"
45986,"No"
45987,"No"
45988,"No"
45989,"No"
45990,"No"
45991,"Yes"
45992,"Yes"
45993,"Yes"
45994,"Yes"
45995,"No"
45996,"No"
45997,"No"
45998,"Yes"
45999,"No"
46000,"Yes"
46001,"No"
46002,"No"
46003,"No"
46004,"No"
46005,"No"
46006,"No"
46007,"No"
46008,"Yes"
46009,"Yes"
46010,"No"
46011,"No"
46012,"No"
46013,"No"
46014,"Yes"
46015,"Yes"
46016,"Yes"
46017,"No"
46018,"No"
46019,"No"
46020,"No"
46021,"Yes"
46022,"No"
46023,"No"
46024,"No"
46025,"No"
46026,"Yes"
46027,"Yes"
46028,"Yes"
46029,"Yes"
46030,"No"
46031,"Yes"
46032,"Yes"
46033,"Yes"
46034,"Yes"
46035,"No"
46036,"No"
46037,"Yes"
46038,"No"
46039,"Yes"
46040,"No"
46041,"Yes"
46042,"No"
46043,"No"
46044,"No"
46045,"No"
46046,"No"
46047,"Yes"
46048,"Yes"
46049,"No"
46050,"Yes"
46051,"No"
46052,"No"
46053,"No"
46054,"No"
46055,"Yes"
46056,"No"
46057,"No"
46058,"No"
46059,"Yes"
46060,"No"
46061,"No"
46062,"No"
46063,"No"
46064,"No"
46065,"No"
46066,"Yes"
46067,"No"
46068,"No"
46069,"Yes"
46070,"No"
46071,"No"
46072,"No"
46073,"No"
46074,"No"
46075,"No"
46076,"Yes"
46077,"No"
46078,"Yes"
46079,"Yes"
46080,"No"
46081,"Yes"
46082,"No"
46083,"No"
46084,"No"
46085,"No"
46086,"Yes"
46087,"Yes"
46088,"No"
46089,"No"
46090,"No"
46091,"Yes"
46092,"No"
46093,"No"
46094,"Yes"
46095,"Yes"
46096,"No"
46097,"No"
46098,"No"
46099,"No"
46100,"No"
46101,"No"
46102,"No"
46103,"Yes"
46104,"No"
46105,"No"
46106,"Yes"
46107,"No"
46108,"Yes"
46109,"No"
46110,"No"
46111,"Yes"
46112,"Yes"
46113,"No"
46114,"Yes"
46115,"No"
46116,"No"
46117,"No"
46118,"No"
46119,"No"
46120,"No"
46121,"No"
46122,"No"
46123,"No"
46124,"No"
46125,"No"
46126,"No"
46127,"Yes"
46128,"No"
46129,"Yes"
46130,"No"
46131,"No"
46132,"No"
46133,"Yes"
46134,"No"
46135,"Yes"
46136,"No"
46137,"No"
46138,"No"
46139,"No"
46140,"No"
46141,"Yes"
46142,"No"
46143,"Yes"
46144,"No"
46145,"Yes"
46146,"No"
46147,"No"
46148,"Yes"
46149,"No"
46150,"Yes"
46151,"No"
46152,"No"
46153,"No"
46154,"Yes"
46155,"Yes"
46156,"No"
46157,"No"
46158,"Yes"
46159,"Yes"
46160,"Yes"
46161,"No"
46162,"No"
46163,"No"
46164,"No"
46165,"No"
46166,"No"
46167,"Yes"
46168,"No"
46169,"Yes"
46170,"Yes"
46171,"Yes"
46172,"Yes"
46173,"No"
46174,"No"
46175,"Yes"
46176,"No"
46177,"No"
46178,"No"
46179,"No"
46180,"Yes"
46181,"No"
46182,"No"
46183,"No"
46184,"Yes"
46185,"No"
46186,"No"
46187,"No"
46188,"No"
46189,"No"
46190,"Yes"
46191,"No"
46192,"No"
46193,"Yes"
46194,"Yes"
46195,"Yes"
46196,"No"
46197,"No"
46198,"Yes"
46199,"No"
46200,"No"
46201,"Yes"
46202,"Yes"
46203,"Yes"
46204,"No"
46205,"Yes"
46206,"Yes"
46207,"No"
46208,"No"
46209,"Yes"
46210,"No"
46211,"Yes"
46212,"Yes"
46213,"No"
46214,"Yes"
46215,"No"
46216,"Yes"
46217,"Yes"
46218,"No"
46219,"Yes"
46220,"No"
46221,"No"
46222,"No"
46223,"No"
46224,"Yes"
46225,"No"
46226,"No"
46227,"No"
46228,"No"
46229,"No"
46230,"Yes"
46231,"No"
46232,"No"
46233,"Yes"
46234,"No"
46235,"Yes"
46236,"No"
46237,"No"
46238,"No"
46239,"No"
46240,"No"
46241,"No"
46242,"No"
46243,"Yes"
46244,"No"
46245,"Yes"
46246,"No"
46247,"Yes"
46248,"No"
46249,"No"
46250,"Yes"
46251,"No"
46252,"Yes"
46253,"Yes"
46254,"No"
46255,"Yes"
46256,"No"
46257,"No"
46258,"No"
46259,"No"
46260,"Yes"
46261,"No"
46262,"No"
46263,"No"
46264,"No"
46265,"No"
46266,"No"
46267,"No"
46268,"No"
46269,"No"
46270,"Yes"
46271,"Yes"
46272,"No"
46273,"Yes"
46274,"No"
46275,"No"
46276,"No"
46277,"No"
46278,"No"
46279,"Yes"
46280,"Yes"
46281,"No"
46282,"No"
46283,"No"
46284,"Yes"
46285,"No"
46286,"No"
46287,"No"
46288,"Yes"
46289,"Yes"
46290,"Yes"
46291,"No"
46292,"Yes"
46293,"No"
46294,"Yes"
46295,"Yes"
46296,"Yes"
46297,"No"
46298,"No"
46299,"No"
46300,"Yes"
46301,"Yes"
46302,"Yes"
46303,"No"
46304,"No"
46305,"No"
46306,"No"
46307,"No"
46308,"No"
46309,"No"
46310,"No"
46311,"Yes"
46312,"No"
46313,"Yes"
46314,"Yes"
46315,"Yes"
46316,"Yes"
46317,"No"
46318,"No"
46319,"Yes"
46320,"No"
46321,"Yes"
46322,"Yes"
46323,"No"
46324,"No"
46325,"No"
46326,"Yes"
46327,"No"
46328,"Yes"
46329,"No"
46330,"No"
46331,"No"
46332,"No"
46333,"No"
46334,"No"
46335,"No"
46336,"No"
46337,"No"
46338,"No"
46339,"No"
46340,"Yes"
46341,"No"
46342,"Yes"
46343,"Yes"
46344,"No"
46345,"No"
46346,"No"
46347,"Yes"
46348,"Yes"
46349,"No"
46350,"No"
46351,"No"
46352,"No"
46353,"Yes"
46354,"Yes"
46355,"No"
46356,"Yes"
46357,"No"
46358,"Yes"
46359,"No"
46360,"No"
46361,"No"
46362,"No"
46363,"No"
46364,"No"
46365,"No"
46366,"Yes"
46367,"No"
46368,"No"
46369,"Yes"
46370,"No"
46371,"No"
46372,"No"
46373,"Yes"
46374,"Yes"
46375,"No"
46376,"No"
46377,"Yes"
46378,"No"
46379,"Yes"
46380,"No"
46381,"No"
46382,"Yes"
46383,"No"
46384,"No"
46385,"No"
46386,"No"
46387,"No"
46388,"No"
46389,"No"
46390,"No"
46391,"No"
46392,"No"
46393,"No"
46394,"No"
46395,"No"
46396,"Yes"
46397,"Yes"
46398,"No"
46399,"No"
46400,"No"
46401,"Yes"
46402,"No"
46403,"No"
46404,"No"
46405,"Yes"
46406,"Yes"
46407,"No"
46408,"No"
46409,"No"
46410,"No"
46411,"Yes"
46412,"No"
46413,"No"
46414,"Yes"
46415,"No"
46416,"Yes"
46417,"Yes"
46418,"No"
46419,"No"
46420,"No"
46421,"Yes"
46422,"No"
46423,"No"
46424,"Yes"
46425,"No"
46426,"No"
46427,"No"
46428,"No"
46429,"Yes"
46430,"No"
46431,"No"
46432,"Yes"
46433,"No"
46434,"No"
46435,"No"
46436,"No"
46437,"Yes"
46438,"No"
46439,"No"
46440,"No"
46441,"No"
46442,"No"
46443,"No"
46444,"Yes"
46445,"No"
46446,"No"
46447,"Yes"
46448,"No"
46449,"Yes"
46450,"No"
46451,"No"
46452,"Yes"
46453,"Yes"
46454,"No"
46455,"No"
46456,"No"
46457,"No"
46458,"No"
46459,"No"
46460,"No"
46461,"Yes"
46462,"No"
46463,"No"
46464,"Yes"
46465,"No"
46466,"Yes"
46467,"Yes"
46468,"Yes"
46469,"No"
46470,"No"
46471,"Yes"
46472,"No"
46473,"Yes"
46474,"Yes"
46475,"Yes"
46476,"Yes"
46477,"No"
46478,"Yes"
46479,"No"
46480,"No"
46481,"No"
46482,"No"
46483,"No"
46484,"No"
46485,"Yes"
46486,"No"
46487,"No"
46488,"No"
46489,"No"
46490,"No"
46491,"No"
46492,"No"
46493,"No"
46494,"No"
46495,"No"
46496,"No"
46497,"Yes"
46498,"No"
46499,"No"
46500,"Yes"
46501,"No"
46502,"Yes"
46503,"No"
46504,"No"
46505,"No"
46506,"Yes"
46507,"No"
46508,"Yes"
46509,"No"
46510,"Yes"
46511,"No"
46512,"Yes"
46513,"Yes"
46514,"No"
46515,"No"
46516,"Yes"
46517,"Yes"
46518,"Yes"
46519,"No"
46520,"No"
46521,"No"
46522,"No"
46523,"Yes"
46524,"No"
46525,"No"
46526,"Yes"
46527,"No"
46528,"Yes"
46529,"No"
46530,"Yes"
46531,"No"
46532,"Yes"
46533,"No"
46534,"No"
46535,"No"
46536,"No"
46537,"Yes"
46538,"No"
46539,"No"
46540,"No"
46541,"No"
46542,"No"
46543,"No"
46544,"No"
46545,"Yes"
46546,"Yes"
46547,"No"
46548,"Yes"
46549,"No"
46550,"No"
46551,"No"
46552,"No"
46553,"Yes"
46554,"No"
46555,"No"
46556,"No"
46557,"Yes"
46558,"No"
46559,"No"
46560,"No"
46561,"Yes"
46562,"No"
46563,"Yes"
46564,"Yes"
46565,"No"
46566,"No"
46567,"No"
46568,"No"
46569,"Yes"
46570,"No"
46571,"No"
46572,"No"
46573,"Yes"
46574,"Yes"
46575,"No"
46576,"No"
46577,"No"
46578,"Yes"
46579,"No"
46580,"Yes"
46581,"Yes"
46582,"No"
46583,"Yes"
46584,"No"
46585,"Yes"
46586,"Yes"
46587,"Yes"
46588,"No"
46589,"No"
46590,"No"
46591,"No"
46592,"No"
46593,"Yes"
46594,"No"
46595,"Yes"
46596,"No"
46597,"Yes"
46598,"No"
46599,"Yes"
46600,"Yes"
46601,"Yes"
46602,"No"
46603,"Yes"
46604,"No"
46605,"Yes"
46606,"No"
46607,"No"
46608,"No"
46609,"No"
46610,"No"
46611,"No"
46612,"No"
46613,"No"
46614,"Yes"
46615,"No"
46616,"No"
46617,"No"
46618,"No"
46619,"No"
46620,"No"
46621,"No"
46622,"Yes"
46623,"Yes"
46624,"No"
46625,"Yes"
46626,"Yes"
46627,"No"
46628,"No"
46629,"No"
46630,"Yes"
46631,"Yes"
46632,"Yes"
46633,"Yes"
46634,"No"
46635,"No"
46636,"No"
46637,"No"
46638,"No"
46639,"No"
46640,"Yes"
46641,"No"
46642,"No"
46643,"Yes"
46644,"No"
46645,"Yes"
46646,"Yes"
46647,"No"
46648,"No"
46649,"No"
46650,"No"
46651,"No"
46652,"No"
46653,"No"
46654,"No"
46655,"Yes"
46656,"Yes"
46657,"Yes"
46658,"No"
46659,"No"
46660,"No"
46661,"Yes"
46662,"Yes"
46663,"No"
46664,"Yes"
46665,"Yes"
46666,"Yes"
46667,"No"
46668,"No"
46669,"No"
46670,"No"
46671,"No"
46672,"Yes"
46673,"No"
46674,"No"
46675,"No"
46676,"No"
46677,"No"
46678,"No"
46679,"No"
46680,"Yes"
46681,"No"
46682,"Yes"
46683,"No"
46684,"No"
46685,"No"
46686,"No"
46687,"No"
46688,"Yes"
46689,"No"
46690,"No"
46691,"Yes"
46692,"Yes"
46693,"No"
46694,"Yes"
46695,"No"
46696,"No"
46697,"No"
46698,"No"
46699,"No"
46700,"No"
46701,"No"
46702,"No"
46703,"Yes"
46704,"No"
46705,"No"
46706,"Yes"
46707,"No"
46708,"No"
46709,"No"
46710,"No"
46711,"No"
46712,"No"
46713,"No"
46714,"Yes"
46715,"No"
46716,"Yes"
46717,"Yes"
46718,"Yes"
46719,"No"
46720,"No"
46721,"Yes"
46722,"No"
46723,"Yes"
46724,"Yes"
46725,"No"
46726,"No"
46727,"Yes"
46728,"No"
46729,"No"
46730,"Yes"
46731,"Yes"
46732,"No"
46733,"No"
46734,"Yes"
46735,"No"
46736,"No"
46737,"Yes"
46738,"Yes"
46739,"No"
46740,"No"
46741,"No"
46742,"No"
46743,"No"
46744,"Yes"
46745,"No"
46746,"No"
46747,"No"
46748,"No"
46749,"No"
46750,"Yes"
46751,"No"
46752,"No"
46753,"No"
46754,"No"
46755,"No"
46756,"No"
46757,"No"
46758,"No"
46759,"Yes"
46760,"No"
46761,"No"
46762,"Yes"
46763,"No"
46764,"No"
46765,"Yes"
46766,"Yes"
46767,"No"
46768,"Yes"
46769,"Yes"
46770,"Yes"
46771,"No"
46772,"No"
46773,"No"
46774,"No"
46775,"No"
46776,"No"
46777,"No"
46778,"No"
46779,"No"
46780,"No"
46781,"No"
46782,"No"
46783,"No"
46784,"No"
46785,"Yes"
46786,"Yes"
46787,"No"
46788,"Yes"
46789,"No"
46790,"Yes"
46791,"No"
46792,"No"
46793,"No"
46794,"No"
46795,"No"
46796,"No"
46797,"Yes"
46798,"No"
46799,"Yes"
46800,"No"
46801,"No"
46802,"No"
46803,"Yes"
46804,"Yes"
46805,"No"
46806,"No"
46807,"Yes"
46808,"No"
46809,"Yes"
46810,"No"
46811,"No"
46812,"No"
46813,"No"
46814,"Yes"
46815,"No"
46816,"No"
46817,"Yes"
46818,"Yes"
46819,"No"
46820,"No"
46821,"Yes"
46822,"No"
46823,"No"
46824,"No"
46825,"No"
46826,"Yes"
46827,"No"
46828,"Yes"
46829,"No"
46830,"No"
46831,"No"
46832,"No"
46833,"Yes"
46834,"No"
46835,"Yes"
46836,"No"
46837,"No"
46838,"No"
46839,"Yes"
46840,"Yes"
46841,"No"
46842,"No"
46843,"No"
46844,"Yes"
46845,"Yes"
46846,"No"
46847,"Yes"
46848,"No"
46849,"Yes"
46850,"No"
46851,"No"
46852,"Yes"
46853,"No"
46854,"No"
46855,"No"
46856,"No"
46857,"No"
46858,"No"
46859,"No"
46860,"Yes"
46861,"Yes"
46862,"No"
46863,"No"
46864,"No"
46865,"No"
46866,"Yes"
46867,"Yes"
46868,"No"
46869,"No"
46870,"No"
46871,"No"
46872,"Yes"
46873,"No"
46874,"No"
46875,"No"
46876,"No"
46877,"Yes"
46878,"No"
46879,"Yes"
46880,"Yes"
46881,"No"
46882,"No"
46883,"No"
46884,"No"
46885,"Yes"
46886,"No"
46887,"No"
46888,"No"
46889,"No"
46890,"No"
46891,"No"
46892,"No"
46893,"No"
46894,"No"
46895,"No"
46896,"Yes"
46897,"No"
46898,"Yes"
46899,"Yes"
46900,"Yes"
46901,"No"
46902,"Yes"
46903,"No"
46904,"No"
46905,"No"
46906,"No"
46907,"No"
46908,"No"
46909,"No"
46910,"No"
46911,"Yes"
46912,"Yes"
46913,"No"
46914,"Yes"
46915,"Yes"
46916,"No"
46917,"Yes"
46918,"Yes"
46919,"No"
46920,"No"
46921,"No"
46922,"No"
46923,"No"
46924,"Yes"
46925,"No"
46926,"No"
46927,"No"
46928,"Yes"
46929,"No"
46930,"No"
46931,"Yes"
46932,"No"
46933,"No"
46934,"Yes"
46935,"No"
46936,"No"
46937,"No"
46938,"Yes"
46939,"No"
46940,"Yes"
46941,"Yes"
46942,"Yes"
46943,"Yes"
46944,"No"
46945,"Yes"
46946,"No"
46947,"Yes"
46948,"No"
46949,"Yes"
46950,"No"
46951,"No"
46952,"No"
46953,"Yes"
46954,"No"
46955,"Yes"
46956,"No"
46957,"No"
46958,"No"
46959,"No"
46960,"Yes"
46961,"Yes"
46962,"Yes"
46963,"No"
46964,"Yes"
46965,"No"
46966,"No"
46967,"Yes"
46968,"No"
46969,"No"
46970,"No"
46971,"No"
46972,"No"
46973,"Yes"
46974,"No"
46975,"No"
46976,"Yes"
46977,"No"
46978,"No"
46979,"Yes"
46980,"No"
46981,"No"
46982,"No"
46983,"No"
46984,"No"
46985,"No"
46986,"No"
46987,"No"
46988,"Yes"
46989,"No"
46990,"Yes"
46991,"Yes"
46992,"No"
46993,"No"
46994,"No"
46995,"Yes"
46996,"No"
46997,"No"
46998,"No"
46999,"Yes"
47000,"No"
47001,"No"
47002,"No"
47003,"Yes"
47004,"No"
47005,"No"
47006,"No"
47007,"Yes"
47008,"Yes"
47009,"Yes"
47010,"Yes"
47011,"Yes"
47012,"No"
47013,"No"
47014,"No"
47015,"No"
47016,"No"
47017,"Yes"
47018,"Yes"
47019,"No"
47020,"Yes"
47021,"No"
47022,"Yes"
47023,"No"
47024,"No"
47025,"No"
47026,"No"
47027,"No"
47028,"No"
47029,"Yes"
47030,"No"
47031,"No"
47032,"No"
47033,"No"
47034,"No"
47035,"No"
47036,"No"
47037,"No"
47038,"No"
47039,"Yes"
47040,"No"
47041,"Yes"
47042,"No"
47043,"Yes"
47044,"Yes"
47045,"Yes"
47046,"No"
47047,"Yes"
47048,"No"
47049,"No"
47050,"No"
47051,"No"
47052,"No"
47053,"No"
47054,"Yes"
47055,"Yes"
47056,"No"
47057,"No"
47058,"No"
47059,"No"
47060,"No"
47061,"No"
47062,"Yes"
47063,"No"
47064,"No"
47065,"No"
47066,"No"
47067,"No"
47068,"No"
47069,"No"
47070,"Yes"
47071,"No"
47072,"No"
47073,"Yes"
47074,"No"
47075,"No"
47076,"Yes"
47077,"No"
47078,"No"
47079,"No"
47080,"Yes"
47081,"No"
47082,"Yes"
47083,"No"
47084,"No"
47085,"No"
47086,"No"
47087,"No"
47088,"No"
47089,"No"
47090,"No"
47091,"No"
47092,"No"
47093,"Yes"
47094,"No"
47095,"No"
47096,"No"
47097,"No"
47098,"No"
47099,"No"
47100,"No"
47101,"No"
47102,"Yes"
47103,"No"
47104,"No"
47105,"No"
47106,"No"
47107,"Yes"
47108,"No"
47109,"No"
47110,"No"
47111,"No"
47112,"No"
47113,"No"
47114,"No"
47115,"Yes"
47116,"No"
47117,"Yes"
47118,"No"
47119,"No"
47120,"Yes"
47121,"Yes"
47122,"No"
47123,"No"
47124,"No"
47125,"No"
47126,"No"
47127,"Yes"
47128,"Yes"
47129,"No"
47130,"No"
47131,"No"
47132,"Yes"
47133,"Yes"
47134,"No"
47135,"No"
47136,"Yes"
47137,"No"
47138,"No"
47139,"Yes"
47140,"No"
47141,"Yes"
47142,"No"
47143,"No"
47144,"No"
47145,"Yes"
47146,"Yes"
47147,"Yes"
47148,"No"
47149,"Yes"
47150,"No"
47151,"Yes"
47152,"Yes"
47153,"No"
47154,"Yes"
47155,"No"
47156,"No"
47157,"No"
47158,"No"
47159,"No"
47160,"No"
47161,"No"
47162,"No"
47163,"Yes"
47164,"No"
47165,"Yes"
47166,"Yes"
47167,"No"
47168,"Yes"
47169,"No"
47170,"No"
47171,"No"
47172,"No"
47173,"No"
47174,"No"
47175,"Yes"
47176,"No"
47177,"No"
47178,"No"
47179,"Yes"
47180,"No"
47181,"No"
47182,"Yes"
47183,"Yes"
47184,"Yes"
47185,"No"
47186,"Yes"
47187,"No"
47188,"No"
47189,"No"
47190,"No"
47191,"Yes"
47192,"No"
47193,"Yes"
47194,"Yes"
47195,"No"
47196,"No"
47197,"No"
47198,"Yes"
47199,"No"
47200,"No"
47201,"Yes"
47202,"Yes"
47203,"No"
47204,"No"
47205,"No"
47206,"No"
47207,"Yes"
47208,"No"
47209,"Yes"
47210,"No"
47211,"Yes"
47212,"No"
47213,"No"
47214,"No"
47215,"No"
47216,"No"
47217,"Yes"
47218,"No"
47219,"Yes"
47220,"No"
47221,"Yes"
47222,"Yes"
47223,"Yes"
47224,"No"
47225,"No"
47226,"No"
47227,"No"
47228,"Yes"
47229,"No"
47230,"Yes"
47231,"No"
47232,"Yes"
47233,"Yes"
47234,"Yes"
47235,"No"
47236,"Yes"
47237,"Yes"
47238,"No"
47239,"No"
47240,"No"
47241,"No"
47242,"No"
47243,"Yes"
47244,"No"
47245,"No"
47246,"No"
47247,"No"
47248,"No"
47249,"No"
47250,"No"
47251,"No"
47252,"No"
47253,"No"
47254,"Yes"
47255,"No"
47256,"Yes"
47257,"Yes"
47258,"Yes"
47259,"Yes"
47260,"Yes"
47261,"No"
47262,"No"
47263,"No"
47264,"Yes"
47265,"No"
47266,"No"
47267,"No"
47268,"Yes"
47269,"Yes"
47270,"No"
47271,"No"
47272,"No"
47273,"Yes"
47274,"No"
47275,"Yes"
47276,"Yes"
47277,"Yes"
47278,"Yes"
47279,"Yes"
47280,"No"
47281,"No"
47282,"No"
47283,"No"
47284,"No"
47285,"No"
47286,"No"
47287,"No"
47288,"No"
47289,"Yes"
47290,"No"
47291,"No"
47292,"Yes"
47293,"No"
47294,"No"
47295,"No"
47296,"No"
47297,"No"
47298,"Yes"
47299,"Yes"
47300,"No"
47301,"Yes"
47302,"No"
47303,"Yes"
47304,"No"
47305,"No"
47306,"No"
47307,"No"
47308,"No"
47309,"Yes"
47310,"No"
47311,"Yes"
47312,"No"
47313,"Yes"
47314,"No"
47315,"No"
47316,"No"
47317,"Yes"
47318,"No"
47319,"No"
47320,"No"
47321,"Yes"
47322,"Yes"
47323,"Yes"
47324,"Yes"
47325,"No"
47326,"No"
47327,"No"
47328,"No"
47329,"No"
47330,"Yes"
47331,"No"
47332,"Yes"
47333,"No"
47334,"Yes"
47335,"No"
47336,"No"
47337,"No"
47338,"No"
47339,"Yes"
47340,"No"
47341,"Yes"
47342,"No"
47343,"No"
47344,"No"
47345,"No"
47346,"No"
47347,"No"
47348,"Yes"
47349,"No"
47350,"No"
47351,"Yes"
47352,"No"
47353,"Yes"
47354,"Yes"
47355,"No"
47356,"No"
47357,"No"
47358,"No"
47359,"No"
47360,"No"
47361,"No"
47362,"No"
47363,"No"
47364,"No"
47365,"No"
47366,"Yes"
47367,"No"
47368,"No"
47369,"No"
47370,"No"
47371,"Yes"
47372,"No"
47373,"No"
47374,"Yes"
47375,"No"
47376,"No"
47377,"No"
47378,"Yes"
47379,"No"
47380,"Yes"
47381,"No"
47382,"No"
47383,"No"
47384,"No"
47385,"No"
47386,"No"
47387,"No"
47388,"No"
47389,"No"
47390,"No"
47391,"No"
47392,"Yes"
47393,"No"
47394,"No"
47395,"No"
47396,"No"
47397,"No"
47398,"Yes"
47399,"Yes"
47400,"No"
47401,"No"
47402,"No"
47403,"No"
47404,"Yes"
47405,"No"
47406,"No"
47407,"Yes"
47408,"No"
47409,"No"
47410,"Yes"
47411,"No"
47412,"No"
47413,"Yes"
47414,"No"
47415,"Yes"
47416,"Yes"
47417,"Yes"
47418,"No"
47419,"Yes"
47420,"No"
47421,"No"
47422,"No"
47423,"Yes"
47424,"Yes"
47425,"No"
47426,"No"
47427,"No"
47428,"No"
47429,"Yes"
47430,"No"
47431,"Yes"
47432,"No"
47433,"No"
47434,"No"
47435,"No"
47436,"No"
47437,"No"
47438,"No"
47439,"Yes"
47440,"No"
47441,"No"
47442,"No"
47443,"No"
47444,"No"
47445,"No"
47446,"Yes"
47447,"Yes"
47448,"Yes"
47449,"Yes"
47450,"Yes"
47451,"Yes"
47452,"No"
47453,"No"
47454,"No"
47455,"No"
47456,"No"
47457,"No"
47458,"No"
47459,"Yes"
47460,"No"
47461,"No"
47462,"No"
47463,"No"
47464,"No"
47465,"No"
47466,"Yes"
47467,"No"
47468,"Yes"
47469,"No"
47470,"Yes"
47471,"No"
47472,"Yes"
47473,"Yes"
47474,"No"
47475,"No"
47476,"No"
47477,"No"
47478,"Yes"
47479,"No"
47480,"Yes"
47481,"No"
47482,"Yes"
47483,"No"
47484,"No"
47485,"Yes"
47486,"No"
47487,"No"
47488,"Yes"
47489,"Yes"
47490,"No"
47491,"No"
47492,"No"
47493,"No"
47494,"No"
47495,"No"
47496,"No"
47497,"No"
47498,"No"
47499,"No"
47500,"No"
47501,"No"
47502,"No"
47503,"No"
47504,"Yes"
47505,"No"
47506,"No"
47507,"No"
47508,"No"
47509,"Yes"
47510,"No"
47511,"Yes"
47512,"No"
47513,"Yes"
47514,"No"
47515,"No"
47516,"No"
47517,"No"
47518,"No"
47519,"Yes"
47520,"No"
47521,"Yes"
47522,"No"
47523,"No"
47524,"No"
47525,"Yes"
47526,"Yes"
47527,"No"
47528,"Yes"
47529,"No"
47530,"No"
47531,"Yes"
47532,"No"
47533,"No"
47534,"Yes"
47535,"No"
47536,"No"
47537,"No"
47538,"No"
47539,"No"
47540,"No"
47541,"Yes"
47542,"No"
47543,"No"
47544,"No"
47545,"Yes"
47546,"Yes"
47547,"No"
47548,"Yes"
47549,"No"
47550,"No"
47551,"No"
47552,"No"
47553,"Yes"
47554,"Yes"
47555,"No"
47556,"No"
47557,"No"
47558,"No"
47559,"Yes"
47560,"No"
47561,"No"
47562,"Yes"
47563,"No"
47564,"No"
47565,"No"
47566,"No"
47567,"Yes"
47568,"No"
47569,"No"
47570,"Yes"
47571,"Yes"
47572,"No"
47573,"No"
47574,"No"
47575,"No"
47576,"No"
47577,"No"
47578,"No"
47579,"No"
47580,"No"
47581,"No"
47582,"No"
47583,"No"
47584,"No"
47585,"No"
47586,"No"
47587,"Yes"
47588,"No"
47589,"No"
47590,"No"
47591,"No"
47592,"No"
47593,"No"
47594,"No"
47595,"No"
47596,"No"
47597,"No"
47598,"No"
47599,"Yes"
47600,"No"
47601,"No"
47602,"Yes"
47603,"No"
47604,"No"
47605,"Yes"
47606,"Yes"
47607,"No"
47608,"Yes"
47609,"No"
47610,"Yes"
47611,"Yes"
47612,"No"
47613,"No"
47614,"No"
47615,"Yes"
47616,"No"
47617,"No"
47618,"No"
47619,"No"
47620,"No"
47621,"Yes"
47622,"No"
47623,"No"
47624,"Yes"
47625,"No"
47626,"No"
47627,"No"
47628,"No"
47629,"Yes"
47630,"Yes"
47631,"No"
47632,"Yes"
47633,"No"
47634,"No"
47635,"Yes"
47636,"No"
47637,"No"
47638,"Yes"
47639,"Yes"
47640,"No"
47641,"Yes"
47642,"No"
47643,"Yes"
47644,"No"
47645,"Yes"
47646,"Yes"
47647,"No"
47648,"No"
47649,"No"
47650,"No"
47651,"No"
47652,"Yes"
47653,"No"
47654,"No"
47655,"No"
47656,"No"
47657,"No"
47658,"No"
47659,"No"
47660,"No"
47661,"No"
47662,"No"
47663,"Yes"
47664,"Yes"
47665,"Yes"
47666,"No"
47667,"No"
47668,"No"
47669,"Yes"
47670,"No"
47671,"Yes"
47672,"No"
47673,"Yes"
47674,"No"
47675,"No"
47676,"Yes"
47677,"No"
47678,"Yes"
47679,"No"
47680,"No"
47681,"No"
47682,"No"
47683,"No"
47684,"No"
47685,"No"
47686,"No"
47687,"No"
47688,"Yes"
47689,"No"
47690,"No"
47691,"Yes"
47692,"No"
47693,"No"
47694,"No"
47695,"No"
47696,"Yes"
47697,"Yes"
47698,"No"
47699,"Yes"
47700,"No"
47701,"No"
47702,"Yes"
47703,"No"
47704,"No"
47705,"No"
47706,"No"
47707,"No"
47708,"No"
47709,"No"
47710,"No"
47711,"No"
47712,"Yes"
47713,"No"
47714,"No"
47715,"No"
47716,"No"
47717,"Yes"
47718,"No"
47719,"No"
47720,"No"
47721,"Yes"
47722,"Yes"
47723,"No"
47724,"No"
47725,"No"
47726,"No"
47727,"No"
47728,"No"
47729,"No"
47730,"No"
47731,"Yes"
47732,"No"
47733,"No"
47734,"Yes"
47735,"Yes"
47736,"No"
47737,"No"
47738,"Yes"
47739,"No"
47740,"No"
47741,"Yes"
47742,"Yes"
47743,"No"
47744,"No"
47745,"No"
47746,"No"
47747,"No"
47748,"No"
47749,"Yes"
47750,"Yes"
47751,"No"
47752,"No"
47753,"Yes"
47754,"No"
47755,"No"
47756,"No"
47757,"Yes"
47758,"No"
47759,"No"
47760,"Yes"
47761,"No"
47762,"No"
47763,"No"
47764,"No"
47765,"No"
47766,"Yes"
47767,"Yes"
47768,"No"
47769,"Yes"
47770,"No"
47771,"No"
47772,"No"
47773,"Yes"
47774,"Yes"
47775,"No"
47776,"Yes"
47777,"No"
47778,"No"
47779,"No"
47780,"No"
47781,"No"
47782,"Yes"
47783,"No"
47784,"Yes"
47785,"Yes"
47786,"No"
47787,"Yes"
47788,"No"
47789,"No"
47790,"No"
47791,"No"
47792,"No"
47793,"Yes"
47794,"Yes"
47795,"Yes"
47796,"No"
47797,"No"
47798,"No"
47799,"No"
47800,"No"
47801,"No"
47802,"Yes"
47803,"Yes"
47804,"No"
47805,"No"
47806,"No"
47807,"No"
47808,"Yes"
47809,"No"
47810,"No"
47811,"Yes"
47812,"No"
47813,"No"
47814,"No"
47815,"No"
47816,"No"
47817,"No"
47818,"No"
47819,"No"
47820,"No"
47821,"Yes"
47822,"No"
47823,"No"
47824,"No"
47825,"Yes"
47826,"Yes"
47827,"No"
47828,"No"
47829,"Yes"
47830,"No"
47831,"No"
47832,"Yes"
47833,"No"
47834,"No"
47835,"Yes"
47836,"No"
47837,"No"
47838,"No"
47839,"Yes"
47840,"No"
47841,"Yes"
47842,"No"
47843,"No"
47844,"No"
47845,"No"
47846,"No"
47847,"No"
47848,"No"
47849,"Yes"
47850,"No"
47851,"No"
47852,"No"
47853,"No"
47854,"Yes"
47855,"No"
47856,"No"
47857,"Yes"
47858,"Yes"
47859,"No"
47860,"Yes"
47861,"No"
47862,"No"
47863,"No"
47864,"No"
47865,"No"
47866,"Yes"
47867,"Yes"
47868,"Yes"
47869,"Yes"
47870,"No"
47871,"No"
47872,"No"
47873,"No"
47874,"Yes"
47875,"Yes"
47876,"No"
47877,"No"
47878,"No"
47879,"No"
47880,"No"
47881,"No"
47882,"No"
47883,"Yes"
47884,"No"
47885,"No"
47886,"No"
47887,"No"
47888,"No"
47889,"Yes"
47890,"No"
47891,"No"
47892,"No"
47893,"No"
47894,"Yes"
47895,"Yes"
47896,"Yes"
47897,"No"
47898,"No"
47899,"Yes"
47900,"Yes"
47901,"No"
47902,"No"
47903,"Yes"
47904,"Yes"
47905,"Yes"
47906,"No"
47907,"No"
47908,"Yes"
47909,"No"
47910,"Yes"
47911,"Yes"
47912,"No"
47913,"No"
47914,"No"
47915,"No"
47916,"Yes"
47917,"No"
47918,"No"
47919,"No"
47920,"Yes"
47921,"No"
47922,"No"
47923,"No"
47924,"No"
47925,"No"
47926,"No"
47927,"No"
47928,"No"
47929,"No"
47930,"No"
47931,"Yes"
47932,"No"
47933,"Yes"
47934,"Yes"
47935,"Yes"
47936,"Yes"
47937,"No"
47938,"Yes"
47939,"No"
47940,"Yes"
47941,"No"
47942,"Yes"
47943,"No"
47944,"No"
47945,"Yes"
47946,"No"
47947,"No"
47948,"Yes"
47949,"Yes"
47950,"Yes"
47951,"Yes"
47952,"No"
47953,"No"
47954,"No"
47955,"No"
47956,"No"
47957,"No"
47958,"No"
47959,"No"
47960,"Yes"
47961,"No"
47962,"Yes"
47963,"Yes"
47964,"No"
47965,"No"
47966,"No"
47967,"No"
47968,"Yes"
47969,"No"
47970,"No"
47971,"No"
47972,"No"
47973,"No"
47974,"No"
47975,"No"
47976,"No"
47977,"Yes"
47978,"No"
47979,"No"
47980,"Yes"
47981,"Yes"
47982,"Yes"
47983,"No"
47984,"No"
47985,"No"
47986,"Yes"
47987,"No"
47988,"No"
47989,"No"
47990,"Yes"
47991,"No"
47992,"No"
47993,"Yes"
47994,"Yes"
47995,"No"
47996,"Yes"
47997,"No"
47998,"No"
47999,"No"
48000,"Yes"
48001,"Yes"
48002,"No"
48003,"Yes"
48004,"Yes"
48005,"No"
48006,"No"
48007,"Yes"
48008,"No"
48009,"No"
48010,"No"
48011,"Yes"
48012,"No"
48013,"Yes"
48014,"No"
48015,"No"
48016,"No"
48017,"No"
48018,"No"
48019,"No"
48020,"No"
48021,"No"
48022,"No"
48023,"No"
48024,"Yes"
48025,"No"
48026,"No"
48027,"No"
48028,"Yes"
48029,"Yes"
48030,"Yes"
48031,"Yes"
48032,"Yes"
48033,"No"
48034,"No"
48035,"No"
48036,"No"
48037,"No"
48038,"Yes"
48039,"No"
48040,"No"
48041,"No"
48042,"Yes"
48043,"No"
48044,"Yes"
48045,"No"
48046,"Yes"
48047,"No"
48048,"No"
48049,"No"
48050,"Yes"
48051,"No"
48052,"No"
48053,"No"
48054,"Yes"
48055,"No"
48056,"No"
48057,"No"
48058,"Yes"
48059,"Yes"
48060,"No"
48061,"No"
48062,"No"
48063,"Yes"
48064,"No"
48065,"No"
48066,"No"
48067,"No"
48068,"No"
48069,"Yes"
48070,"No"
48071,"No"
48072,"No"
48073,"Yes"
48074,"Yes"
48075,"No"
48076,"No"
48077,"Yes"
48078,"Yes"
48079,"Yes"
48080,"No"
48081,"No"
48082,"Yes"
48083,"Yes"
48084,"No"
48085,"Yes"
48086,"No"
48087,"No"
48088,"No"
48089,"Yes"
48090,"No"
48091,"No"
48092,"Yes"
48093,"No"
48094,"No"
48095,"Yes"
48096,"Yes"
48097,"Yes"
48098,"No"
48099,"No"
48100,"Yes"
48101,"No"
48102,"No"
48103,"Yes"
48104,"Yes"
48105,"Yes"
48106,"No"
48107,"Yes"
48108,"No"
48109,"No"
48110,"No"
48111,"No"
48112,"No"
48113,"No"
48114,"No"
48115,"No"
48116,"No"
48117,"No"
48118,"No"
48119,"Yes"
48120,"Yes"
48121,"No"
48122,"No"
48123,"No"
48124,"No"
48125,"No"
48126,"Yes"
48127,"No"
48128,"No"
48129,"No"
48130,"No"
48131,"Yes"
48132,"No"
48133,"No"
48134,"No"
48135,"Yes"
48136,"No"
48137,"No"
48138,"No"
48139,"No"
48140,"No"
48141,"Yes"
48142,"No"
48143,"No"
48144,"No"
48145,"No"
48146,"No"
48147,"No"
48148,"No"
48149,"Yes"
48150,"No"
48151,"Yes"
48152,"No"
48153,"Yes"
48154,"Yes"
48155,"No"
48156,"No"
48157,"No"
48158,"Yes"
48159,"Yes"
48160,"Yes"
48161,"No"
48162,"No"
48163,"Yes"
48164,"No"
48165,"No"
48166,"No"
48167,"Yes"
48168,"Yes"
48169,"Yes"
48170,"No"
48171,"No"
48172,"No"
48173,"No"
48174,"No"
48175,"No"
48176,"No"
48177,"No"
48178,"No"
48179,"Yes"
48180,"No"
48181,"No"
48182,"No"
48183,"No"
48184,"Yes"
48185,"No"
48186,"No"
48187,"Yes"
48188,"No"
48189,"No"
48190,"No"
48191,"No"
48192,"No"
48193,"No"
48194,"No"
48195,"No"
48196,"No"
48197,"Yes"
48198,"Yes"
48199,"Yes"
48200,"No"
48201,"Yes"
48202,"No"
48203,"Yes"
48204,"No"
48205,"No"
48206,"No"
48207,"No"
48208,"No"
48209,"Yes"
48210,"No"
48211,"Yes"
48212,"No"
48213,"No"
48214,"Yes"
48215,"No"
48216,"Yes"
48217,"No"
48218,"No"
48219,"No"
48220,"Yes"
48221,"No"
48222,"Yes"
48223,"No"
48224,"No"
48225,"No"
48226,"No"
48227,"Yes"
48228,"No"
48229,"No"
48230,"No"
48231,"No"
48232,"No"
48233,"No"
48234,"No"
48235,"No"
48236,"No"
48237,"Yes"
48238,"No"
48239,"Yes"
48240,"Yes"
48241,"Yes"
48242,"Yes"
48243,"No"
48244,"No"
48245,"Yes"
48246,"No"
48247,"No"
48248,"No"
48249,"No"
48250,"Yes"
48251,"No"
48252,"Yes"
48253,"Yes"
48254,"No"
48255,"No"
48256,"No"
48257,"Yes"
48258,"No"
48259,"No"
48260,"No"
48261,"No"
48262,"Yes"
48263,"No"
48264,"No"
48265,"No"
48266,"No"
48267,"No"
48268,"No"
48269,"Yes"
48270,"Yes"
48271,"No"
48272,"Yes"
48273,"Yes"
48274,"No"
48275,"Yes"
48276,"No"
48277,"Yes"
48278,"No"
48279,"No"
48280,"No"
48281,"No"
48282,"Yes"
48283,"No"
48284,"Yes"
48285,"No"
48286,"No"
48287,"No"
48288,"No"
48289,"No"
48290,"No"
48291,"No"
48292,"No"
48293,"No"
48294,"No"
48295,"Yes"
48296,"No"
48297,"No"
48298,"No"
48299,"No"
48300,"No"
48301,"No"
48302,"No"
48303,"Yes"
48304,"Yes"
48305,"Yes"
48306,"No"
48307,"No"
48308,"Yes"
48309,"No"
48310,"No"
48311,"Yes"
48312,"No"
48313,"No"
48314,"Yes"
48315,"No"
48316,"Yes"
48317,"Yes"
48318,"No"
48319,"Yes"
48320,"Yes"
48321,"No"
48322,"Yes"
48323,"No"
48324,"No"
48325,"No"
48326,"No"
48327,"Yes"
48328,"Yes"
48329,"No"
48330,"No"
48331,"Yes"
48332,"Yes"
48333,"Yes"
48334,"No"
48335,"Yes"
48336,"Yes"
48337,"Yes"
48338,"No"
48339,"Yes"
48340,"No"
48341,"Yes"
48342,"Yes"
48343,"No"
48344,"No"
48345,"No"
48346,"Yes"
48347,"Yes"
48348,"Yes"
48349,"Yes"
48350,"Yes"
48351,"No"
48352,"No"
48353,"No"
48354,"No"
48355,"No"
48356,"Yes"
48357,"No"
48358,"No"
48359,"Yes"
48360,"No"
48361,"No"
48362,"Yes"
48363,"No"
48364,"Yes"
48365,"No"
48366,"No"
48367,"Yes"
48368,"No"
48369,"No"
48370,"No"
48371,"Yes"
48372,"No"
48373,"No"
48374,"No"
48375,"Yes"
48376,"No"
48377,"No"
48378,"No"
48379,"No"
48380,"No"
48381,"No"
48382,"Yes"
48383,"No"
48384,"Yes"
48385,"No"
48386,"Yes"
48387,"Yes"
48388,"No"
48389,"Yes"
48390,"Yes"
48391,"Yes"
48392,"No"
48393,"Yes"
48394,"No"
48395,"No"
48396,"Yes"
48397,"Yes"
48398,"No"
48399,"No"
48400,"No"
48401,"No"
48402,"No"
48403,"No"
48404,"No"
48405,"No"
48406,"Yes"
48407,"No"
48408,"Yes"
48409,"Yes"
48410,"No"
48411,"No"
48412,"No"
48413,"Yes"
48414,"Yes"
48415,"No"
48416,"Yes"
48417,"No"
48418,"No"
48419,"No"
48420,"No"
48421,"No"
48422,"No"
48423,"No"
48424,"Yes"
48425,"Yes"
48426,"No"
48427,"No"
48428,"No"
48429,"No"
48430,"No"
48431,"Yes"
48432,"No"
48433,"No"
48434,"No"
48435,"No"
48436,"Yes"
48437,"Yes"
48438,"No"
48439,"No"
48440,"Yes"
48441,"No"
48442,"No"
48443,"No"
48444,"No"
48445,"No"
48446,"No"
48447,"Yes"
48448,"Yes"
48449,"Yes"
48450,"No"
48451,"Yes"
48452,"No"
48453,"No"
48454,"No"
48455,"No"
48456,"Yes"
48457,"Yes"
48458,"No"
48459,"Yes"
48460,"No"
48461,"No"
48462,"No"
48463,"Yes"
48464,"No"
48465,"Yes"
48466,"No"
48467,"No"
48468,"Yes"
48469,"Yes"
48470,"Yes"
48471,"No"
48472,"Yes"
48473,"No"
48474,"No"
48475,"Yes"
48476,"No"
48477,"No"
48478,"No"
48479,"Yes"
48480,"No"
48481,"Yes"
48482,"No"
48483,"Yes"
48484,"No"
48485,"No"
48486,"Yes"
48487,"Yes"
48488,"No"
48489,"Yes"
48490,"No"
48491,"No"
48492,"No"
48493,"Yes"
48494,"Yes"
48495,"No"
48496,"No"
48497,"No"
48498,"No"
48499,"No"
48500,"Yes"
48501,"No"
48502,"No"
48503,"No"
48504,"No"
48505,"No"
48506,"No"
48507,"Yes"
48508,"No"
48509,"Yes"
48510,"Yes"
48511,"No"
48512,"No"
48513,"No"
48514,"No"
48515,"No"
48516,"No"
48517,"No"
48518,"Yes"
48519,"No"
48520,"No"
48521,"No"
48522,"No"
48523,"No"
48524,"No"
48525,"No"
48526,"Yes"
48527,"No"
48528,"Yes"
48529,"No"
48530,"No"
48531,"No"
48532,"Yes"
48533,"Yes"
48534,"Yes"
48535,"No"
48536,"No"
48537,"No"
48538,"Yes"
48539,"No"
48540,"No"
48541,"No"
48542,"No"
48543,"Yes"
48544,"Yes"
48545,"Yes"
48546,"No"
48547,"No"
48548,"No"
48549,"No"
48550,"No"
48551,"No"
48552,"Yes"
48553,"Yes"
48554,"Yes"
48555,"Yes"
48556,"No"
48557,"No"
48558,"No"
48559,"Yes"
48560,"No"
48561,"Yes"
48562,"Yes"
48563,"Yes"
48564,"No"
48565,"No"
48566,"Yes"
48567,"Yes"
48568,"No"
48569,"Yes"
48570,"No"
48571,"Yes"
48572,"Yes"
48573,"Yes"
48574,"No"
48575,"Yes"
48576,"No"
48577,"No"
48578,"No"
48579,"No"
48580,"Yes"
48581,"Yes"
48582,"No"
48583,"Yes"
48584,"No"
48585,"No"
48586,"No"
48587,"Yes"
48588,"No"
48589,"No"
48590,"No"
48591,"Yes"
48592,"No"
48593,"No"
48594,"Yes"
48595,"No"
48596,"No"
48597,"No"
48598,"Yes"
48599,"No"
48600,"No"
48601,"No"
48602,"No"
48603,"No"
48604,"No"
48605,"No"
48606,"No"
48607,"No"
48608,"No"
48609,"Yes"
48610,"Yes"
48611,"Yes"
48612,"Yes"
48613,"No"
48614,"No"
48615,"No"
48616,"No"
48617,"No"
48618,"No"
48619,"No"
48620,"No"
48621,"No"
48622,"No"
48623,"No"
48624,"No"
48625,"No"
48626,"No"
48627,"No"
48628,"Yes"
48629,"No"
48630,"No"
48631,"No"
48632,"No"
48633,"Yes"
48634,"No"
48635,"No"
48636,"No"
48637,"No"
48638,"Yes"
48639,"No"
48640,"No"
48641,"Yes"
48642,"No"
48643,"No"
48644,"No"
48645,"No"
48646,"No"
48647,"Yes"
48648,"Yes"
48649,"Yes"
48650,"Yes"
48651,"Yes"
48652,"No"
48653,"No"
48654,"No"
48655,"No"
48656,"No"
48657,"No"
48658,"No"
48659,"No"
48660,"No"
48661,"No"
48662,"Yes"
48663,"No"
48664,"No"
48665,"No"
48666,"No"
48667,"No"
48668,"Yes"
48669,"No"
48670,"Yes"
48671,"No"
48672,"No"
48673,"No"
48674,"Yes"
48675,"Yes"
48676,"No"
48677,"No"
48678,"Yes"
48679,"Yes"
48680,"No"
48681,"No"
48682,"No"
48683,"No"
48684,"No"
48685,"No"
48686,"No"
48687,"No"
48688,"No"
48689,"No"
48690,"No"
48691,"No"
48692,"No"
48693,"Yes"
48694,"Yes"
48695,"No"
48696,"No"
48697,"Yes"
48698,"No"
48699,"No"
48700,"No"
48701,"No"
48702,"No"
48703,"No"
48704,"Yes"
48705,"Yes"
48706,"No"
48707,"No"
48708,"No"
48709,"No"
48710,"No"
48711,"No"
48712,"No"
48713,"No"
48714,"No"
48715,"No"
48716,"Yes"
48717,"No"
48718,"No"
48719,"No"
48720,"No"
48721,"No"
48722,"No"
48723,"Yes"
48724,"No"
48725,"No"
48726,"Yes"
48727,"No"
48728,"No"
48729,"No"
48730,"No"
48731,"No"
48732,"No"
48733,"Yes"
48734,"No"
48735,"No"
48736,"No"
48737,"No"
48738,"No"
48739,"No"
48740,"Yes"
48741,"No"
48742,"No"
48743,"Yes"
48744,"No"
48745,"Yes"
48746,"No"
48747,"No"
48748,"No"
48749,"No"
48750,"No"
48751,"No"
48752,"No"
48753,"No"
48754,"Yes"
48755,"No"
48756,"Yes"
48757,"No"
48758,"No"
48759,"Yes"
48760,"No"
48761,"Yes"
48762,"No"
48763,"Yes"
48764,"No"
48765,"No"
48766,"No"
48767,"Yes"
48768,"No"
48769,"No"
48770,"No"
48771,"No"
48772,"No"
48773,"Yes"
48774,"No"
48775,"Yes"
48776,"No"
48777,"No"
48778,"No"
48779,"No"
48780,"No"
48781,"No"
48782,"No"
48783,"No"
48784,"No"
48785,"No"
48786,"Yes"
48787,"No"
48788,"No"
48789,"No"
48790,"No"
48791,"Yes"
48792,"Yes"
48793,"No"
48794,"No"
48795,"Yes"
48796,"No"
48797,"No"
48798,"No"
48799,"No"
48800,"No"
48801,"No"
48802,"No"
48803,"No"
48804,"Yes"
48805,"No"
48806,"No"
48807,"No"
48808,"Yes"
48809,"No"
48810,"No"
48811,"Yes"
48812,"No"
48813,"No"
48814,"No"
48815,"No"
48816,"No"
48817,"No"
48818,"No"
48819,"Yes"
48820,"No"
48821,"No"
48822,"No"
48823,"No"
48824,"No"
48825,"Yes"
48826,"No"
48827,"No"
48828,"No"
48829,"No"
48830,"Yes"
48831,"No"
48832,"No"
48833,"Yes"
48834,"No"
48835,"No"
48836,"Yes"
48837,"No"
48838,"Yes"
48839,"No"
48840,"No"
48841,"No"
48842,"Yes"
48843,"No"
48844,"No"
48845,"No"
48846,"No"
48847,"Yes"
48848,"No"
48849,"Yes"
48850,"No"
48851,"No"
48852,"Yes"
48853,"No"
48854,"Yes"
48855,"No"
48856,"No"
48857,"No"
48858,"No"
48859,"No"
48860,"No"
48861,"No"
48862,"No"
48863,"No"
48864,"No"
48865,"No"
48866,"Yes"
48867,"No"
48868,"No"
48869,"No"
48870,"Yes"
48871,"No"
48872,"No"
48873,"No"
48874,"Yes"
48875,"No"
48876,"No"
48877,"No"
48878,"No"
48879,"No"
48880,"No"
48881,"No"
48882,"No"
48883,"Yes"
48884,"Yes"
48885,"No"
48886,"No"
48887,"Yes"
48888,"No"
48889,"Yes"
48890,"No"
48891,"Yes"
48892,"No"
48893,"No"
48894,"Yes"
48895,"No"
48896,"No"
48897,"Yes"
48898,"No"
48899,"No"
48900,"No"
48901,"Yes"
48902,"No"
48903,"No"
48904,"Yes"
48905,"No"
48906,"Yes"
48907,"No"
48908,"No"
48909,"No"
48910,"No"
48911,"No"
48912,"Yes"
48913,"No"
48914,"No"
48915,"Yes"
48916,"No"
48917,"Yes"
48918,"No"
48919,"Yes"
48920,"No"
48921,"Yes"
48922,"No"
48923,"No"
48924,"No"
48925,"No"
48926,"No"
48927,"No"
48928,"No"
48929,"Yes"
48930,"No"
48931,"Yes"
48932,"No"
48933,"No"
48934,"No"
48935,"Yes"
48936,"No"
48937,"No"
48938,"Yes"
48939,"No"
48940,"Yes"
48941,"No"
48942,"No"
48943,"No"
48944,"No"
48945,"Yes"
48946,"No"
48947,"Yes"
48948,"Yes"
48949,"Yes"
48950,"No"
48951,"No"
48952,"No"
48953,"No"
48954,"No"
48955,"No"
48956,"No"
48957,"Yes"
48958,"Yes"
48959,"No"
48960,"No"
48961,"No"
48962,"No"
48963,"No"
48964,"No"
48965,"No"
48966,"No"
48967,"No"
48968,"Yes"
48969,"No"
48970,"Yes"
48971,"No"
48972,"No"
48973,"Yes"
48974,"No"
48975,"No"
48976,"No"
48977,"No"
48978,"Yes"
48979,"Yes"
48980,"Yes"
48981,"Yes"
48982,"Yes"
48983,"No"
48984,"Yes"
48985,"No"
48986,"No"
48987,"Yes"
48988,"No"
48989,"Yes"
48990,"No"
48991,"Yes"
48992,"Yes"
48993,"Yes"
48994,"Yes"
48995,"No"
48996,"Yes"
48997,"No"
48998,"Yes"
48999,"No"
49000,"No"
49001,"No"
49002,"Yes"
49003,"No"
49004,"No"
49005,"No"
49006,"Yes"
49007,"Yes"
49008,"No"
49009,"No"
49010,"No"
49011,"No"
49012,"No"
49013,"Yes"
49014,"No"
49015,"No"
49016,"No"
49017,"No"
49018,"No"
49019,"Yes"
49020,"No"
49021,"No"
49022,"No"
49023,"No"
49024,"Yes"
49025,"No"
49026,"No"
49027,"No"
49028,"Yes"
49029,"Yes"
49030,"No"
49031,"Yes"
49032,"No"
49033,"Yes"
49034,"Yes"
49035,"No"
49036,"Yes"
49037,"Yes"
49038,"Yes"
49039,"Yes"
49040,"No"
49041,"No"
49042,"No"
49043,"Yes"
49044,"No"
49045,"No"
49046,"Yes"
49047,"No"
49048,"Yes"
49049,"No"
49050,"No"
49051,"Yes"
49052,"Yes"
49053,"No"
49054,"No"
49055,"No"
49056,"No"
49057,"No"
49058,"No"
49059,"Yes"
49060,"No"
49061,"No"
49062,"No"
49063,"No"
49064,"No"
49065,"No"
49066,"Yes"
49067,"Yes"
49068,"No"
49069,"No"
49070,"No"
49071,"No"
49072,"Yes"
49073,"No"
49074,"No"
49075,"Yes"
49076,"No"
49077,"No"
49078,"No"
49079,"No"
49080,"Yes"
49081,"No"
49082,"Yes"
49083,"No"
49084,"No"
49085,"No"
49086,"Yes"
49087,"No"
49088,"Yes"
49089,"No"
49090,"No"
49091,"No"
49092,"No"
49093,"No"
49094,"No"
49095,"Yes"
49096,"No"
49097,"No"
49098,"Yes"
49099,"No"
49100,"No"
49101,"No"
49102,"No"
49103,"No"
49104,"No"
49105,"No"
49106,"Yes"
49107,"No"
49108,"No"
49109,"No"
49110,"Yes"
49111,"Yes"
49112,"Yes"
49113,"No"
49114,"No"
49115,"Yes"
49116,"Yes"
49117,"No"
49118,"Yes"
49119,"No"
49120,"No"
49121,"No"
49122,"Yes"
49123,"No"
49124,"No"
49125,"Yes"
49126,"No"
49127,"Yes"
49128,"No"
49129,"No"
49130,"No"
49131,"No"
49132,"No"
49133,"No"
49134,"Yes"
49135,"No"
49136,"No"
49137,"Yes"
49138,"Yes"
49139,"No"
49140,"No"
49141,"Yes"
49142,"No"
49143,"No"
49144,"No"
49145,"Yes"
49146,"No"
49147,"No"
49148,"No"
49149,"No"
49150,"Yes"
49151,"No"
49152,"No"
49153,"No"
49154,"Yes"
49155,"No"
49156,"No"
49157,"No"
49158,"No"
49159,"No"
49160,"No"
49161,"No"
49162,"No"
49163,"Yes"
49164,"No"
49165,"No"
49166,"No"
49167,"No"
49168,"No"
49169,"No"
49170,"Yes"
49171,"No"
49172,"No"
49173,"No"
49174,"Yes"
49175,"No"
49176,"Yes"
49177,"Yes"
49178,"Yes"
49179,"No"
49180,"No"
49181,"Yes"
49182,"No"
49183,"No"
49184,"Yes"
49185,"No"
49186,"No"
49187,"No"
49188,"Yes"
49189,"No"
49190,"No"
49191,"No"
49192,"No"
49193,"Yes"
49194,"Yes"
49195,"No"
49196,"No"
49197,"No"
49198,"Yes"
49199,"No"
49200,"Yes"
49201,"No"
49202,"No"
49203,"No"
49204,"Yes"
49205,"No"
49206,"No"
49207,"No"
49208,"No"
49209,"Yes"
49210,"No"
49211,"No"
49212,"Yes"
49213,"Yes"
49214,"No"
49215,"No"
49216,"No"
49217,"Yes"
49218,"No"
49219,"Yes"
49220,"No"
49221,"No"
49222,"Yes"
49223,"Yes"
49224,"Yes"
49225,"No"
49226,"No"
49227,"Yes"
49228,"Yes"
49229,"No"
49230,"No"
49231,"No"
49232,"No"
49233,"No"
49234,"No"
49235,"No"
49236,"Yes"
49237,"No"
49238,"No"
49239,"Yes"
49240,"No"
49241,"No"
49242,"No"
49243,"No"
49244,"Yes"
49245,"No"
49246,"No"
49247,"No"
49248,"Yes"
49249,"No"
49250,"No"
49251,"Yes"
49252,"No"
49253,"Yes"
49254,"Yes"
49255,"No"
49256,"No"
49257,"No"
49258,"Yes"
49259,"Yes"
49260,"No"
49261,"No"
49262,"Yes"
49263,"No"
49264,"No"
49265,"No"
49266,"Yes"
49267,"No"
49268,"Yes"
49269,"No"
49270,"No"
49271,"No"
49272,"No"
49273,"No"
49274,"No"
49275,"No"
49276,"No"
49277,"Yes"
49278,"No"
49279,"Yes"
49280,"Yes"
49281,"No"
49282,"No"
49283,"No"
49284,"Yes"
49285,"Yes"
49286,"No"
49287,"Yes"
49288,"No"
49289,"No"
49290,"Yes"
49291,"No"
49292,"No"
49293,"No"
49294,"No"
49295,"No"
49296,"No"
49297,"Yes"
49298,"No"
49299,"No"
49300,"No"
49301,"Yes"
49302,"No"
49303,"No"
49304,"No"
49305,"No"
49306,"No"
49307,"Yes"
49308,"No"
49309,"Yes"
49310,"Yes"
49311,"No"
49312,"Yes"
49313,"Yes"
49314,"Yes"
49315,"Yes"
49316,"No"
49317,"No"
49318,"No"
49319,"No"
49320,"Yes"
49321,"No"
49322,"No"
49323,"No"
49324,"No"
49325,"No"
49326,"Yes"
49327,"No"
49328,"Yes"
49329,"No"
49330,"Yes"
49331,"No"
49332,"No"
49333,"No"
49334,"No"
49335,"No"
49336,"No"
49337,"No"
49338,"Yes"
49339,"No"
49340,"No"
49341,"No"
49342,"Yes"
49343,"No"
49344,"No"
49345,"No"
49346,"No"
49347,"Yes"
49348,"No"
49349,"No"
49350,"Yes"
49351,"No"
49352,"Yes"
49353,"Yes"
49354,"No"
49355,"Yes"
49356,"Yes"
49357,"Yes"
49358,"Yes"
49359,"No"
49360,"Yes"
49361,"Yes"
49362,"Yes"
49363,"Yes"
49364,"No"
49365,"No"
49366,"No"
49367,"No"
49368,"No"
49369,"No"
49370,"No"
49371,"Yes"
49372,"Yes"
49373,"No"
49374,"No"
49375,"No"
49376,"No"
49377,"Yes"
49378,"No"
49379,"No"
49380,"No"
49381,"Yes"
49382,"No"
49383,"No"
49384,"Yes"
49385,"Yes"
49386,"Yes"
49387,"Yes"
49388,"Yes"
49389,"No"
49390,"No"
49391,"No"
49392,"Yes"
49393,"No"
49394,"No"
49395,"No"
49396,"No"
49397,"No"
49398,"No"
49399,"No"
49400,"Yes"
49401,"No"
49402,"No"
49403,"No"
49404,"No"
49405,"No"
49406,"Yes"
49407,"No"
49408,"No"
49409,"Yes"
49410,"Yes"
49411,"No"
49412,"No"
49413,"No"
49414,"Yes"
49415,"Yes"
49416,"Yes"
49417,"Yes"
49418,"Yes"
49419,"Yes"
49420,"No"
49421,"No"
49422,"No"
49423,"Yes"
49424,"Yes"
49425,"Yes"
49426,"No"
49427,"No"
49428,"No"
49429,"No"
49430,"No"
49431,"Yes"
49432,"No"
49433,"No"
49434,"Yes"
49435,"Yes"
49436,"Yes"
49437,"No"
49438,"No"
49439,"No"
49440,"No"
49441,"Yes"
49442,"Yes"
49443,"No"
49444,"No"
49445,"No"
49446,"No"
49447,"No"
49448,"No"
49449,"Yes"
49450,"No"
49451,"Yes"
49452,"No"
49453,"No"
49454,"No"
49455,"No"
49456,"No"
49457,"No"
49458,"No"
49459,"No"
49460,"Yes"
49461,"No"
49462,"No"
49463,"No"
49464,"Yes"
49465,"Yes"
49466,"Yes"
49467,"Yes"
49468,"No"
49469,"No"
49470,"Yes"
49471,"No"
49472,"No"
49473,"No"
49474,"Yes"
49475,"No"
49476,"No"
49477,"No"
49478,"No"
49479,"No"
49480,"No"
49481,"Yes"
49482,"Yes"
49483,"No"
49484,"No"
49485,"No"
49486,"No"
49487,"Yes"
49488,"No"
49489,"No"
49490,"No"
49491,"No"
49492,"No"
49493,"No"
49494,"No"
49495,"No"
49496,"No"
49497,"No"
49498,"No"
49499,"Yes"
49500,"Yes"
49501,"Yes"
49502,"No"
49503,"No"
49504,"No"
49505,"No"
49506,"No"
49507,"Yes"
49508,"No"
49509,"Yes"
49510,"No"
49511,"No"
49512,"No"
49513,"Yes"
49514,"No"
49515,"No"
49516,"No"
49517,"No"
49518,"Yes"
49519,"No"
49520,"Yes"
49521,"No"
49522,"No"
49523,"Yes"
49524,"No"
49525,"No"
49526,"No"
49527,"Yes"
49528,"No"
49529,"No"
49530,"Yes"
49531,"Yes"
49532,"No"
49533,"No"
49534,"No"
49535,"No"
49536,"No"
49537,"Yes"
49538,"No"
49539,"No"
49540,"No"
49541,"No"
49542,"No"
49543,"No"
49544,"Yes"
49545,"No"
49546,"No"
49547,"Yes"
49548,"No"
49549,"No"
49550,"Yes"
49551,"Yes"
49552,"No"
49553,"No"
49554,"Yes"
49555,"No"
49556,"No"
49557,"Yes"
49558,"No"
49559,"Yes"
49560,"No"
49561,"Yes"
49562,"Yes"
49563,"No"
49564,"No"
49565,"No"
49566,"No"
49567,"No"
49568,"No"
49569,"No"
49570,"No"
49571,"No"
49572,"Yes"
49573,"No"
49574,"Yes"
49575,"No"
49576,"No"
49577,"No"
49578,"No"
49579,"No"
49580,"No"
49581,"No"
49582,"No"
49583,"Yes"
49584,"Yes"
49585,"No"
49586,"No"
49587,"No"
49588,"No"
49589,"No"
49590,"No"
49591,"Yes"
49592,"Yes"
49593,"Yes"
49594,"No"
49595,"No"
49596,"Yes"
49597,"Yes"
49598,"No"
49599,"Yes"
49600,"No"
49601,"Yes"
49602,"Yes"
49603,"Yes"
49604,"Yes"
49605,"No"
49606,"Yes"
49607,"No"
49608,"No"
49609,"No"
49610,"No"
49611,"No"
49612,"No"
49613,"Yes"
49614,"Yes"
49615,"No"
49616,"No"
49617,"Yes"
49618,"No"
49619,"Yes"
49620,"No"
49621,"No"
49622,"Yes"
49623,"No"
49624,"No"
49625,"No"
49626,"No"
49627,"No"
49628,"Yes"
49629,"No"
49630,"Yes"
49631,"Yes"
49632,"Yes"
49633,"No"
49634,"Yes"
49635,"No"
49636,"Yes"
49637,"No"
49638,"No"
49639,"No"
49640,"No"
49641,"No"
49642,"No"
49643,"No"
49644,"Yes"
49645,"Yes"
49646,"No"
49647,"No"
49648,"No"
49649,"No"
49650,"No"
49651,"Yes"
49652,"No"
49653,"No"
49654,"Yes"
49655,"Yes"
49656,"Yes"
49657,"No"
49658,"No"
49659,"No"
49660,"No"
49661,"No"
49662,"Yes"
49663,"No"
49664,"Yes"
49665,"No"
49666,"Yes"
49667,"Yes"
49668,"No"
49669,"No"
49670,"No"
49671,"Yes"
49672,"Yes"
49673,"No"
49674,"No"
49675,"No"
49676,"Yes"
49677,"No"
49678,"No"
49679,"No"
49680,"Yes"
49681,"No"
49682,"No"
49683,"No"
49684,"No"
49685,"No"
49686,"No"
49687,"Yes"
49688,"No"
49689,"No"
49690,"Yes"
49691,"No"
49692,"No"
49693,"Yes"
49694,"No"
49695,"No"
49696,"No"
49697,"No"
49698,"No"
49699,"No"
49700,"No"
49701,"No"
49702,"No"
49703,"Yes"
49704,"No"
49705,"No"
49706,"Yes"
49707,"No"
49708,"No"
49709,"No"
49710,"No"
49711,"Yes"
49712,"No"
49713,"No"
49714,"Yes"
49715,"No"
49716,"No"
49717,"No"
49718,"No"
49719,"No"
49720,"No"
49721,"Yes"
49722,"No"
49723,"Yes"
49724,"No"
49725,"Yes"
49726,"Yes"
49727,"Yes"
49728,"No"
49729,"No"
49730,"Yes"
49731,"Yes"
49732,"No"
49733,"Yes"
49734,"No"
49735,"Yes"
49736,"Yes"
49737,"No"
49738,"No"
49739,"No"
49740,"No"
49741,"No"
49742,"No"
49743,"No"
49744,"No"
49745,"Yes"
49746,"Yes"
49747,"No"
49748,"No"
49749,"No"
49750,"No"
49751,"No"
49752,"No"
49753,"No"
49754,"No"
49755,"Yes"
49756,"No"
49757,"No"
49758,"No"
49759,"No"
49760,"No"
49761,"Yes"
49762,"No"
49763,"No"
49764,"No"
49765,"No"
49766,"Yes"
49767,"No"
49768,"No"
49769,"No"
49770,"Yes"
49771,"No"
49772,"No"
49773,"No"
49774,"Yes"
49775,"No"
49776,"No"
49777,"No"
49778,"No"
49779,"Yes"
49780,"No"
49781,"No"
49782,"No"
49783,"No"
49784,"Yes"
49785,"Yes"
49786,"No"
49787,"Yes"
49788,"Yes"
49789,"Yes"
49790,"No"
49791,"Yes"
49792,"No"
49793,"Yes"
49794,"No"
49795,"No"
49796,"No"
49797,"No"
49798,"No"
49799,"Yes"
49800,"No"
49801,"No"
49802,"No"
49803,"No"
49804,"Yes"
49805,"No"
49806,"No"
49807,"No"
49808,"Yes"
49809,"No"
49810,"No"
49811,"No"
49812,"No"
49813,"No"
49814,"Yes"
49815,"Yes"
49816,"Yes"
49817,"No"
49818,"No"
49819,"No"
49820,"No"
49821,"No"
49822,"No"
49823,"No"
49824,"No"
49825,"No"
49826,"No"
49827,"Yes"
49828,"No"
49829,"Yes"
49830,"No"
49831,"No"
49832,"No"
49833,"No"
49834,"No"
49835,"No"
49836,"No"
49837,"No"
49838,"Yes"
49839,"No"
49840,"No"
49841,"No"
49842,"Yes"
49843,"No"
49844,"Yes"
49845,"No"
49846,"No"
49847,"No"
49848,"No"
49849,"Yes"
49850,"No"
49851,"Yes"
49852,"No"
49853,"Yes"
49854,"No"
49855,"Yes"
49856,"No"
49857,"No"
49858,"No"
49859,"Yes"
49860,"No"
49861,"No"
49862,"Yes"
49863,"No"
49864,"No"
49865,"Yes"
49866,"Yes"
49867,"Yes"
49868,"No"
49869,"No"
49870,"No"
49871,"No"
49872,"No"
49873,"No"
49874,"No"
49875,"Yes"
49876,"Yes"
49877,"No"
49878,"No"
49879,"No"
49880,"No"
49881,"No"
49882,"Yes"
49883,"Yes"
49884,"No"
49885,"No"
49886,"No"
49887,"Yes"
49888,"No"
49889,"No"
49890,"Yes"
49891,"No"
49892,"No"
49893,"No"
49894,"No"
49895,"Yes"
49896,"No"
49897,"Yes"
49898,"Yes"
49899,"No"
49900,"Yes"
49901,"No"
49902,"No"
49903,"No"
49904,"No"
49905,"Yes"
49906,"Yes"
49907,"No"
49908,"Yes"
49909,"No"
49910,"No"
49911,"No"
49912,"No"
49913,"No"
49914,"No"
49915,"Yes"
49916,"No"
49917,"Yes"
49918,"No"
49919,"No"
49920,"No"
49921,"No"
49922,"No"
49923,"Yes"
49924,"Yes"
49925,"Yes"
49926,"No"
49927,"No"
49928,"No"
49929,"No"
49930,"Yes"
49931,"Yes"
49932,"Yes"
49933,"No"
49934,"No"
49935,"No"
49936,"No"
49937,"Yes"
49938,"Yes"
49939,"No"
49940,"No"
49941,"Yes"
49942,"No"
49943,"Yes"
49944,"No"
49945,"Yes"
49946,"Yes"
49947,"No"
49948,"Yes"
49949,"No"
49950,"No"
49951,"No"
49952,"No"
49953,"No"
49954,"Yes"
49955,"Yes"
49956,"No"
49957,"No"
49958,"Yes"
49959,"Yes"
49960,"Yes"
49961,"Yes"
49962,"No"
49963,"No"
49964,"Yes"
49965,"Yes"
49966,"No"
49967,"Yes"
49968,"No"
49969,"Yes"
49970,"No"
49971,"No"
49972,"No"
49973,"Yes"
49974,"No"
49975,"Yes"
49976,"No"
49977,"Yes"
49978,"No"
49979,"No"
49980,"Yes"
49981,"No"
49982,"Yes"
49983,"Yes"
49984,"Yes"
49985,"No"
49986,"No"
49987,"No"
49988,"No"
49989,"Yes"
49990,"No"
49991,"Yes"
49992,"Yes"
49993,"No"
49994,"Yes"
49995,"No"
49996,"No"
49997,"No"
49998,"No"
49999,"No"
50000,"Yes"
50001,"Yes"
50002,"No"
50003,"No"
50004,"No"
50005,"No"
50006,"Yes"
50007,"Yes"
50008,"No"
50009,"No"
50010,"Yes"
50011,"No"
50012,"Yes"
50013,"No"
50014,"Yes"
50015,"No"
50016,"No"
50017,"No"
50018,"No"
50019,"No"
50020,"Yes"
50021,"No"
50022,"No"
50023,"Yes"
50024,"No"
50025,"No"
50026,"No"
50027,"Yes"
50028,"No"
50029,"No"
50030,"Yes"
50031,"Yes"
50032,"Yes"
50033,"No"
50034,"No"
50035,"No"
50036,"Yes"
50037,"No"
50038,"No"
50039,"No"
50040,"No"
50041,"No"
50042,"No"
50043,"Yes"
50044,"No"
50045,"Yes"
50046,"No"
50047,"No"
50048,"No"
50049,"No"
50050,"Yes"
50051,"Yes"
50052,"No"
50053,"Yes"
50054,"No"
50055,"Yes"
50056,"No"
50057,"No"
50058,"Yes"
50059,"Yes"
50060,"No"
50061,"No"
50062,"Yes"
50063,"No"
50064,"Yes"
50065,"No"
50066,"No"
50067,"No"
50068,"No"
50069,"No"
50070,"No"
50071,"Yes"
50072,"No"
50073,"No"
50074,"No"
50075,"No"
50076,"No"
50077,"No"
50078,"No"
50079,"Yes"
50080,"No"
50081,"No"
50082,"No"
50083,"No"
50084,"No"
50085,"Yes"
50086,"No"
50087,"Yes"
50088,"No"
50089,"No"
50090,"No"
50091,"No"
50092,"No"
50093,"No"
50094,"No"
50095,"No"
50096,"No"
50097,"Yes"
50098,"No"
50099,"Yes"
50100,"Yes"
50101,"No"
50102,"No"
50103,"Yes"
50104,"Yes"
50105,"Yes"
50106,"Yes"
50107,"No"
50108,"No"
50109,"No"
50110,"No"
50111,"Yes"
50112,"No"
50113,"No"
50114,"No"
50115,"Yes"
50116,"Yes"
50117,"Yes"
50118,"Yes"
50119,"No"
50120,"No"
50121,"No"
50122,"No"
50123,"No"
50124,"No"
50125,"Yes"
50126,"Yes"
50127,"No"
50128,"No"
50129,"Yes"
50130,"No"
50131,"No"
50132,"No"
50133,"No"
50134,"No"
50135,"Yes"
50136,"No"
50137,"No"
50138,"No"
50139,"No"
50140,"No"
50141,"No"
50142,"No"
50143,"No"
50144,"Yes"
50145,"Yes"
50146,"No"
50147,"No"
50148,"No"
50149,"Yes"
50150,"No"
50151,"Yes"
50152,"No"
50153,"Yes"
50154,"Yes"
50155,"No"
50156,"Yes"
50157,"No"
50158,"No"
50159,"No"
50160,"No"
50161,"No"
50162,"No"
50163,"No"
50164,"No"
50165,"Yes"
50166,"No"
50167,"Yes"
50168,"Yes"
50169,"No"
50170,"Yes"
50171,"Yes"
50172,"No"
50173,"No"
50174,"No"
50175,"No"
50176,"No"
50177,"No"
50178,"No"
50179,"No"
50180,"Yes"
50181,"No"
50182,"Yes"
50183,"No"
50184,"No"
50185,"No"
50186,"Yes"
50187,"Yes"
50188,"No"
50189,"Yes"
50190,"No"
50191,"No"
50192,"No"
50193,"No"
50194,"No"
50195,"No"
50196,"Yes"
50197,"Yes"
50198,"No"
50199,"Yes"
50200,"No"
50201,"Yes"
50202,"No"
50203,"Yes"
50204,"Yes"
50205,"No"
50206,"No"
50207,"No"
50208,"No"
50209,"No"
50210,"Yes"
50211,"No"
50212,"No"
50213,"Yes"
50214,"No"
50215,"Yes"
50216,"No"
50217,"Yes"
50218,"No"
50219,"No"
50220,"No"
50221,"Yes"
50222,"No"
50223,"No"
50224,"No"
50225,"Yes"
50226,"No"
50227,"No"
50228,"No"
50229,"Yes"
50230,"No"
50231,"No"
50232,"Yes"
50233,"Yes"
50234,"No"
50235,"No"
50236,"No"
50237,"No"
50238,"No"
50239,"Yes"
50240,"No"
50241,"No"
50242,"No"
50243,"No"
50244,"No"
50245,"No"
50246,"No"
50247,"No"
50248,"Yes"
50249,"No"
50250,"No"
50251,"No"
50252,"No"
50253,"No"
50254,"Yes"
50255,"Yes"
50256,"No"
50257,"No"
50258,"No"
50259,"No"
50260,"No"
50261,"No"
50262,"Yes"
50263,"No"
50264,"No"
50265,"No"
50266,"No"
50267,"Yes"
50268,"No"
50269,"No"
50270,"Yes"
50271,"No"
50272,"No"
50273,"No"
50274,"No"
50275,"No"
50276,"No"
50277,"Yes"
50278,"No"
50279,"Yes"
50280,"Yes"
50281,"Yes"
50282,"No"
50283,"Yes"
50284,"No"
50285,"Yes"
50286,"No"
50287,"No"
50288,"No"
50289,"Yes"
50290,"Yes"
50291,"No"
50292,"No"
50293,"No"
50294,"No"
50295,"No"
50296,"No"
50297,"Yes"
50298,"No"
50299,"No"
50300,"No"
50301,"No"
50302,"No"
50303,"No"
50304,"No"
50305,"Yes"
50306,"No"
50307,"No"
50308,"No"
50309,"No"
50310,"Yes"
50311,"No"
50312,"No"
50313,"No"
50314,"No"
50315,"Yes"
50316,"Yes"
50317,"No"
50318,"No"
50319,"No"
50320,"Yes"
50321,"Yes"
50322,"No"
50323,"Yes"
50324,"No"
50325,"No"
50326,"No"
50327,"No"
50328,"No"
50329,"No"
50330,"No"
50331,"No"
50332,"No"
50333,"No"
50334,"No"
50335,"No"
50336,"Yes"
50337,"No"
50338,"No"
50339,"No"
50340,"Yes"
50341,"No"
50342,"No"
50343,"Yes"
50344,"No"
50345,"Yes"
50346,"No"
50347,"Yes"
50348,"Yes"
50349,"Yes"
50350,"No"
50351,"No"
50352,"No"
50353,"No"
50354,"Yes"
50355,"No"
50356,"No"
50357,"Yes"
50358,"Yes"
50359,"Yes"
50360,"No"
50361,"No"
50362,"Yes"
50363,"Yes"
50364,"No"
50365,"No"
50366,"Yes"
50367,"Yes"
50368,"No"
50369,"Yes"
50370,"No"
50371,"Yes"
50372,"No"
50373,"No"
50374,"No"
50375,"Yes"
50376,"No"
50377,"No"
50378,"No"
50379,"Yes"
50380,"Yes"
50381,"No"
50382,"Yes"
50383,"No"
50384,"No"
50385,"Yes"
50386,"Yes"
50387,"Yes"
50388,"No"
50389,"No"
50390,"Yes"
50391,"No"
50392,"No"
50393,"No"
50394,"Yes"
50395,"Yes"
50396,"Yes"
50397,"No"
50398,"Yes"
50399,"Yes"
50400,"No"
50401,"No"
50402,"No"
50403,"Yes"
50404,"Yes"
50405,"Yes"
50406,"No"
50407,"No"
50408,"No"
50409,"Yes"
50410,"No"
50411,"Yes"
50412,"No"
50413,"No"
50414,"No"
50415,"No"
50416,"Yes"
50417,"No"
50418,"No"
50419,"No"
50420,"No"
50421,"No"
50422,"No"
50423,"No"
50424,"No"
50425,"No"
50426,"No"
50427,"No"
50428,"No"
50429,"No"
50430,"No"
50431,"No"
50432,"No"
50433,"No"
50434,"No"
50435,"Yes"
50436,"No"
50437,"Yes"
50438,"No"
50439,"No"
50440,"No"
50441,"No"
50442,"Yes"
50443,"No"
50444,"No"
50445,"No"
50446,"Yes"
50447,"Yes"
50448,"No"
50449,"No"
50450,"Yes"
50451,"No"
50452,"No"
50453,"Yes"
50454,"Yes"
50455,"Yes"
50456,"No"
50457,"No"
50458,"No"
50459,"No"
50460,"No"
50461,"Yes"
50462,"Yes"
50463,"No"
50464,"Yes"
50465,"No"
50466,"Yes"
50467,"No"
50468,"Yes"
50469,"No"
50470,"No"
50471,"Yes"
50472,"No"
50473,"No"
50474,"No"
50475,"No"
50476,"Yes"
50477,"Yes"
50478,"No"
50479,"No"
50480,"No"
50481,"Yes"
50482,"No"
50483,"Yes"
50484,"Yes"
50485,"No"
50486,"No"
50487,"No"
50488,"Yes"
50489,"No"
50490,"No"
50491,"Yes"
50492,"No"
50493,"No"
50494,"No"
50495,"No"
50496,"Yes"
50497,"No"
50498,"No"
50499,"Yes"
50500,"No"
50501,"No"
50502,"No"
50503,"No"
50504,"No"
50505,"No"
50506,"No"
50507,"No"
50508,"No"
50509,"Yes"
50510,"No"
50511,"No"
50512,"Yes"
50513,"No"
50514,"Yes"
50515,"No"
50516,"Yes"
50517,"No"
50518,"Yes"
50519,"Yes"
50520,"No"
50521,"No"
50522,"No"
50523,"No"
50524,"Yes"
50525,"Yes"
50526,"No"
50527,"No"
50528,"No"
50529,"No"
50530,"No"
50531,"No"
50532,"No"
50533,"No"
50534,"No"
50535,"No"
50536,"No"
50537,"No"
50538,"No"
50539,"No"
50540,"No"
50541,"Yes"
50542,"No"
50543,"No"
50544,"No"
50545,"No"
50546,"No"
50547,"No"
50548,"No"
50549,"No"
50550,"Yes"
50551,"Yes"
50552,"No"
50553,"No"
50554,"No"
50555,"No"
50556,"No"
50557,"Yes"
50558,"No"
50559,"No"
50560,"No"
50561,"Yes"
50562,"No"
50563,"Yes"
50564,"No"
50565,"Yes"
50566,"No"
50567,"No"
50568,"Yes"
50569,"No"
50570,"No"
50571,"Yes"
50572,"No"
50573,"No"
50574,"No"
50575,"No"
50576,"No"
50577,"No"
50578,"No"
50579,"Yes"
50580,"No"
50581,"Yes"
50582,"No"
50583,"Yes"
50584,"No"
50585,"No"
50586,"No"
50587,"Yes"
50588,"Yes"
50589,"No"
50590,"No"
50591,"Yes"
50592,"Yes"
50593,"Yes"
50594,"No"
50595,"No"
50596,"Yes"
50597,"No"
50598,"No"
50599,"No"
50600,"Yes"
50601,"Yes"
50602,"Yes"
50603,"Yes"
50604,"No"
50605,"No"
50606,"Yes"
50607,"Yes"
50608,"No"
50609,"No"
50610,"No"
50611,"No"
50612,"No"
50613,"No"
50614,"No"
50615,"No"
50616,"No"
50617,"Yes"
50618,"Yes"
50619,"No"
50620,"Yes"
50621,"Yes"
50622,"No"
50623,"No"
50624,"No"
50625,"No"
50626,"No"
50627,"Yes"
50628,"No"
50629,"No"
50630,"No"
50631,"Yes"
50632,"No"
50633,"No"
50634,"No"
50635,"No"
50636,"Yes"
50637,"Yes"
50638,"No"
50639,"No"
50640,"Yes"
50641,"No"
50642,"No"
50643,"No"
50644,"No"
50645,"Yes"
50646,"No"
50647,"No"
50648,"No"
50649,"No"
50650,"No"
50651,"Yes"
50652,"Yes"
50653,"Yes"
50654,"No"
50655,"Yes"
50656,"No"
50657,"No"
50658,"Yes"
50659,"No"
50660,"Yes"
50661,"No"
50662,"Yes"
50663,"Yes"
50664,"No"
50665,"No"
50666,"No"
50667,"No"
50668,"No"
50669,"No"
50670,"No"
50671,"No"
50672,"Yes"
50673,"Yes"
50674,"Yes"
50675,"No"
50676,"No"
50677,"No"
50678,"No"
50679,"No"
50680,"Yes"
50681,"No"
50682,"No"
50683,"No"
50684,"No"
50685,"No"
50686,"No"
50687,"Yes"
50688,"No"
50689,"No"
50690,"No"
50691,"No"
50692,"No"
50693,"No"
50694,"No"
50695,"Yes"
50696,"No"
50697,"Yes"
50698,"Yes"
50699,"Yes"
50700,"Yes"
50701,"Yes"
50702,"Yes"
50703,"No"
50704,"Yes"
50705,"Yes"
50706,"No"
50707,"Yes"
50708,"Yes"
50709,"No"
50710,"Yes"
50711,"No"
50712,"No"
50713,"No"
50714,"No"
50715,"No"
50716,"Yes"
50717,"Yes"
50718,"No"
50719,"No"
50720,"Yes"
50721,"Yes"
50722,"No"
50723,"Yes"
50724,"No"
50725,"No"
50726,"Yes"
50727,"No"
50728,"No"
50729,"No"
50730,"No"
50731,"Yes"
50732,"Yes"
50733,"Yes"
50734,"No"
50735,"No"
50736,"Yes"
50737,"Yes"
50738,"No"
50739,"Yes"
50740,"Yes"
50741,"No"
50742,"No"
50743,"Yes"
50744,"No"
50745,"Yes"
50746,"No"
50747,"Yes"
50748,"No"
50749,"Yes"
50750,"No"
50751,"Yes"
50752,"No"
50753,"Yes"
50754,"No"
50755,"Yes"
50756,"Yes"
50757,"Yes"
50758,"No"
50759,"No"
50760,"Yes"
50761,"No"
50762,"Yes"
50763,"No"
50764,"Yes"
50765,"No"
50766,"Yes"
50767,"No"
50768,"No"
50769,"No"
50770,"No"
50771,"No"
50772,"No"
50773,"No"
50774,"No"
50775,"No"
50776,"Yes"
50777,"Yes"
50778,"No"
50779,"Yes"
50780,"No"
50781,"No"
50782,"No"
50783,"No"
50784,"No"
50785,"Yes"
50786,"No"
50787,"Yes"
50788,"Yes"
50789,"No"
50790,"No"
50791,"No"
50792,"Yes"
50793,"Yes"
50794,"Yes"
50795,"No"
50796,"Yes"
50797,"No"
50798,"Yes"
50799,"No"
50800,"No"
50801,"No"
50802,"Yes"
50803,"Yes"
50804,"Yes"
50805,"No"
50806,"No"
50807,"No"
50808,"Yes"
50809,"No"
50810,"No"
50811,"No"
50812,"No"
50813,"No"
50814,"Yes"
50815,"No"
50816,"No"
50817,"No"
50818,"Yes"
50819,"No"
50820,"No"
50821,"No"
50822,"Yes"
50823,"No"
50824,"No"
50825,"No"
50826,"Yes"
50827,"No"
50828,"Yes"
50829,"Yes"
50830,"No"
50831,"No"
50832,"No"
50833,"No"
50834,"No"
50835,"Yes"
50836,"No"
50837,"Yes"
50838,"No"
50839,"No"
50840,"No"
50841,"No"
50842,"No"
50843,"No"
50844,"Yes"
50845,"No"
50846,"No"
50847,"No"
50848,"Yes"
50849,"No"
50850,"No"
50851,"Yes"
50852,"No"
50853,"Yes"
50854,"Yes"
50855,"Yes"
50856,"Yes"
50857,"Yes"
50858,"No"
50859,"No"
50860,"No"
50861,"Yes"
50862,"No"
50863,"Yes"
50864,"Yes"
50865,"No"
50866,"No"
50867,"Yes"
50868,"Yes"
50869,"No"
50870,"No"
50871,"No"
50872,"No"
50873,"No"
50874,"No"
50875,"Yes"
50876,"No"
50877,"Yes"
50878,"No"
50879,"No"
50880,"No"
50881,"No"
50882,"Yes"
50883,"Yes"
50884,"No"
50885,"Yes"
50886,"No"
50887,"No"
50888,"Yes"
50889,"Yes"
50890,"Yes"
50891,"Yes"
50892,"No"
50893,"Yes"
50894,"No"
50895,"Yes"
50896,"No"
50897,"No"
50898,"Yes"
50899,"No"
50900,"No"
50901,"No"
50902,"Yes"
50903,"Yes"
50904,"No"
50905,"No"
50906,"No"
50907,"Yes"
50908,"No"
50909,"No"
50910,"No"
50911,"Yes"
50912,"No"
50913,"No"
50914,"No"
50915,"No"
50916,"No"
50917,"No"
50918,"No"
50919,"No"
50920,"No"
50921,"No"
50922,"No"
50923,"No"
50924,"No"
50925,"Yes"
50926,"No"
50927,"No"
50928,"No"
50929,"No"
50930,"Yes"
50931,"No"
50932,"No"
50933,"No"
50934,"No"
50935,"Yes"
50936,"No"
50937,"No"
50938,"No"
50939,"Yes"
50940,"No"
50941,"No"
50942,"Yes"
50943,"No"
50944,"Yes"
50945,"No"
50946,"No"
50947,"Yes"
50948,"No"
50949,"Yes"
50950,"Yes"
50951,"Yes"
50952,"No"
50953,"No"
50954,"Yes"
50955,"No"
50956,"No"
50957,"Yes"
50958,"No"
50959,"Yes"
50960,"Yes"
50961,"No"
50962,"No"
50963,"Yes"
50964,"No"
50965,"Yes"
50966,"No"
50967,"Yes"
50968,"Yes"
50969,"No"
50970,"Yes"
50971,"No"
50972,"No"
50973,"No"
50974,"No"
50975,"No"
50976,"Yes"
50977,"No"
50978,"Yes"
50979,"Yes"
50980,"No"
50981,"No"
50982,"No"
50983,"Yes"
50984,"No"
50985,"No"
50986,"No"
50987,"Yes"
50988,"No"
50989,"No"
50990,"Yes"
50991,"No"
50992,"No"
50993,"No"
50994,"No"
50995,"No"
50996,"Yes"
50997,"No"
50998,"No"
50999,"No"
51000,"Yes"
51001,"No"
51002,"No"
51003,"No"
51004,"No"
51005,"No"
51006,"No"
51007,"No"
51008,"No"
51009,"No"
51010,"No"
51011,"Yes"
51012,"No"
51013,"Yes"
51014,"No"
51015,"Yes"
51016,"No"
51017,"No"
51018,"Yes"
51019,"Yes"
51020,"No"
51021,"Yes"
51022,"No"
51023,"No"
51024,"No"
51025,"No"
51026,"Yes"
51027,"No"
51028,"Yes"
51029,"No"
51030,"No"
51031,"No"
51032,"No"
51033,"Yes"
51034,"Yes"
51035,"No"
51036,"No"
51037,"Yes"
51038,"Yes"
51039,"Yes"
51040,"Yes"
51041,"No"
51042,"No"
51043,"Yes"
51044,"No"
51045,"No"
51046,"No"
51047,"Yes"
51048,"Yes"
51049,"No"
51050,"No"
51051,"Yes"
51052,"Yes"
51053,"No"
51054,"Yes"
51055,"Yes"
51056,"Yes"
51057,"No"
51058,"No"
51059,"No"
51060,"Yes"
51061,"No"
51062,"No"
51063,"No"
51064,"No"
51065,"Yes"
51066,"No"
51067,"No"
51068,"Yes"
51069,"No"
51070,"No"
51071,"Yes"
51072,"No"
51073,"No"
51074,"No"
51075,"No"
51076,"No"
51077,"No"
51078,"Yes"
51079,"No"
51080,"Yes"
51081,"No"
51082,"No"
51083,"Yes"
51084,"No"
51085,"No"
51086,"No"
51087,"No"
51088,"No"
51089,"Yes"
51090,"No"
51091,"Yes"
51092,"Yes"
51093,"No"
51094,"No"
51095,"Yes"
51096,"No"
51097,"No"
51098,"No"
51099,"No"
51100,"No"
51101,"Yes"
51102,"Yes"
51103,"Yes"
51104,"No"
51105,"No"
51106,"No"
51107,"No"
51108,"No"
51109,"Yes"
51110,"No"
51111,"No"
51112,"No"
51113,"No"
51114,"No"
51115,"No"
51116,"Yes"
51117,"Yes"
51118,"No"
51119,"Yes"
51120,"Yes"
51121,"No"
51122,"No"
51123,"Yes"
51124,"No"
51125,"Yes"
51126,"No"
51127,"Yes"
51128,"No"
51129,"Yes"
51130,"No"
51131,"No"
51132,"Yes"
51133,"No"
51134,"No"
51135,"Yes"
51136,"Yes"
51137,"No"
51138,"No"
51139,"Yes"
51140,"Yes"
51141,"Yes"
51142,"No"
51143,"Yes"
51144,"Yes"
51145,"Yes"
51146,"No"
51147,"No"
51148,"No"
51149,"No"
51150,"No"
51151,"No"
51152,"No"
51153,"Yes"
51154,"No"
51155,"No"
51156,"No"
51157,"No"
51158,"Yes"
51159,"No"
51160,"No"
51161,"No"
51162,"No"
51163,"No"
51164,"No"
51165,"Yes"
51166,"No"
51167,"No"
51168,"No"
51169,"Yes"
51170,"No"
51171,"Yes"
51172,"Yes"
51173,"Yes"
51174,"No"
51175,"No"
51176,"No"
51177,"Yes"
51178,"No"
51179,"No"
51180,"No"
51181,"No"
51182,"Yes"
51183,"No"
51184,"Yes"
51185,"No"
51186,"No"
51187,"No"
51188,"No"
51189,"Yes"
51190,"No"
51191,"No"
51192,"No"
51193,"Yes"
51194,"Yes"
51195,"No"
51196,"No"
51197,"No"
51198,"No"
51199,"No"
51200,"Yes"
51201,"No"
51202,"No"
51203,"No"
51204,"No"
51205,"No"
51206,"Yes"
51207,"Yes"
51208,"No"
51209,"No"
51210,"No"
51211,"No"
51212,"No"
51213,"Yes"
51214,"No"
51215,"Yes"
51216,"No"
51217,"No"
51218,"No"
51219,"Yes"
51220,"No"
51221,"No"
51222,"No"
51223,"No"
51224,"No"
51225,"No"
51226,"No"
51227,"No"
51228,"No"
51229,"Yes"
51230,"No"
51231,"Yes"
51232,"Yes"
51233,"No"
51234,"Yes"
51235,"No"
51236,"No"
51237,"No"
51238,"No"
51239,"Yes"
51240,"No"
51241,"Yes"
51242,"Yes"
51243,"No"
51244,"Yes"
51245,"Yes"
51246,"Yes"
51247,"No"
51248,"No"
51249,"No"
51250,"No"
51251,"No"
51252,"No"
51253,"No"
51254,"Yes"
51255,"No"
51256,"No"
51257,"Yes"
51258,"Yes"
51259,"No"
51260,"No"
51261,"No"
51262,"No"
51263,"No"
51264,"Yes"
51265,"Yes"
51266,"Yes"
51267,"No"
51268,"No"
51269,"Yes"
51270,"Yes"
51271,"No"
51272,"No"
51273,"No"
51274,"No"
51275,"No"
51276,"Yes"
51277,"No"
51278,"No"
51279,"No"
51280,"No"
51281,"No"
51282,"No"
51283,"No"
51284,"No"
51285,"Yes"
51286,"Yes"
51287,"No"
51288,"Yes"
51289,"Yes"
51290,"No"
51291,"No"
51292,"No"
51293,"No"
51294,"Yes"
51295,"No"
51296,"No"
51297,"No"
51298,"No"
51299,"Yes"
51300,"Yes"
51301,"No"
51302,"No"
51303,"No"
51304,"No"
51305,"Yes"
51306,"No"
51307,"No"
51308,"Yes"
51309,"Yes"
51310,"No"
51311,"No"
51312,"Yes"
51313,"No"
51314,"No"
51315,"No"
51316,"No"
51317,"No"
51318,"No"
51319,"No"
51320,"No"
51321,"No"
51322,"Yes"
51323,"No"
51324,"Yes"
51325,"No"
51326,"Yes"
51327,"No"
51328,"No"
51329,"No"
51330,"No"
51331,"No"
51332,"No"
51333,"No"
51334,"Yes"
51335,"Yes"
51336,"No"
51337,"No"
51338,"No"
51339,"Yes"
51340,"No"
51341,"No"
51342,"No"
51343,"No"
51344,"No"
51345,"No"
51346,"No"
51347,"No"
51348,"No"
51349,"Yes"
51350,"No"
51351,"Yes"
51352,"No"
51353,"No"
51354,"No"
51355,"No"
51356,"No"
51357,"No"
51358,"No"
51359,"Yes"
51360,"Yes"
51361,"No"
51362,"No"
51363,"Yes"
51364,"No"
51365,"No"
51366,"No"
51367,"No"
51368,"Yes"
51369,"No"
51370,"No"
51371,"No"
51372,"No"
51373,"No"
51374,"No"
51375,"No"
51376,"No"
51377,"Yes"
51378,"No"
51379,"Yes"
51380,"No"
51381,"No"
51382,"Yes"
51383,"Yes"
51384,"Yes"
51385,"Yes"
51386,"No"
51387,"No"
51388,"Yes"
51389,"Yes"
51390,"Yes"
51391,"No"
51392,"Yes"
51393,"No"
51394,"No"
51395,"Yes"
51396,"Yes"
51397,"Yes"
51398,"No"
51399,"Yes"
51400,"No"
51401,"No"
51402,"Yes"
51403,"No"
51404,"No"
51405,"No"
51406,"Yes"
51407,"No"
51408,"No"
51409,"Yes"
51410,"No"
51411,"No"
51412,"No"
51413,"No"
51414,"Yes"
51415,"Yes"
51416,"No"
51417,"Yes"
51418,"No"
51419,"No"
51420,"No"
51421,"No"
51422,"Yes"
51423,"No"
51424,"No"
51425,"Yes"
51426,"Yes"
51427,"No"
51428,"Yes"
51429,"No"
51430,"No"
51431,"No"
51432,"Yes"
51433,"No"
51434,"No"
51435,"Yes"
51436,"Yes"
51437,"Yes"
51438,"No"
51439,"No"
51440,"No"
51441,"No"
51442,"No"
51443,"No"
51444,"Yes"
51445,"Yes"
51446,"No"
51447,"Yes"
51448,"Yes"
51449,"No"
51450,"No"
51451,"No"
51452,"No"
51453,"No"
51454,"No"
51455,"No"
51456,"No"
51457,"No"
51458,"Yes"
51459,"No"
51460,"Yes"
51461,"No"
51462,"No"
51463,"No"
51464,"Yes"
51465,"No"
51466,"Yes"
51467,"Yes"
51468,"No"
51469,"No"
51470,"Yes"
51471,"Yes"
51472,"Yes"
51473,"No"
51474,"No"
51475,"No"
51476,"Yes"
51477,"No"
51478,"No"
51479,"No"
51480,"No"
51481,"No"
51482,"No"
51483,"No"
51484,"No"
51485,"Yes"
51486,"No"
51487,"No"
51488,"No"
51489,"No"
51490,"No"
51491,"Yes"
51492,"Yes"
51493,"Yes"
51494,"No"
51495,"Yes"
51496,"Yes"
51497,"No"
51498,"No"
51499,"No"
51500,"No"
51501,"Yes"
51502,"No"
51503,"Yes"
51504,"No"
51505,"No"
51506,"Yes"
51507,"No"
51508,"Yes"
51509,"No"
51510,"Yes"
51511,"Yes"
51512,"No"
51513,"Yes"
51514,"No"
51515,"No"
51516,"Yes"
51517,"Yes"
51518,"Yes"
51519,"No"
51520,"No"
51521,"No"
51522,"No"
51523,"No"
51524,"Yes"
51525,"Yes"
51526,"No"
51527,"Yes"
51528,"No"
51529,"No"
51530,"Yes"
51531,"Yes"
51532,"Yes"
51533,"No"
51534,"No"
51535,"No"
51536,"No"
51537,"No"
51538,"Yes"
51539,"No"
51540,"No"
51541,"No"
51542,"No"
51543,"Yes"
51544,"No"
51545,"Yes"
51546,"Yes"
51547,"Yes"
51548,"No"
51549,"Yes"
51550,"No"
51551,"No"
51552,"Yes"
51553,"Yes"
51554,"No"
51555,"Yes"
51556,"No"
51557,"No"
51558,"Yes"
51559,"No"
51560,"Yes"
51561,"No"
51562,"No"
51563,"No"
51564,"Yes"
51565,"No"
51566,"No"
51567,"No"
51568,"No"
51569,"No"
51570,"No"
51571,"Yes"
51572,"No"
51573,"No"
51574,"No"
51575,"No"
51576,"No"
51577,"Yes"
51578,"No"
51579,"No"
51580,"Yes"
51581,"No"
51582,"No"
51583,"Yes"
51584,"No"
51585,"No"
51586,"Yes"
51587,"No"
51588,"No"
51589,"No"
51590,"No"
51591,"No"
51592,"Yes"
51593,"No"
51594,"No"
51595,"No"
51596,"Yes"
51597,"No"
51598,"No"
51599,"No"
51600,"No"
51601,"Yes"
51602,"No"
51603,"No"
51604,"No"
51605,"No"
51606,"Yes"
51607,"No"
51608,"No"
51609,"No"
51610,"Yes"
51611,"No"
51612,"Yes"
51613,"Yes"
51614,"No"
51615,"No"
51616,"No"
51617,"Yes"
51618,"Yes"
51619,"No"
51620,"Yes"
51621,"No"
51622,"No"
51623,"No"
51624,"No"
51625,"Yes"
51626,"Yes"
51627,"No"
51628,"No"
51629,"No"
51630,"No"
51631,"No"
51632,"No"
51633,"Yes"
51634,"Yes"
51635,"No"
51636,"No"
51637,"No"
51638,"No"
51639,"No"
51640,"No"
51641,"No"
51642,"Yes"
51643,"No"
51644,"No"
51645,"No"
51646,"No"
51647,"No"
51648,"Yes"
51649,"No"
51650,"No"
51651,"No"
51652,"Yes"
51653,"No"
51654,"Yes"
51655,"Yes"
51656,"Yes"
51657,"No"
51658,"No"
51659,"No"
51660,"Yes"
51661,"Yes"
51662,"Yes"
51663,"No"
51664,"No"
51665,"No"
51666,"No"
51667,"No"
51668,"No"
51669,"No"
51670,"No"
51671,"No"
51672,"No"
51673,"Yes"
51674,"No"
51675,"No"
51676,"Yes"
51677,"No"
51678,"No"
51679,"No"
51680,"No"
51681,"No"
51682,"Yes"
51683,"No"
51684,"No"
51685,"No"
51686,"No"
51687,"Yes"
51688,"No"
51689,"No"
51690,"Yes"
51691,"No"
51692,"Yes"
51693,"Yes"
51694,"No"
51695,"Yes"
51696,"No"
51697,"No"
51698,"No"
51699,"No"
51700,"Yes"
51701,"No"
51702,"No"
51703,"No"
51704,"Yes"
51705,"No"
51706,"No"
51707,"No"
51708,"No"
51709,"Yes"
51710,"No"
51711,"Yes"
51712,"No"
51713,"No"
51714,"No"
51715,"Yes"
51716,"No"
51717,"No"
51718,"Yes"
51719,"No"
51720,"No"
51721,"No"
51722,"Yes"
51723,"No"
51724,"Yes"
51725,"No"
51726,"Yes"
51727,"Yes"
51728,"No"
51729,"No"
51730,"Yes"
51731,"No"
51732,"No"
51733,"Yes"
51734,"Yes"
51735,"No"
51736,"No"
51737,"No"
51738,"Yes"
51739,"No"
51740,"No"
51741,"No"
51742,"No"
51743,"No"
51744,"Yes"
51745,"Yes"
51746,"No"
51747,"No"
51748,"No"
51749,"No"
51750,"No"
51751,"Yes"
51752,"No"
51753,"No"
51754,"Yes"
51755,"No"
51756,"No"
51757,"No"
51758,"No"
51759,"Yes"
51760,"No"
51761,"No"
51762,"No"
51763,"No"
51764,"No"
51765,"No"
51766,"No"
51767,"No"
51768,"No"
51769,"No"
51770,"No"
51771,"No"
51772,"No"
51773,"No"
51774,"Yes"
51775,"Yes"
51776,"No"
51777,"No"
51778,"Yes"
51779,"No"
51780,"Yes"
51781,"No"
51782,"No"
51783,"Yes"
51784,"No"
51785,"No"
51786,"Yes"
51787,"No"
51788,"Yes"
51789,"Yes"
51790,"No"
51791,"No"
51792,"No"
51793,"No"
51794,"No"
51795,"Yes"
51796,"Yes"
51797,"No"
51798,"Yes"
51799,"No"
51800,"No"
51801,"Yes"
51802,"Yes"
51803,"Yes"
51804,"No"
51805,"No"
51806,"Yes"
51807,"No"
51808,"No"
51809,"No"
51810,"No"
51811,"No"
51812,"No"
51813,"No"
51814,"Yes"
51815,"No"
51816,"No"
51817,"No"
51818,"No"
51819,"No"
51820,"No"
51821,"No"
51822,"No"
51823,"No"
51824,"No"
51825,"No"
51826,"Yes"
51827,"No"
51828,"No"
51829,"No"
51830,"No"
51831,"Yes"
51832,"Yes"
51833,"Yes"
51834,"No"
51835,"No"
51836,"Yes"
51837,"No"
51838,"No"
51839,"No"
51840,"No"
51841,"No"
51842,"Yes"
51843,"No"
51844,"No"
51845,"Yes"
51846,"No"
51847,"Yes"
51848,"No"
51849,"Yes"
51850,"No"
51851,"No"
51852,"No"
51853,"No"
51854,"No"
51855,"No"
51856,"Yes"
51857,"No"
51858,"Yes"
51859,"Yes"
51860,"No"
51861,"Yes"
51862,"Yes"
51863,"No"
51864,"Yes"
51865,"No"
51866,"Yes"
51867,"No"
51868,"Yes"
51869,"Yes"
51870,"Yes"
51871,"No"
51872,"No"
51873,"No"
51874,"No"
51875,"Yes"
51876,"Yes"
51877,"No"
51878,"No"
51879,"No"
51880,"No"
51881,"Yes"
51882,"No"
51883,"Yes"
51884,"Yes"
51885,"Yes"
51886,"No"
51887,"Yes"
51888,"No"
51889,"No"
51890,"Yes"
51891,"No"
51892,"No"
51893,"Yes"
51894,"Yes"
51895,"No"
51896,"No"
51897,"No"
51898,"No"
51899,"Yes"
51900,"No"
51901,"Yes"
51902,"No"
51903,"Yes"
51904,"No"
51905,"Yes"
51906,"No"
51907,"No"
51908,"No"
51909,"No"
51910,"No"
51911,"No"
51912,"No"
51913,"Yes"
51914,"No"
51915,"No"
51916,"Yes"
51917,"Yes"
51918,"No"
51919,"Yes"
51920,"No"
51921,"No"
51922,"No"
51923,"Yes"
51924,"Yes"
51925,"No"
51926,"Yes"
51927,"No"
51928,"No"
51929,"No"
51930,"No"
51931,"Yes"
51932,"No"
51933,"Yes"
51934,"No"
51935,"No"
51936,"No"
51937,"No"
51938,"Yes"
51939,"No"
51940,"No"
51941,"No"
51942,"No"
51943,"Yes"
51944,"Yes"
51945,"No"
51946,"No"
51947,"No"
51948,"No"
51949,"No"
51950,"No"
51951,"No"
51952,"No"
51953,"No"
51954,"No"
51955,"No"
51956,"Yes"
51957,"Yes"
51958,"Yes"
51959,"No"
51960,"No"
51961,"No"
51962,"No"
51963,"No"
51964,"No"
51965,"No"
51966,"No"
51967,"No"
51968,"Yes"
51969,"No"
51970,"No"
51971,"Yes"
51972,"No"
51973,"No"
51974,"No"
51975,"Yes"
51976,"No"
51977,"Yes"
51978,"No"
51979,"No"
51980,"No"
51981,"Yes"
51982,"No"
51983,"No"
51984,"Yes"
51985,"No"
51986,"Yes"
51987,"No"
51988,"Yes"
51989,"No"
51990,"Yes"
51991,"Yes"
51992,"No"
51993,"No"
51994,"No"
51995,"No"
51996,"No"
51997,"Yes"
51998,"No"
51999,"Yes"
52000,"Yes"
52001,"No"
52002,"Yes"
52003,"No"
52004,"No"
52005,"No"
52006,"Yes"
52007,"No"
52008,"No"
52009,"No"
52010,"Yes"
52011,"Yes"
52012,"No"
52013,"No"
52014,"Yes"
52015,"No"
52016,"No"
52017,"No"
52018,"No"
52019,"Yes"
52020,"No"
52021,"No"
52022,"Yes"
52023,"No"
52024,"No"
52025,"No"
52026,"Yes"
52027,"No"
52028,"No"
52029,"Yes"
52030,"Yes"
52031,"No"
52032,"No"
52033,"Yes"
52034,"No"
52035,"Yes"
52036,"No"
52037,"No"
52038,"No"
52039,"No"
52040,"No"
52041,"No"
52042,"No"
52043,"Yes"
52044,"No"
52045,"No"
52046,"No"
52047,"No"
52048,"No"
52049,"Yes"
52050,"No"
52051,"Yes"
52052,"Yes"
52053,"No"
52054,"Yes"
52055,"No"
52056,"Yes"
52057,"Yes"
52058,"No"
52059,"No"
52060,"No"
52061,"No"
52062,"No"
52063,"No"
52064,"Yes"
52065,"No"
52066,"No"
52067,"No"
52068,"No"
52069,"No"
52070,"No"
52071,"No"
52072,"No"
52073,"Yes"
52074,"No"
52075,"Yes"
52076,"No"
52077,"No"
52078,"No"
52079,"No"
52080,"No"
52081,"Yes"
52082,"No"
52083,"Yes"
52084,"No"
52085,"No"
52086,"No"
52087,"No"
52088,"No"
52089,"No"
52090,"No"
52091,"No"
52092,"Yes"
52093,"No"
52094,"No"
52095,"Yes"
52096,"No"
52097,"Yes"
52098,"No"
52099,"No"
52100,"Yes"
52101,"No"
52102,"No"
52103,"No"
52104,"No"
52105,"No"
52106,"Yes"
52107,"Yes"
52108,"No"
52109,"No"
52110,"No"
52111,"No"
52112,"No"
52113,"No"
52114,"No"
52115,"Yes"
52116,"No"
52117,"No"
52118,"Yes"
52119,"Yes"
52120,"Yes"
52121,"Yes"
52122,"No"
52123,"Yes"
52124,"No"
52125,"No"
52126,"Yes"
52127,"No"
52128,"No"
52129,"No"
52130,"No"
52131,"Yes"
52132,"No"
52133,"No"
52134,"No"
52135,"No"
52136,"No"
52137,"Yes"
52138,"No"
52139,"No"
52140,"No"
52141,"No"
52142,"No"
52143,"No"
52144,"Yes"
52145,"Yes"
52146,"Yes"
52147,"No"
52148,"No"
52149,"No"
52150,"No"
52151,"No"
52152,"No"
52153,"Yes"
52154,"No"
52155,"No"
52156,"Yes"
52157,"No"
52158,"No"
52159,"Yes"
52160,"No"
52161,"Yes"
52162,"No"
52163,"No"
52164,"No"
52165,"No"
52166,"No"
52167,"Yes"
52168,"No"
52169,"Yes"
52170,"No"
52171,"Yes"
52172,"Yes"
52173,"No"
52174,"No"
52175,"No"
52176,"No"
52177,"Yes"
52178,"Yes"
52179,"Yes"
52180,"No"
52181,"Yes"
52182,"No"
52183,"No"
52184,"Yes"
52185,"No"
52186,"Yes"
52187,"No"
52188,"No"
52189,"Yes"
52190,"Yes"
52191,"Yes"
52192,"No"
52193,"No"
52194,"No"
52195,"No"
52196,"Yes"
52197,"No"
52198,"No"
52199,"No"
52200,"No"
52201,"Yes"
52202,"No"
52203,"Yes"
52204,"No"
52205,"No"
52206,"No"
52207,"No"
52208,"No"
52209,"Yes"
52210,"No"
52211,"Yes"
52212,"No"
52213,"Yes"
52214,"Yes"
52215,"No"
52216,"No"
52217,"No"
52218,"No"
52219,"No"
52220,"No"
52221,"No"
52222,"Yes"
52223,"No"
52224,"Yes"
52225,"Yes"
52226,"No"
52227,"No"
52228,"No"
52229,"Yes"
52230,"No"
52231,"Yes"
52232,"No"
52233,"Yes"
52234,"No"
52235,"Yes"
52236,"Yes"
52237,"No"
52238,"No"
52239,"Yes"
52240,"Yes"
52241,"No"
52242,"No"
52243,"No"
52244,"Yes"
52245,"No"
52246,"Yes"
52247,"No"
52248,"No"
52249,"Yes"
52250,"No"
52251,"No"
52252,"Yes"
52253,"No"
52254,"No"
52255,"No"
52256,"No"
52257,"Yes"
52258,"No"
52259,"Yes"
52260,"No"
52261,"No"
52262,"No"
52263,"Yes"
52264,"No"
52265,"No"
52266,"Yes"
52267,"No"
52268,"No"
52269,"No"
52270,"Yes"
52271,"No"
52272,"No"
52273,"Yes"
52274,"No"
52275,"Yes"
52276,"No"
52277,"No"
52278,"No"
52279,"No"
52280,"No"
52281,"Yes"
52282,"No"
52283,"Yes"
52284,"No"
52285,"Yes"
52286,"Yes"
52287,"Yes"
52288,"No"
52289,"No"
52290,"Yes"
52291,"Yes"
52292,"Yes"
52293,"Yes"
52294,"No"
52295,"No"
52296,"No"
52297,"Yes"
52298,"No"
52299,"No"
52300,"No"
52301,"No"
52302,"No"
52303,"Yes"
52304,"Yes"
52305,"Yes"
52306,"No"
52307,"No"
52308,"No"
52309,"No"
52310,"Yes"
52311,"No"
52312,"No"
52313,"No"
52314,"No"
52315,"No"
52316,"No"
52317,"No"
52318,"No"
52319,"No"
52320,"No"
52321,"No"
52322,"No"
52323,"No"
52324,"Yes"
52325,"Yes"
52326,"No"
52327,"No"
52328,"No"
52329,"No"
52330,"No"
52331,"No"
52332,"Yes"
52333,"No"
52334,"No"
52335,"No"
52336,"No"
52337,"Yes"
52338,"No"
52339,"No"
52340,"No"
52341,"No"
52342,"No"
52343,"No"
52344,"No"
52345,"No"
52346,"No"
52347,"No"
52348,"No"
52349,"No"
52350,"No"
52351,"Yes"
52352,"Yes"
52353,"No"
52354,"No"
52355,"No"
52356,"No"
52357,"No"
52358,"Yes"
52359,"Yes"
52360,"No"
52361,"No"
52362,"No"
52363,"No"
52364,"No"
52365,"No"
52366,"No"
52367,"No"
52368,"No"
52369,"No"
52370,"No"
52371,"No"
52372,"No"
52373,"No"
52374,"Yes"
52375,"No"
52376,"No"
52377,"No"
52378,"No"
52379,"Yes"
52380,"No"
52381,"No"
52382,"No"
52383,"Yes"
52384,"No"
52385,"No"
52386,"No"
52387,"Yes"
52388,"No"
52389,"Yes"
52390,"No"
52391,"No"
52392,"No"
52393,"No"
52394,"No"
52395,"No"
52396,"No"
52397,"Yes"
52398,"No"
52399,"No"
52400,"No"
52401,"No"
52402,"No"
52403,"No"
52404,"Yes"
52405,"No"
52406,"Yes"
52407,"No"
52408,"Yes"
52409,"No"
52410,"Yes"
52411,"No"
52412,"No"
52413,"Yes"
52414,"Yes"
52415,"No"
52416,"Yes"
52417,"No"
52418,"No"
52419,"Yes"
52420,"No"
52421,"No"
52422,"No"
52423,"No"
52424,"Yes"
52425,"Yes"
52426,"No"
52427,"No"
52428,"No"
52429,"No"
52430,"No"
52431,"Yes"
52432,"Yes"
52433,"No"
52434,"No"
52435,"Yes"
52436,"No"
52437,"Yes"
52438,"No"
52439,"Yes"
52440,"No"
52441,"No"
52442,"No"
52443,"Yes"
52444,"Yes"
52445,"No"
52446,"No"
52447,"Yes"
52448,"Yes"
52449,"No"
52450,"No"
52451,"Yes"
52452,"No"
52453,"No"
52454,"Yes"
52455,"No"
52456,"No"
52457,"No"
52458,"Yes"
52459,"Yes"
52460,"No"
52461,"No"
52462,"Yes"
52463,"Yes"
52464,"Yes"
52465,"No"
52466,"No"
52467,"Yes"
52468,"No"
52469,"Yes"
52470,"No"
52471,"No"
52472,"No"
52473,"No"
52474,"No"
52475,"No"
52476,"No"
52477,"No"
52478,"Yes"
52479,"No"
52480,"No"
52481,"No"
52482,"No"
52483,"No"
52484,"No"
52485,"Yes"
52486,"Yes"
52487,"Yes"
52488,"No"
52489,"No"
52490,"No"
52491,"No"
52492,"Yes"
52493,"Yes"
52494,"Yes"
52495,"No"
52496,"Yes"
52497,"No"
52498,"Yes"
52499,"No"
52500,"No"
52501,"Yes"
52502,"Yes"
52503,"No"
52504,"No"
52505,"Yes"
52506,"Yes"
52507,"No"
52508,"Yes"
52509,"No"
52510,"Yes"
52511,"No"
52512,"No"
52513,"No"
52514,"Yes"
52515,"No"
52516,"No"
52517,"No"
52518,"No"
52519,"No"
52520,"No"
52521,"Yes"
52522,"No"
52523,"Yes"
52524,"No"
52525,"No"
52526,"No"
52527,"No"
52528,"No"
52529,"No"
52530,"No"
52531,"Yes"
52532,"No"
52533,"No"
52534,"Yes"
52535,"No"
52536,"No"
52537,"No"
52538,"No"
52539,"No"
52540,"No"
52541,"No"
52542,"No"
52543,"No"
52544,"No"
52545,"Yes"
52546,"No"
52547,"No"
52548,"No"
52549,"No"
52550,"No"
52551,"Yes"
52552,"No"
52553,"No"
52554,"No"
52555,"No"
52556,"No"
52557,"No"
52558,"Yes"
52559,"No"
52560,"No"
52561,"No"
52562,"No"
52563,"No"
52564,"Yes"
52565,"Yes"
52566,"No"
52567,"Yes"
52568,"Yes"
52569,"No"
52570,"Yes"
52571,"No"
52572,"No"
52573,"No"
52574,"No"
52575,"Yes"
52576,"No"
52577,"Yes"
52578,"No"
52579,"Yes"
52580,"Yes"
52581,"Yes"
52582,"No"
52583,"Yes"
52584,"No"
52585,"No"
52586,"No"
52587,"No"
52588,"No"
52589,"Yes"
52590,"No"
52591,"No"
52592,"No"
52593,"No"
52594,"No"
52595,"Yes"
52596,"No"
52597,"No"
52598,"No"
52599,"No"
52600,"No"
52601,"No"
52602,"Yes"
52603,"No"
52604,"No"
52605,"No"
52606,"No"
52607,"No"
52608,"No"
52609,"No"
52610,"Yes"
52611,"No"
52612,"No"
52613,"No"
52614,"No"
52615,"No"
52616,"No"
52617,"Yes"
52618,"No"
52619,"Yes"
52620,"No"
52621,"Yes"
52622,"Yes"
52623,"No"
52624,"No"
52625,"No"
52626,"No"
52627,"No"
52628,"Yes"
52629,"No"
52630,"Yes"
52631,"No"
52632,"No"
52633,"No"
52634,"Yes"
52635,"No"
52636,"Yes"
52637,"No"
52638,"No"
52639,"Yes"
52640,"No"
52641,"No"
52642,"No"
52643,"Yes"
52644,"No"
52645,"Yes"
52646,"No"
52647,"No"
52648,"No"
52649,"Yes"
52650,"No"
52651,"No"
52652,"No"
52653,"No"
52654,"Yes"
52655,"No"
52656,"No"
52657,"No"
52658,"No"
52659,"No"
52660,"No"
52661,"No"
52662,"Yes"
52663,"No"
52664,"No"
52665,"No"
52666,"No"
52667,"No"
52668,"No"
52669,"No"
52670,"No"
52671,"Yes"
52672,"Yes"
52673,"No"
52674,"No"
52675,"No"
52676,"Yes"
52677,"Yes"
52678,"No"
52679,"No"
52680,"No"
52681,"No"
52682,"No"
52683,"No"
52684,"Yes"
52685,"No"
52686,"Yes"
52687,"Yes"
52688,"No"
52689,"No"
52690,"Yes"
52691,"No"
52692,"Yes"
52693,"No"
52694,"No"
52695,"No"
52696,"No"
52697,"No"
52698,"Yes"
52699,"No"
52700,"No"
52701,"Yes"
52702,"Yes"
52703,"No"
52704,"No"
52705,"Yes"
52706,"No"
52707,"Yes"
52708,"Yes"
52709,"Yes"
52710,"No"
52711,"No"
52712,"No"
52713,"No"
52714,"Yes"
52715,"No"
52716,"No"
52717,"No"
52718,"No"
52719,"Yes"
52720,"No"
52721,"No"
52722,"No"
52723,"Yes"
52724,"Yes"
52725,"Yes"
52726,"No"
52727,"Yes"
52728,"No"
52729,"No"
52730,"Yes"
52731,"Yes"
52732,"No"
52733,"Yes"
52734,"No"
52735,"No"
52736,"No"
52737,"No"
52738,"No"
52739,"Yes"
52740,"Yes"
52741,"Yes"
52742,"No"
52743,"No"
52744,"No"
52745,"No"
52746,"Yes"
52747,"No"
52748,"Yes"
52749,"No"
52750,"No"
52751,"No"
52752,"No"
52753,"Yes"
52754,"Yes"
52755,"Yes"
52756,"Yes"
52757,"Yes"
52758,"No"
52759,"No"
52760,"Yes"
52761,"No"
52762,"No"
52763,"No"
52764,"No"
52765,"No"
52766,"Yes"
52767,"Yes"
52768,"No"
52769,"No"
52770,"No"
52771,"No"
52772,"Yes"
52773,"Yes"
52774,"Yes"
52775,"Yes"
52776,"No"
52777,"Yes"
52778,"Yes"
52779,"No"
52780,"No"
52781,"No"
52782,"No"
52783,"No"
52784,"No"
52785,"Yes"
52786,"No"
52787,"No"
52788,"No"
52789,"No"
52790,"Yes"
52791,"No"
52792,"No"
52793,"No"
52794,"No"
52795,"No"
52796,"No"
52797,"No"
52798,"No"
52799,"Yes"
52800,"No"
52801,"No"
52802,"No"
52803,"Yes"
52804,"No"
52805,"No"
52806,"No"
52807,"No"
52808,"No"
52809,"Yes"
52810,"Yes"
52811,"No"
52812,"Yes"
52813,"No"
52814,"No"
52815,"No"
52816,"No"
52817,"No"
52818,"No"
52819,"Yes"
52820,"Yes"
52821,"No"
52822,"Yes"
52823,"No"
52824,"No"
52825,"Yes"
52826,"No"
52827,"Yes"
52828,"No"
52829,"No"
52830,"No"
52831,"Yes"
52832,"Yes"
52833,"No"
52834,"Yes"
52835,"Yes"
52836,"No"
52837,"No"
52838,"No"
52839,"No"
52840,"Yes"
52841,"Yes"
52842,"Yes"
52843,"No"
52844,"No"
52845,"Yes"
52846,"Yes"
52847,"Yes"
52848,"No"
52849,"No"
52850,"No"
52851,"Yes"
52852,"No"
52853,"No"
52854,"Yes"
52855,"Yes"
52856,"Yes"
52857,"No"
52858,"No"
52859,"No"
52860,"No"
52861,"No"
52862,"No"
52863,"Yes"
52864,"No"
52865,"Yes"
52866,"No"
52867,"No"
52868,"No"
52869,"Yes"
52870,"Yes"
52871,"No"
52872,"No"
52873,"No"
52874,"No"
52875,"No"
52876,"No"
52877,"Yes"
52878,"No"
52879,"No"
52880,"No"
52881,"Yes"
52882,"No"
52883,"No"
52884,"Yes"
52885,"No"
52886,"No"
52887,"No"
52888,"No"
52889,"No"
52890,"Yes"
52891,"No"
52892,"Yes"
52893,"No"
52894,"No"
52895,"Yes"
52896,"No"
52897,"Yes"
52898,"No"
52899,"Yes"
52900,"No"
52901,"No"
52902,"Yes"
52903,"No"
52904,"Yes"
52905,"Yes"
52906,"No"
52907,"No"
52908,"No"
52909,"No"
52910,"No"
52911,"No"
52912,"No"
52913,"No"
52914,"Yes"
52915,"No"
52916,"No"
52917,"No"
52918,"No"
52919,"No"
52920,"Yes"
52921,"No"
52922,"No"
52923,"No"
52924,"No"
52925,"No"
52926,"Yes"
52927,"No"
52928,"Yes"
52929,"No"
52930,"Yes"
52931,"No"
52932,"No"
52933,"No"
52934,"Yes"
52935,"Yes"
52936,"No"
52937,"Yes"
52938,"Yes"
52939,"Yes"
52940,"Yes"
52941,"Yes"
52942,"Yes"
52943,"No"
52944,"No"
52945,"No"
52946,"Yes"
52947,"Yes"
52948,"No"
52949,"No"
52950,"No"
52951,"No"
52952,"No"
52953,"Yes"
52954,"No"
52955,"No"
52956,"No"
52957,"Yes"
52958,"Yes"
52959,"Yes"
52960,"No"
52961,"No"
52962,"No"
52963,"No"
52964,"No"
52965,"No"
52966,"No"
52967,"No"
52968,"No"
52969,"No"
52970,"No"
52971,"No"
52972,"Yes"
52973,"No"
52974,"Yes"
52975,"Yes"
52976,"No"
52977,"No"
52978,"No"
52979,"No"
52980,"Yes"
52981,"No"
52982,"No"
52983,"No"
52984,"No"
52985,"No"
52986,"No"
52987,"No"
52988,"No"
52989,"No"
52990,"Yes"
52991,"No"
52992,"No"
52993,"Yes"
52994,"No"
52995,"No"
52996,"Yes"
52997,"No"
52998,"Yes"
52999,"Yes"
53000,"No"
53001,"No"
53002,"No"
53003,"No"
53004,"Yes"
53005,"No"
53006,"No"
53007,"No"
53008,"No"
53009,"No"
53010,"No"
53011,"No"
53012,"No"
53013,"No"
53014,"No"
53015,"Yes"
53016,"Yes"
53017,"No"
53018,"Yes"
53019,"No"
53020,"No"
53021,"No"
53022,"No"
53023,"No"
53024,"No"
53025,"Yes"
53026,"Yes"
53027,"Yes"
53028,"Yes"
53029,"No"
53030,"No"
53031,"No"
53032,"No"
53033,"No"
53034,"No"
53035,"Yes"
53036,"No"
53037,"No"
53038,"Yes"
53039,"No"
53040,"No"
53041,"No"
53042,"No"
53043,"No"
53044,"No"
53045,"No"
53046,"No"
53047,"No"
53048,"Yes"
53049,"Yes"
53050,"No"
53051,"No"
53052,"No"
53053,"No"
53054,"Yes"
53055,"No"
53056,"No"
53057,"No"
53058,"Yes"
53059,"No"
53060,"No"
53061,"No"
53062,"No"
53063,"Yes"
53064,"No"
53065,"No"
53066,"Yes"
53067,"No"
53068,"Yes"
53069,"No"
53070,"Yes"
53071,"No"
53072,"No"
53073,"Yes"
53074,"Yes"
53075,"No"
53076,"Yes"
53077,"No"
53078,"No"
53079,"No"
53080,"No"
53081,"Yes"
53082,"No"
53083,"Yes"
53084,"No"
53085,"No"
53086,"No"
53087,"Yes"
53088,"Yes"
53089,"Yes"
53090,"No"
53091,"No"
53092,"No"
53093,"No"
53094,"No"
53095,"Yes"
53096,"Yes"
53097,"Yes"
53098,"No"
53099,"No"
53100,"No"
53101,"No"
53102,"No"
53103,"Yes"
53104,"No"
53105,"No"
53106,"Yes"
53107,"No"
53108,"No"
53109,"Yes"
53110,"Yes"
53111,"No"
53112,"Yes"
53113,"No"
53114,"Yes"
53115,"Yes"
53116,"Yes"
53117,"No"
53118,"No"
53119,"No"
53120,"No"
53121,"No"
53122,"No"
53123,"No"
53124,"Yes"
53125,"No"
53126,"No"
53127,"No"
53128,"No"
53129,"No"
53130,"No"
53131,"No"
53132,"No"
53133,"Yes"
53134,"Yes"
53135,"No"
53136,"No"
53137,"Yes"
53138,"Yes"
53139,"Yes"
53140,"No"
53141,"No"
53142,"Yes"
53143,"No"
53144,"No"
53145,"No"
53146,"Yes"
53147,"No"
53148,"Yes"
53149,"Yes"
53150,"Yes"
53151,"No"
53152,"Yes"
53153,"Yes"
53154,"Yes"
53155,"No"
53156,"No"
53157,"No"
53158,"No"
53159,"No"
53160,"No"
53161,"No"
53162,"No"
53163,"No"
53164,"Yes"
53165,"Yes"
53166,"No"
53167,"Yes"
53168,"No"
53169,"Yes"
53170,"No"
53171,"Yes"
53172,"No"
53173,"No"
53174,"Yes"
53175,"Yes"
53176,"No"
53177,"No"
53178,"No"
53179,"Yes"
53180,"No"
53181,"Yes"
53182,"Yes"
53183,"No"
53184,"No"
53185,"No"
53186,"No"
53187,"No"
53188,"Yes"
53189,"Yes"
53190,"No"
53191,"No"
53192,"No"
53193,"Yes"
53194,"Yes"
53195,"Yes"
53196,"No"
53197,"Yes"
53198,"No"
53199,"No"
53200,"No"
53201,"No"
53202,"No"
53203,"Yes"
53204,"No"
53205,"No"
53206,"No"
53207,"No"
53208,"Yes"
53209,"No"
53210,"No"
53211,"Yes"
53212,"No"
53213,"No"
53214,"No"
53215,"No"
53216,"Yes"
53217,"No"
53218,"No"
53219,"Yes"
53220,"No"
53221,"Yes"
53222,"No"
53223,"No"
53224,"No"
53225,"No"
53226,"No"
53227,"No"
53228,"Yes"
53229,"No"
53230,"Yes"
53231,"No"
53232,"No"
53233,"Yes"
53234,"No"
53235,"Yes"
53236,"Yes"
53237,"Yes"
53238,"No"
53239,"Yes"
53240,"No"
53241,"Yes"
53242,"No"
53243,"Yes"
53244,"No"
53245,"Yes"
53246,"Yes"
53247,"No"
53248,"No"
53249,"No"
53250,"Yes"
53251,"No"
53252,"No"
53253,"No"
53254,"Yes"
53255,"No"
53256,"Yes"
53257,"No"
53258,"No"
53259,"Yes"
53260,"Yes"
53261,"No"
53262,"Yes"
53263,"Yes"
53264,"Yes"
53265,"No"
53266,"No"
53267,"No"
53268,"No"
53269,"No"
53270,"Yes"
53271,"No"
53272,"No"
53273,"No"
53274,"No"
53275,"Yes"
53276,"No"
53277,"Yes"
53278,"No"
53279,"No"
53280,"Yes"
53281,"No"
53282,"No"
53283,"No"
53284,"No"
53285,"No"
53286,"No"
53287,"Yes"
53288,"Yes"
53289,"No"
53290,"No"
53291,"Yes"
53292,"No"
53293,"No"
53294,"No"
53295,"No"
53296,"Yes"
53297,"No"
53298,"No"
53299,"Yes"
53300,"No"
53301,"No"
53302,"No"
53303,"No"
53304,"Yes"
53305,"No"
53306,"No"
53307,"No"
53308,"No"
53309,"No"
53310,"Yes"
53311,"No"
53312,"No"
53313,"No"
53314,"No"
53315,"No"
53316,"No"
53317,"Yes"
53318,"No"
53319,"No"
53320,"Yes"
53321,"No"
53322,"No"
53323,"Yes"
53324,"No"
53325,"Yes"
53326,"No"
53327,"Yes"
53328,"No"
53329,"Yes"
53330,"Yes"
53331,"No"
53332,"No"
53333,"Yes"
53334,"No"
53335,"No"
53336,"No"
53337,"Yes"
53338,"Yes"
53339,"No"
53340,"Yes"
53341,"No"
53342,"No"
53343,"No"
53344,"No"
53345,"Yes"
53346,"Yes"
53347,"Yes"
53348,"Yes"
53349,"Yes"
53350,"Yes"
53351,"No"
53352,"No"
53353,"No"
53354,"No"
53355,"Yes"
53356,"Yes"
53357,"No"
53358,"Yes"
53359,"No"
53360,"Yes"
53361,"No"
53362,"No"
53363,"No"
53364,"No"
53365,"Yes"
53366,"No"
53367,"Yes"
53368,"Yes"
53369,"Yes"
53370,"No"
53371,"No"
53372,"Yes"
53373,"No"
53374,"Yes"
53375,"Yes"
53376,"Yes"
53377,"No"
53378,"No"
53379,"Yes"
53380,"No"
53381,"No"
53382,"Yes"
53383,"No"
53384,"No"
53385,"No"
53386,"No"
53387,"Yes"
53388,"No"
53389,"Yes"
53390,"No"
53391,"No"
53392,"No"
53393,"No"
53394,"No"
53395,"Yes"
53396,"Yes"
53397,"No"
53398,"No"
53399,"No"
53400,"No"
53401,"No"
53402,"Yes"
53403,"Yes"
53404,"No"
53405,"No"
53406,"No"
53407,"No"
53408,"No"
53409,"Yes"
53410,"No"
53411,"No"
53412,"No"
53413,"Yes"
53414,"No"
53415,"No"
53416,"Yes"
53417,"Yes"
53418,"No"
53419,"Yes"
53420,"No"
53421,"No"
53422,"Yes"
53423,"No"
53424,"No"
53425,"Yes"
53426,"Yes"
53427,"No"
53428,"No"
53429,"No"
53430,"No"
53431,"No"
53432,"No"
53433,"No"
53434,"No"
53435,"Yes"
53436,"Yes"
53437,"Yes"
53438,"No"
53439,"Yes"
53440,"No"
53441,"No"
53442,"Yes"
53443,"No"
53444,"No"
53445,"No"
53446,"No"
53447,"No"
53448,"No"
53449,"Yes"
53450,"No"
53451,"Yes"
53452,"Yes"
53453,"No"
53454,"No"
53455,"Yes"
53456,"No"
53457,"No"
53458,"No"
53459,"Yes"
53460,"Yes"
53461,"No"
53462,"Yes"
53463,"No"
53464,"No"
53465,"No"
53466,"Yes"
53467,"No"
53468,"No"
53469,"Yes"
53470,"No"
53471,"No"
53472,"No"
53473,"No"
53474,"Yes"
53475,"No"
53476,"No"
53477,"No"
53478,"No"
53479,"No"
53480,"No"
53481,"Yes"
53482,"No"
53483,"No"
53484,"Yes"
53485,"Yes"
53486,"Yes"
53487,"No"
53488,"Yes"
53489,"No"
53490,"No"
53491,"Yes"
53492,"No"
53493,"No"
53494,"Yes"
53495,"No"
53496,"Yes"
53497,"Yes"
53498,"No"
53499,"No"
53500,"No"
53501,"Yes"
53502,"No"
53503,"Yes"
53504,"No"
53505,"Yes"
53506,"No"
53507,"Yes"
53508,"No"
53509,"No"
53510,"No"
53511,"No"
53512,"No"
53513,"No"
53514,"Yes"
53515,"No"
53516,"Yes"
53517,"Yes"
53518,"Yes"
53519,"No"
53520,"No"
53521,"Yes"
53522,"No"
53523,"No"
53524,"No"
53525,"No"
53526,"No"
53527,"No"
53528,"Yes"
53529,"Yes"
53530,"Yes"
53531,"No"
53532,"No"
53533,"No"
53534,"Yes"
53535,"Yes"
53536,"Yes"
53537,"No"
53538,"Yes"
53539,"Yes"
53540,"Yes"
53541,"No"
53542,"Yes"
53543,"No"
53544,"Yes"
53545,"No"
53546,"No"
53547,"No"
53548,"No"
53549,"No"
53550,"Yes"
53551,"No"
53552,"No"
53553,"No"
53554,"No"
53555,"No"
53556,"No"
53557,"No"
53558,"Yes"
53559,"Yes"
53560,"Yes"
53561,"No"
53562,"Yes"
53563,"No"
53564,"Yes"
53565,"No"
53566,"Yes"
53567,"Yes"
53568,"No"
53569,"Yes"
53570,"No"
53571,"Yes"
53572,"No"
53573,"Yes"
53574,"Yes"
53575,"No"
53576,"Yes"
53577,"No"
53578,"Yes"
53579,"No"
53580,"No"
53581,"No"
53582,"Yes"
53583,"Yes"
53584,"No"
53585,"No"
53586,"No"
53587,"No"
53588,"No"
53589,"No"
53590,"Yes"
53591,"No"
53592,"No"
53593,"No"
53594,"No"
53595,"Yes"
53596,"Yes"
53597,"No"
53598,"No"
53599,"Yes"
53600,"Yes"
53601,"Yes"
53602,"Yes"
53603,"Yes"
53604,"No"
53605,"No"
53606,"No"
53607,"No"
53608,"No"
53609,"Yes"
53610,"No"
53611,"No"
53612,"No"
53613,"No"
53614,"Yes"
53615,"No"
53616,"Yes"
53617,"No"
53618,"No"
53619,"No"
53620,"Yes"
53621,"No"
53622,"No"
53623,"Yes"
53624,"No"
53625,"Yes"
53626,"No"
53627,"No"
53628,"No"
53629,"No"
53630,"Yes"
53631,"No"
53632,"No"
53633,"No"
53634,"No"
53635,"No"
53636,"No"
53637,"No"
53638,"No"
53639,"Yes"
53640,"No"
53641,"Yes"
53642,"Yes"
53643,"Yes"
53644,"Yes"
53645,"No"
53646,"No"
53647,"No"
53648,"Yes"
53649,"No"
53650,"Yes"
53651,"Yes"
53652,"No"
53653,"No"
53654,"Yes"
53655,"No"
53656,"No"
53657,"No"
53658,"Yes"
53659,"No"
53660,"Yes"
53661,"No"
53662,"No"
53663,"Yes"
53664,"No"
53665,"No"
53666,"No"
53667,"Yes"
53668,"No"
53669,"No"
53670,"Yes"
53671,"No"
53672,"Yes"
53673,"No"
53674,"No"
53675,"No"
53676,"No"
53677,"Yes"
53678,"No"
53679,"Yes"
53680,"No"
53681,"No"
53682,"No"
53683,"No"
53684,"Yes"
53685,"No"
53686,"No"
53687,"No"
53688,"No"
53689,"No"
53690,"No"
53691,"No"
53692,"No"
53693,"No"
53694,"Yes"
53695,"No"
53696,"No"
53697,"No"
53698,"No"
53699,"Yes"
53700,"Yes"
53701,"No"
53702,"Yes"
53703,"No"
53704,"Yes"
53705,"Yes"
53706,"No"
53707,"No"
53708,"Yes"
53709,"Yes"
53710,"Yes"
53711,"Yes"
53712,"No"
53713,"Yes"
53714,"No"
53715,"No"
53716,"No"
53717,"Yes"
53718,"No"
53719,"No"
53720,"No"
53721,"Yes"
53722,"No"
53723,"No"
53724,"No"
53725,"No"
53726,"Yes"
53727,"No"
53728,"No"
53729,"Yes"
53730,"No"
53731,"Yes"
53732,"No"
53733,"No"
53734,"Yes"
53735,"No"
53736,"No"
53737,"No"
53738,"No"
53739,"Yes"
53740,"No"
53741,"No"
53742,"No"
53743,"No"
53744,"No"
53745,"No"
53746,"No"
53747,"No"
53748,"No"
53749,"No"
53750,"No"
53751,"No"
53752,"Yes"
53753,"Yes"
53754,"No"
53755,"No"
53756,"No"
53757,"No"
53758,"No"
53759,"No"
53760,"No"
53761,"No"
53762,"Yes"
53763,"Yes"
53764,"No"
53765,"Yes"
53766,"No"
53767,"No"
53768,"No"
53769,"No"
53770,"No"
53771,"No"
53772,"No"
53773,"No"
53774,"No"
53775,"No"
53776,"No"
53777,"Yes"
53778,"Yes"
53779,"Yes"
53780,"No"
53781,"No"
53782,"No"
53783,"No"
53784,"No"
53785,"Yes"
53786,"No"
53787,"No"
53788,"Yes"
53789,"No"
53790,"No"
53791,"Yes"
53792,"Yes"
53793,"No"
53794,"No"
53795,"No"
53796,"No"
53797,"No"
53798,"No"
53799,"No"
53800,"Yes"
53801,"No"
53802,"No"
53803,"No"
53804,"No"
53805,"Yes"
53806,"Yes"
53807,"Yes"
53808,"Yes"
53809,"No"
53810,"No"
53811,"No"
53812,"No"
53813,"No"
53814,"Yes"
53815,"No"
53816,"No"
53817,"Yes"
53818,"No"
53819,"No"
53820,"No"
53821,"No"
53822,"No"
53823,"No"
53824,"No"
53825,"No"
53826,"No"
53827,"No"
53828,"Yes"
53829,"No"
53830,"Yes"
53831,"No"
53832,"No"
53833,"Yes"
53834,"No"
53835,"Yes"
53836,"Yes"
53837,"No"
53838,"No"
53839,"Yes"
53840,"No"
53841,"Yes"
53842,"No"
53843,"No"
53844,"No"
53845,"Yes"
53846,"Yes"
53847,"No"
53848,"No"
53849,"No"
53850,"No"
53851,"No"
53852,"Yes"
53853,"No"
53854,"Yes"
53855,"No"
53856,"No"
53857,"No"
53858,"Yes"
53859,"No"
53860,"No"
53861,"No"
53862,"No"
53863,"Yes"
53864,"Yes"
53865,"No"
53866,"No"
53867,"Yes"
53868,"Yes"
53869,"No"
53870,"No"
53871,"No"
53872,"Yes"
53873,"No"
53874,"No"
53875,"No"
53876,"No"
53877,"No"
53878,"Yes"
53879,"Yes"
53880,"No"
53881,"No"
53882,"No"
53883,"No"
53884,"No"
53885,"No"
53886,"Yes"
53887,"No"
53888,"No"
53889,"Yes"
53890,"No"
53891,"Yes"
53892,"No"
53893,"Yes"
53894,"Yes"
53895,"Yes"
53896,"No"
53897,"Yes"
53898,"No"
53899,"No"
53900,"No"
53901,"Yes"
53902,"No"
53903,"Yes"
53904,"No"
53905,"Yes"
53906,"Yes"
53907,"No"
53908,"No"
53909,"Yes"
53910,"Yes"
53911,"Yes"
53912,"Yes"
53913,"Yes"
53914,"No"
53915,"Yes"
53916,"Yes"
53917,"No"
53918,"No"
53919,"No"
53920,"No"
53921,"No"
53922,"No"
53923,"No"
53924,"No"
53925,"Yes"
53926,"No"
53927,"No"
53928,"No"
53929,"No"
53930,"No"
53931,"No"
53932,"No"
53933,"No"
53934,"Yes"
53935,"No"
53936,"No"
53937,"Yes"
53938,"Yes"
53939,"Yes"
53940,"Yes"
53941,"Yes"
53942,"Yes"
53943,"No"
53944,"No"
53945,"No"
53946,"No"
53947,"No"
53948,"No"
53949,"Yes"
53950,"No"
53951,"Yes"
53952,"Yes"
53953,"No"
53954,"No"
53955,"No"
53956,"Yes"
53957,"No"
53958,"Yes"
53959,"Yes"
53960,"Yes"
53961,"Yes"
53962,"No"
53963,"No"
53964,"Yes"
53965,"No"
53966,"Yes"
53967,"No"
53968,"Yes"
53969,"No"
53970,"No"
53971,"Yes"
53972,"Yes"
53973,"Yes"
53974,"No"
53975,"No"
53976,"No"
53977,"Yes"
53978,"No"
53979,"Yes"
53980,"No"
53981,"No"
53982,"No"
53983,"No"
53984,"No"
53985,"No"
53986,"Yes"
53987,"Yes"
53988,"No"
53989,"No"
53990,"No"
53991,"Yes"
53992,"No"
53993,"Yes"
53994,"No"
53995,"No"
53996,"Yes"
53997,"No"
53998,"No"
53999,"No"
54000,"Yes"
54001,"No"
54002,"Yes"
54003,"Yes"
54004,"Yes"
54005,"No"
54006,"No"
54007,"Yes"
54008,"Yes"
54009,"Yes"
54010,"Yes"
54011,"Yes"
54012,"No"
54013,"No"
54014,"No"
54015,"No"
54016,"Yes"
54017,"No"
54018,"Yes"
54019,"Yes"
54020,"Yes"
54021,"Yes"
54022,"Yes"
54023,"No"
54024,"No"
54025,"No"
54026,"No"
54027,"No"
54028,"Yes"
54029,"Yes"
54030,"No"
54031,"Yes"
54032,"Yes"
54033,"No"
54034,"No"
54035,"No"
54036,"No"
54037,"No"
54038,"No"
54039,"No"
54040,"No"
54041,"Yes"
54042,"Yes"
54043,"No"
54044,"Yes"
54045,"No"
54046,"Yes"
54047,"No"
54048,"Yes"
54049,"No"
54050,"No"
54051,"No"
54052,"No"
54053,"Yes"
54054,"No"
54055,"Yes"
54056,"No"
54057,"Yes"
54058,"Yes"
54059,"Yes"
54060,"Yes"
54061,"No"
54062,"No"
54063,"No"
54064,"Yes"
54065,"No"
54066,"No"
54067,"No"
54068,"No"
54069,"No"
54070,"No"
54071,"No"
54072,"No"
54073,"No"
54074,"No"
54075,"Yes"
54076,"No"
54077,"Yes"
54078,"Yes"
54079,"No"
54080,"No"
54081,"No"
54082,"No"
54083,"Yes"
54084,"Yes"
54085,"No"
54086,"Yes"
54087,"No"
54088,"No"
54089,"No"
54090,"Yes"
54091,"No"
54092,"Yes"
54093,"Yes"
54094,"No"
54095,"No"
54096,"Yes"
54097,"No"
54098,"Yes"
54099,"No"
54100,"Yes"
54101,"No"
54102,"Yes"
54103,"No"
54104,"No"
54105,"No"
54106,"No"
54107,"No"
54108,"Yes"
54109,"No"
54110,"No"
54111,"No"
54112,"Yes"
54113,"No"
54114,"No"
54115,"No"
54116,"Yes"
54117,"No"
54118,"Yes"
54119,"No"
54120,"No"
54121,"Yes"
54122,"Yes"
54123,"No"
54124,"Yes"
54125,"Yes"
54126,"No"
54127,"Yes"
54128,"No"
54129,"No"
54130,"No"
54131,"No"
54132,"Yes"
54133,"Yes"
54134,"No"
54135,"Yes"
54136,"No"
54137,"Yes"
54138,"Yes"
54139,"No"
54140,"No"
54141,"No"
54142,"Yes"
54143,"Yes"
54144,"Yes"
54145,"Yes"
54146,"No"
54147,"Yes"
54148,"No"
54149,"Yes"
54150,"Yes"
54151,"Yes"
54152,"No"
54153,"No"
54154,"No"
54155,"No"
54156,"No"
54157,"No"
54158,"Yes"
54159,"No"
54160,"No"
54161,"No"
54162,"No"
54163,"No"
54164,"No"
54165,"No"
54166,"No"
54167,"No"
54168,"Yes"
54169,"No"
54170,"No"
54171,"No"
54172,"No"
54173,"Yes"
54174,"Yes"
54175,"Yes"
54176,"No"
54177,"Yes"
54178,"Yes"
54179,"Yes"
54180,"No"
54181,"No"
54182,"No"
54183,"No"
54184,"No"
54185,"Yes"
54186,"Yes"
54187,"Yes"
54188,"No"
54189,"No"
54190,"No"
54191,"No"
54192,"Yes"
54193,"Yes"
54194,"No"
54195,"Yes"
54196,"No"
54197,"No"
54198,"Yes"
54199,"No"
54200,"No"
54201,"No"
54202,"No"
54203,"No"
54204,"No"
54205,"No"
54206,"No"
54207,"No"
54208,"No"
54209,"No"
54210,"Yes"
54211,"No"
54212,"Yes"
54213,"No"
54214,"Yes"
54215,"Yes"
54216,"Yes"
54217,"Yes"
54218,"Yes"
54219,"No"
54220,"Yes"
54221,"No"
54222,"Yes"
54223,"No"
54224,"No"
54225,"No"
54226,"No"
54227,"No"
54228,"No"
54229,"No"
54230,"No"
54231,"No"
54232,"No"
54233,"Yes"
54234,"Yes"
54235,"No"
54236,"Yes"
54237,"No"
54238,"Yes"
54239,"No"
54240,"No"
54241,"No"
54242,"No"
54243,"No"
54244,"No"
54245,"No"
54246,"No"
54247,"No"
54248,"Yes"
54249,"No"
54250,"No"
54251,"Yes"
54252,"Yes"
54253,"No"
54254,"No"
54255,"Yes"
54256,"No"
54257,"Yes"
54258,"No"
54259,"No"
54260,"Yes"
54261,"Yes"
54262,"No"
54263,"No"
54264,"No"
54265,"Yes"
54266,"Yes"
54267,"No"
54268,"No"
54269,"No"
54270,"No"
54271,"No"
54272,"No"
54273,"No"
54274,"No"
54275,"No"
54276,"Yes"
54277,"No"
54278,"Yes"
54279,"No"
54280,"No"
54281,"Yes"
54282,"No"
54283,"No"
54284,"No"
54285,"No"
54286,"No"
54287,"Yes"
54288,"No"
54289,"No"
54290,"Yes"
54291,"Yes"
54292,"No"
54293,"No"
54294,"No"
54295,"Yes"
54296,"No"
54297,"No"
54298,"Yes"
54299,"Yes"
54300,"No"
54301,"No"
54302,"No"
54303,"Yes"
54304,"No"
54305,"Yes"
54306,"No"
54307,"Yes"
54308,"No"
54309,"No"
54310,"No"
54311,"No"
54312,"Yes"
54313,"No"
54314,"No"
54315,"No"
54316,"No"
54317,"Yes"
54318,"No"
54319,"No"
54320,"Yes"
54321,"No"
54322,"Yes"
54323,"Yes"
54324,"No"
54325,"Yes"
54326,"Yes"
54327,"Yes"
54328,"No"
54329,"No"
54330,"No"
54331,"No"
54332,"No"
54333,"Yes"
54334,"No"
54335,"Yes"
54336,"No"
54337,"No"
54338,"No"
54339,"Yes"
54340,"No"
54341,"No"
54342,"No"
54343,"Yes"
54344,"No"
54345,"No"
54346,"Yes"
54347,"No"
54348,"No"
54349,"Yes"
54350,"No"
54351,"Yes"
54352,"No"
54353,"No"
54354,"No"
54355,"No"
54356,"No"
54357,"No"
54358,"No"
54359,"No"
54360,"Yes"
54361,"Yes"
54362,"No"
54363,"No"
54364,"No"
54365,"No"
54366,"No"
54367,"No"
54368,"No"
54369,"Yes"
54370,"Yes"
54371,"No"
54372,"No"
54373,"No"
54374,"No"
54375,"No"
54376,"No"
54377,"No"
54378,"No"
54379,"No"
54380,"Yes"
54381,"Yes"
54382,"No"
54383,"Yes"
54384,"No"
54385,"No"
54386,"No"
54387,"Yes"
54388,"Yes"
54389,"No"
54390,"No"
54391,"Yes"
54392,"No"
54393,"No"
54394,"Yes"
54395,"No"
54396,"No"
54397,"Yes"
54398,"No"
54399,"No"
54400,"No"
54401,"No"
54402,"No"
54403,"Yes"
54404,"No"
54405,"No"
54406,"No"
54407,"Yes"
54408,"Yes"
54409,"Yes"
54410,"No"
54411,"No"
54412,"No"
54413,"No"
54414,"No"
54415,"No"
54416,"Yes"
54417,"Yes"
54418,"No"
54419,"Yes"
54420,"No"
54421,"Yes"
54422,"No"
54423,"Yes"
54424,"No"
54425,"No"
54426,"No"
54427,"Yes"
54428,"No"
54429,"No"
54430,"No"
54431,"No"
54432,"No"
54433,"Yes"
54434,"No"
54435,"Yes"
54436,"No"
54437,"No"
54438,"No"
54439,"Yes"
54440,"No"
54441,"No"
54442,"Yes"
54443,"No"
54444,"No"
54445,"No"
54446,"No"
54447,"Yes"
54448,"Yes"
54449,"No"
54450,"No"
54451,"No"
54452,"No"
54453,"No"
54454,"Yes"
54455,"No"
54456,"No"
54457,"Yes"
54458,"No"
54459,"No"
54460,"No"
54461,"Yes"
54462,"Yes"
54463,"No"
54464,"No"
54465,"Yes"
54466,"Yes"
54467,"No"
54468,"No"
54469,"No"
54470,"No"
54471,"No"
54472,"Yes"
54473,"No"
54474,"No"
54475,"No"
54476,"No"
54477,"No"
54478,"No"
54479,"Yes"
54480,"No"
54481,"No"
54482,"Yes"
54483,"No"
54484,"No"
54485,"Yes"
54486,"No"
54487,"Yes"
54488,"Yes"
54489,"No"
54490,"Yes"
54491,"No"
54492,"No"
54493,"Yes"
54494,"No"
54495,"Yes"
54496,"No"
54497,"No"
54498,"No"
54499,"No"
54500,"No"
54501,"No"
54502,"No"
54503,"Yes"
54504,"No"
54505,"No"
54506,"Yes"
54507,"No"
54508,"Yes"
54509,"No"
54510,"No"
54511,"No"
54512,"No"
54513,"No"
54514,"Yes"
54515,"No"
54516,"No"
54517,"No"
54518,"Yes"
54519,"No"
54520,"No"
54521,"No"
54522,"No"
54523,"No"
54524,"Yes"
54525,"Yes"
54526,"No"
54527,"No"
54528,"No"
54529,"No"
54530,"No"
54531,"No"
54532,"No"
54533,"No"
54534,"No"
54535,"Yes"
54536,"No"
54537,"Yes"
54538,"No"
54539,"No"
54540,"No"
54541,"No"
54542,"Yes"
54543,"No"
54544,"No"
54545,"No"
54546,"No"
54547,"No"
54548,"No"
54549,"No"
54550,"No"
54551,"No"
54552,"No"
54553,"No"
54554,"No"
54555,"Yes"
54556,"No"
54557,"No"
54558,"No"
54559,"No"
54560,"No"
54561,"No"
54562,"No"
54563,"No"
54564,"No"
54565,"No"
54566,"Yes"
54567,"No"
54568,"No"
54569,"Yes"
54570,"No"
54571,"No"
54572,"No"
54573,"No"
54574,"No"
54575,"No"
54576,"No"
54577,"No"
54578,"No"
54579,"Yes"
54580,"No"
54581,"No"
54582,"Yes"
54583,"No"
54584,"No"
54585,"Yes"
54586,"Yes"
54587,"Yes"
54588,"Yes"
54589,"No"
54590,"No"
54591,"No"
54592,"No"
54593,"No"
54594,"No"
54595,"No"
54596,"No"
54597,"Yes"
54598,"Yes"
54599,"No"
54600,"Yes"
54601,"No"
54602,"Yes"
54603,"Yes"
54604,"Yes"
54605,"No"
54606,"No"
54607,"No"
54608,"No"
54609,"No"
54610,"No"
54611,"No"
54612,"No"
54613,"No"
54614,"No"
54615,"No"
54616,"No"
54617,"Yes"
54618,"No"
54619,"No"
54620,"Yes"
54621,"No"
54622,"No"
54623,"No"
54624,"Yes"
54625,"No"
54626,"Yes"
54627,"Yes"
54628,"No"
54629,"Yes"
54630,"Yes"
54631,"Yes"
54632,"No"
54633,"No"
54634,"No"
54635,"No"
54636,"Yes"
54637,"No"
54638,"No"
54639,"Yes"
54640,"Yes"
54641,"No"
54642,"Yes"
54643,"No"
54644,"Yes"
54645,"Yes"
54646,"No"
54647,"No"
54648,"Yes"
54649,"No"
54650,"No"
54651,"Yes"
54652,"No"
54653,"No"
54654,"Yes"
54655,"Yes"
54656,"No"
54657,"No"
54658,"No"
54659,"No"
54660,"No"
54661,"No"
54662,"No"
54663,"No"
54664,"No"
54665,"No"
54666,"No"
54667,"No"
54668,"No"
54669,"No"
54670,"No"
54671,"No"
54672,"Yes"
54673,"Yes"
54674,"No"
54675,"Yes"
54676,"No"
54677,"Yes"
54678,"No"
54679,"Yes"
54680,"Yes"
54681,"No"
54682,"No"
54683,"Yes"
54684,"Yes"
54685,"No"
54686,"No"
54687,"No"
54688,"Yes"
54689,"Yes"
54690,"No"
54691,"No"
54692,"No"
54693,"No"
54694,"No"
54695,"Yes"
54696,"No"
54697,"Yes"
54698,"No"
54699,"No"
54700,"No"
54701,"No"
54702,"No"
54703,"No"
54704,"Yes"
54705,"Yes"
54706,"No"
54707,"Yes"
54708,"Yes"
54709,"Yes"
54710,"No"
54711,"No"
54712,"No"
54713,"No"
54714,"No"
54715,"Yes"
54716,"No"
54717,"No"
54718,"No"
54719,"No"
54720,"No"
54721,"No"
54722,"No"
54723,"No"
54724,"No"
54725,"No"
54726,"No"
54727,"Yes"
54728,"No"
54729,"Yes"
54730,"No"
54731,"No"
54732,"No"
54733,"Yes"
54734,"No"
54735,"No"
54736,"No"
54737,"No"
54738,"No"
54739,"No"
54740,"No"
54741,"No"
54742,"Yes"
54743,"No"
54744,"Yes"
54745,"No"
54746,"No"
54747,"Yes"
54748,"No"
54749,"No"
54750,"No"
54751,"No"
54752,"No"
54753,"No"
54754,"No"
54755,"No"
54756,"Yes"
54757,"Yes"
54758,"Yes"
54759,"Yes"
54760,"No"
54761,"Yes"
54762,"No"
54763,"No"
54764,"No"
54765,"No"
54766,"No"
54767,"No"
54768,"No"
54769,"No"
54770,"No"
54771,"Yes"
54772,"Yes"
54773,"Yes"
54774,"No"
54775,"No"
54776,"Yes"
54777,"Yes"
54778,"No"
54779,"No"
54780,"No"
54781,"No"
54782,"Yes"
54783,"No"
54784,"No"
54785,"Yes"
54786,"No"
54787,"No"
54788,"No"
54789,"Yes"
54790,"No"
54791,"Yes"
54792,"Yes"
54793,"Yes"
54794,"No"
54795,"No"
54796,"No"
54797,"No"
54798,"No"
54799,"No"
54800,"No"
54801,"Yes"
54802,"No"
54803,"No"
54804,"Yes"
54805,"No"
54806,"No"
54807,"Yes"
54808,"No"
54809,"No"
54810,"Yes"
54811,"No"
54812,"Yes"
54813,"No"
54814,"Yes"
54815,"No"
54816,"No"
54817,"Yes"
54818,"Yes"
54819,"No"
54820,"No"
54821,"No"
54822,"Yes"
54823,"No"
54824,"No"
54825,"Yes"
54826,"No"
54827,"Yes"
54828,"No"
54829,"No"
54830,"No"
54831,"No"
54832,"Yes"
54833,"Yes"
54834,"No"
54835,"No"
54836,"Yes"
54837,"No"
54838,"Yes"
54839,"No"
54840,"No"
54841,"No"
54842,"No"
54843,"No"
54844,"No"
54845,"No"
54846,"No"
54847,"No"
54848,"No"
54849,"No"
54850,"No"
54851,"No"
54852,"Yes"
54853,"No"
54854,"No"
54855,"Yes"
54856,"No"
54857,"No"
54858,"No"
54859,"No"
54860,"Yes"
54861,"Yes"
54862,"No"
54863,"No"
54864,"No"
54865,"No"
54866,"No"
54867,"Yes"
54868,"No"
54869,"No"
54870,"No"
54871,"No"
54872,"No"
54873,"No"
54874,"No"
54875,"No"
54876,"No"
54877,"Yes"
54878,"Yes"
54879,"Yes"
54880,"No"
54881,"No"
54882,"No"
54883,"No"
54884,"No"
54885,"No"
54886,"No"
54887,"Yes"
54888,"No"
54889,"Yes"
54890,"No"
54891,"No"
54892,"No"
54893,"Yes"
54894,"No"
54895,"No"
54896,"No"
54897,"No"
54898,"No"
54899,"No"
54900,"No"
54901,"No"
54902,"No"
54903,"No"
54904,"Yes"
54905,"No"
54906,"Yes"
54907,"Yes"
54908,"No"
54909,"No"
54910,"No"
54911,"No"
54912,"No"
54913,"No"
54914,"No"
54915,"No"
54916,"No"
54917,"No"
54918,"No"
54919,"Yes"
54920,"No"
54921,"No"
54922,"Yes"
54923,"No"
54924,"No"
54925,"Yes"
54926,"No"
54927,"No"
54928,"No"
54929,"No"
54930,"No"
54931,"No"
54932,"Yes"
54933,"Yes"
54934,"Yes"
54935,"No"
54936,"No"
54937,"Yes"
54938,"No"
54939,"No"
54940,"No"
54941,"No"
54942,"No"
54943,"No"
54944,"No"
54945,"Yes"
54946,"No"
54947,"Yes"
54948,"No"
54949,"No"
54950,"No"
54951,"Yes"
54952,"No"
54953,"No"
54954,"No"
54955,"Yes"
54956,"No"
54957,"No"
54958,"Yes"
54959,"Yes"
54960,"Yes"
54961,"No"
54962,"No"
54963,"Yes"
54964,"Yes"
54965,"No"
54966,"No"
54967,"Yes"
54968,"No"
54969,"Yes"
54970,"Yes"
54971,"Yes"
54972,"No"
54973,"No"
54974,"Yes"
54975,"No"
54976,"No"
54977,"Yes"
54978,"Yes"
54979,"No"
54980,"Yes"
54981,"No"
54982,"Yes"
54983,"No"
54984,"No"
54985,"No"
54986,"Yes"
54987,"No"
54988,"No"
54989,"No"
54990,"No"
54991,"No"
54992,"Yes"
54993,"Yes"
54994,"No"
54995,"No"
54996,"Yes"
54997,"No"
54998,"No"
54999,"Yes"
55000,"No"
55001,"Yes"
55002,"No"
55003,"Yes"
55004,"No"
55005,"Yes"
55006,"Yes"
55007,"Yes"
55008,"No"
55009,"Yes"
55010,"Yes"
55011,"Yes"
55012,"No"
55013,"Yes"
55014,"No"
55015,"No"
55016,"No"
55017,"No"
55018,"No"
55019,"No"
55020,"No"
55021,"No"
55022,"No"
55023,"No"
55024,"No"
55025,"Yes"
55026,"No"
55027,"No"
55028,"Yes"
55029,"Yes"
55030,"No"
55031,"No"
55032,"Yes"
55033,"No"
55034,"No"
55035,"No"
55036,"No"
55037,"No"
55038,"Yes"
55039,"No"
55040,"No"
55041,"Yes"
55042,"Yes"
55043,"Yes"
55044,"Yes"
55045,"No"
55046,"No"
55047,"No"
55048,"Yes"
55049,"No"
55050,"Yes"
55051,"No"
55052,"No"
55053,"No"
55054,"Yes"
55055,"Yes"
55056,"No"
55057,"No"
55058,"Yes"
55059,"Yes"
55060,"No"
55061,"No"
55062,"No"
55063,"No"
55064,"No"
55065,"No"
55066,"No"
55067,"No"
55068,"No"
55069,"No"
55070,"No"
55071,"No"
55072,"No"
55073,"Yes"
55074,"Yes"
55075,"No"
55076,"Yes"
55077,"No"
55078,"No"
55079,"No"
55080,"No"
55081,"Yes"
55082,"Yes"
55083,"Yes"
55084,"No"
55085,"No"
55086,"No"
55087,"No"
55088,"Yes"
55089,"No"
55090,"No"
55091,"No"
55092,"Yes"
55093,"No"
55094,"No"
55095,"Yes"
55096,"No"
55097,"No"
55098,"Yes"
55099,"No"
55100,"Yes"
55101,"No"
55102,"Yes"
55103,"No"
55104,"No"
55105,"No"
55106,"No"
55107,"Yes"
55108,"No"
55109,"No"
55110,"Yes"
55111,"Yes"
55112,"Yes"
55113,"Yes"
55114,"No"
55115,"No"
55116,"Yes"
55117,"Yes"
55118,"No"
55119,"No"
55120,"No"
55121,"No"
55122,"No"
55123,"No"
55124,"No"
55125,"No"
55126,"No"
55127,"No"
55128,"No"
55129,"No"
55130,"No"
55131,"No"
55132,"No"
55133,"Yes"
55134,"No"
55135,"No"
55136,"Yes"
55137,"No"
55138,"No"
55139,"No"
55140,"Yes"
55141,"No"
55142,"Yes"
55143,"No"
55144,"Yes"
55145,"No"
55146,"No"
55147,"No"
55148,"No"
55149,"Yes"
55150,"No"
55151,"No"
55152,"No"
55153,"No"
55154,"No"
55155,"No"
55156,"No"
55157,"No"
55158,"No"
55159,"No"
55160,"Yes"
55161,"No"
55162,"No"
55163,"No"
55164,"Yes"
55165,"No"
55166,"Yes"
55167,"No"
55168,"Yes"
55169,"No"
55170,"Yes"
55171,"No"
55172,"Yes"
55173,"No"
55174,"Yes"
55175,"Yes"
55176,"No"
55177,"Yes"
55178,"Yes"
55179,"No"
55180,"Yes"
55181,"Yes"
55182,"Yes"
55183,"No"
55184,"No"
55185,"No"
55186,"Yes"
55187,"No"
55188,"No"
55189,"No"
55190,"No"
55191,"No"
55192,"No"
55193,"No"
55194,"No"
55195,"No"
55196,"No"
55197,"No"
55198,"Yes"
55199,"No"
55200,"No"
55201,"No"
55202,"No"
55203,"No"
55204,"No"
55205,"No"
55206,"Yes"
55207,"Yes"
55208,"No"
55209,"No"
55210,"Yes"
55211,"No"
55212,"No"
55213,"Yes"
55214,"Yes"
55215,"No"
55216,"No"
55217,"No"
55218,"No"
55219,"Yes"
55220,"No"
55221,"Yes"
55222,"Yes"
55223,"No"
55224,"Yes"
55225,"Yes"
55226,"No"
55227,"No"
55228,"Yes"
55229,"No"
55230,"No"
55231,"Yes"
55232,"Yes"
55233,"No"
55234,"No"
55235,"No"
55236,"No"
55237,"No"
55238,"No"
55239,"No"
55240,"Yes"
55241,"Yes"
55242,"No"
55243,"Yes"
55244,"Yes"
55245,"Yes"
55246,"Yes"
55247,"No"
55248,"No"
55249,"No"
55250,"No"
55251,"Yes"
55252,"No"
55253,"Yes"
55254,"Yes"
55255,"No"
55256,"Yes"
55257,"No"
55258,"Yes"
55259,"No"
55260,"No"
55261,"Yes"
55262,"No"
55263,"No"
55264,"No"
55265,"No"
55266,"No"
55267,"Yes"
55268,"No"
55269,"No"
55270,"No"
55271,"No"
55272,"Yes"
55273,"Yes"
55274,"No"
55275,"No"
55276,"Yes"
55277,"Yes"
55278,"No"
55279,"No"
55280,"Yes"
55281,"Yes"
55282,"Yes"
55283,"No"
55284,"No"
55285,"No"
55286,"No"
55287,"Yes"
55288,"Yes"
55289,"No"
55290,"Yes"
55291,"No"
55292,"No"
55293,"No"
55294,"No"
55295,"Yes"
55296,"No"
55297,"No"
55298,"No"
55299,"No"
55300,"Yes"
55301,"Yes"
55302,"No"
55303,"Yes"
55304,"Yes"
55305,"No"
55306,"Yes"
55307,"No"
55308,"No"
55309,"No"
55310,"No"
55311,"Yes"
55312,"No"
55313,"No"
55314,"No"
55315,"Yes"
55316,"Yes"
55317,"No"
55318,"No"
55319,"No"
55320,"Yes"
55321,"Yes"
55322,"No"
55323,"No"
55324,"No"
55325,"Yes"
55326,"Yes"
55327,"Yes"
55328,"No"
55329,"No"
55330,"Yes"
55331,"No"
55332,"Yes"
55333,"Yes"
55334,"No"
55335,"No"
55336,"No"
55337,"Yes"
55338,"Yes"
55339,"No"
55340,"No"
55341,"No"
55342,"Yes"
55343,"No"
55344,"No"
55345,"Yes"
55346,"No"
55347,"Yes"
55348,"No"
55349,"No"
55350,"No"
55351,"Yes"
55352,"No"
55353,"No"
55354,"No"
55355,"Yes"
55356,"No"
55357,"Yes"
55358,"No"
55359,"Yes"
55360,"No"
55361,"No"
55362,"No"
55363,"No"
55364,"No"
55365,"No"
55366,"No"
55367,"No"
55368,"No"
55369,"Yes"
55370,"No"
55371,"No"
55372,"Yes"
55373,"Yes"
55374,"No"
55375,"No"
55376,"No"
55377,"No"
55378,"No"
55379,"Yes"
55380,"Yes"
55381,"No"
55382,"Yes"
55383,"No"
55384,"Yes"
55385,"No"
55386,"No"
55387,"No"
55388,"Yes"
55389,"Yes"
55390,"No"
55391,"No"
55392,"No"
55393,"Yes"
55394,"No"
55395,"Yes"
55396,"No"
55397,"Yes"
55398,"Yes"
55399,"Yes"
55400,"No"
55401,"Yes"
55402,"No"
55403,"Yes"
55404,"Yes"
55405,"Yes"
55406,"No"
55407,"No"
55408,"No"
55409,"No"
55410,"No"
55411,"No"
55412,"No"
55413,"No"
55414,"No"
55415,"No"
55416,"No"
55417,"No"
55418,"No"
55419,"Yes"
55420,"Yes"
55421,"No"
55422,"Yes"
55423,"Yes"
55424,"No"
55425,"No"
55426,"No"
55427,"Yes"
55428,"No"
55429,"Yes"
55430,"No"
55431,"No"
55432,"Yes"
55433,"No"
55434,"No"
55435,"No"
55436,"Yes"
55437,"Yes"
55438,"No"
55439,"No"
55440,"No"
55441,"No"
55442,"Yes"
55443,"No"
55444,"Yes"
55445,"Yes"
55446,"No"
55447,"No"
55448,"No"
55449,"Yes"
55450,"No"
55451,"No"
55452,"No"
55453,"No"
55454,"No"
55455,"No"
55456,"No"
55457,"No"
55458,"No"
55459,"Yes"
55460,"Yes"
55461,"Yes"
55462,"No"
55463,"No"
55464,"Yes"
55465,"Yes"
55466,"No"
55467,"No"
55468,"No"
55469,"Yes"
55470,"Yes"
55471,"No"
55472,"Yes"
55473,"No"
55474,"No"
55475,"No"
55476,"Yes"
55477,"No"
55478,"Yes"
55479,"Yes"
55480,"No"
55481,"No"
55482,"No"
55483,"No"
55484,"No"
55485,"No"
55486,"No"
55487,"Yes"
55488,"No"
55489,"Yes"
55490,"Yes"
55491,"Yes"
55492,"Yes"
55493,"No"
55494,"No"
55495,"Yes"
55496,"Yes"
55497,"No"
55498,"No"
55499,"No"
55500,"No"
55501,"No"
55502,"Yes"
55503,"No"
55504,"Yes"
55505,"No"
55506,"No"
55507,"No"
55508,"No"
55509,"No"
55510,"No"
55511,"Yes"
55512,"No"
55513,"No"
55514,"No"
55515,"No"
55516,"No"
55517,"No"
55518,"Yes"
55519,"No"
55520,"No"
55521,"Yes"
55522,"No"
55523,"Yes"
55524,"Yes"
55525,"Yes"
55526,"Yes"
55527,"No"
55528,"No"
55529,"Yes"
55530,"No"
55531,"No"
55532,"No"
55533,"Yes"
55534,"No"
55535,"No"
55536,"Yes"
55537,"Yes"
55538,"No"
55539,"No"
55540,"No"
55541,"No"
55542,"Yes"
55543,"No"
55544,"Yes"
55545,"No"
55546,"Yes"
55547,"No"
55548,"No"
55549,"No"
55550,"Yes"
55551,"No"
55552,"No"
55553,"No"
55554,"No"
55555,"No"
55556,"Yes"
55557,"No"
55558,"No"
55559,"No"
55560,"Yes"
55561,"No"
55562,"No"
55563,"No"
55564,"No"
55565,"No"
55566,"No"
55567,"No"
55568,"Yes"
55569,"No"
55570,"Yes"
55571,"No"
55572,"No"
55573,"No"
55574,"Yes"
55575,"No"
55576,"Yes"
55577,"No"
55578,"No"
55579,"Yes"
55580,"Yes"
55581,"No"
55582,"Yes"
55583,"Yes"
55584,"Yes"
55585,"No"
55586,"No"
55587,"No"
55588,"Yes"
55589,"Yes"
55590,"No"
55591,"No"
55592,"No"
55593,"No"
55594,"No"
55595,"No"
55596,"No"
55597,"No"
55598,"No"
55599,"No"
55600,"Yes"
55601,"No"
55602,"No"
55603,"No"
55604,"No"
55605,"No"
55606,"Yes"
55607,"No"
55608,"No"
55609,"Yes"
55610,"No"
55611,"No"
55612,"No"
55613,"No"
55614,"Yes"
55615,"No"
55616,"No"
55617,"No"
55618,"Yes"
55619,"No"
55620,"No"
55621,"No"
55622,"No"
55623,"No"
55624,"No"
55625,"No"
55626,"No"
55627,"Yes"
55628,"No"
55629,"Yes"
55630,"No"
55631,"No"
55632,"No"
55633,"Yes"
55634,"Yes"
55635,"Yes"
55636,"No"
55637,"Yes"
55638,"No"
55639,"No"
55640,"Yes"
55641,"Yes"
55642,"Yes"
55643,"Yes"
55644,"No"
55645,"No"
55646,"Yes"
55647,"No"
55648,"Yes"
55649,"No"
55650,"Yes"
55651,"No"
55652,"No"
55653,"No"
55654,"No"
55655,"Yes"
55656,"No"
55657,"No"
55658,"Yes"
55659,"No"
55660,"No"
55661,"No"
55662,"No"
55663,"No"
55664,"No"
55665,"Yes"
55666,"No"
55667,"Yes"
55668,"No"
55669,"Yes"
55670,"No"
55671,"No"
55672,"No"
55673,"No"
55674,"No"
55675,"No"
55676,"No"
55677,"Yes"
55678,"Yes"
55679,"No"
55680,"Yes"
55681,"No"
55682,"No"
55683,"No"
55684,"No"
55685,"No"
55686,"No"
55687,"No"
55688,"No"
55689,"Yes"
55690,"No"
55691,"Yes"
55692,"No"
55693,"Yes"
55694,"Yes"
55695,"No"
55696,"No"
55697,"Yes"
55698,"Yes"
55699,"Yes"
55700,"No"
55701,"No"
55702,"No"
55703,"No"
55704,"No"
55705,"Yes"
55706,"No"
55707,"Yes"
55708,"No"
55709,"No"
55710,"No"
55711,"No"
55712,"No"
55713,"No"
55714,"No"
55715,"Yes"
55716,"Yes"
55717,"No"
55718,"No"
55719,"Yes"
55720,"Yes"
55721,"No"
55722,"Yes"
55723,"No"
55724,"No"
55725,"No"
55726,"No"
55727,"No"
55728,"No"
55729,"No"
55730,"No"
55731,"No"
55732,"Yes"
55733,"No"
55734,"Yes"
55735,"No"
55736,"No"
55737,"Yes"
55738,"No"
55739,"No"
55740,"Yes"
55741,"No"
55742,"No"
55743,"No"
55744,"No"
55745,"No"
55746,"No"
55747,"No"
55748,"No"
55749,"No"
55750,"No"
55751,"Yes"
55752,"Yes"
55753,"No"
55754,"No"
55755,"No"
55756,"No"
55757,"No"
55758,"No"
55759,"No"
55760,"Yes"
55761,"No"
55762,"Yes"
55763,"No"
55764,"No"
55765,"Yes"
55766,"No"
55767,"No"
55768,"Yes"
55769,"Yes"
55770,"No"
55771,"No"
55772,"Yes"
55773,"Yes"
55774,"No"
55775,"Yes"
55776,"Yes"
55777,"Yes"
55778,"Yes"
55779,"No"
55780,"Yes"
55781,"No"
55782,"No"
55783,"No"
55784,"Yes"
55785,"No"
55786,"No"
55787,"No"
55788,"Yes"
55789,"No"
55790,"Yes"
55791,"No"
55792,"Yes"
55793,"Yes"
55794,"No"
55795,"Yes"
55796,"No"
55797,"Yes"
55798,"Yes"
55799,"Yes"
55800,"No"
55801,"Yes"
55802,"No"
55803,"Yes"
55804,"No"
55805,"Yes"
55806,"Yes"
55807,"No"
55808,"Yes"
55809,"No"
55810,"No"
55811,"No"
55812,"No"
55813,"Yes"
55814,"No"
55815,"No"
55816,"No"
55817,"No"
55818,"No"
55819,"No"
55820,"No"
55821,"Yes"
55822,"Yes"
55823,"No"
55824,"Yes"
55825,"No"
55826,"No"
55827,"No"
55828,"Yes"
55829,"No"
55830,"No"
55831,"Yes"
55832,"Yes"
55833,"No"
55834,"Yes"
55835,"Yes"
55836,"Yes"
55837,"Yes"
55838,"No"
55839,"Yes"
55840,"No"
55841,"Yes"
55842,"No"
55843,"Yes"
55844,"No"
55845,"No"
55846,"Yes"
55847,"No"
55848,"No"
55849,"No"
55850,"No"
55851,"No"
55852,"No"
55853,"No"
55854,"No"
55855,"No"
55856,"No"
55857,"No"
55858,"Yes"
55859,"Yes"
55860,"No"
55861,"Yes"
55862,"No"
55863,"No"
55864,"Yes"
55865,"Yes"
55866,"No"
55867,"Yes"
55868,"No"
55869,"No"
55870,"No"
55871,"No"
55872,"Yes"
55873,"No"
55874,"Yes"
55875,"No"
55876,"No"
55877,"Yes"
55878,"Yes"
55879,"No"
55880,"No"
55881,"No"
55882,"No"
55883,"No"
55884,"No"
55885,"No"
55886,"Yes"
55887,"No"
55888,"No"
55889,"No"
55890,"No"
55891,"No"
55892,"No"
55893,"No"
55894,"No"
55895,"Yes"
55896,"No"
55897,"Yes"
55898,"No"
55899,"Yes"
55900,"No"
55901,"No"
55902,"No"
55903,"No"
55904,"No"
55905,"No"
55906,"No"
55907,"Yes"
55908,"Yes"
55909,"Yes"
55910,"Yes"
55911,"No"
55912,"Yes"
55913,"Yes"
55914,"No"
55915,"No"
55916,"Yes"
55917,"No"
55918,"No"
55919,"No"
55920,"Yes"
55921,"No"
55922,"Yes"
55923,"No"
55924,"Yes"
55925,"No"
55926,"No"
55927,"No"
55928,"Yes"
55929,"Yes"
55930,"Yes"
55931,"No"
55932,"No"
55933,"No"
55934,"No"
55935,"No"
55936,"No"
55937,"No"
55938,"Yes"
55939,"Yes"
55940,"No"
55941,"No"
55942,"No"
55943,"No"
55944,"Yes"
55945,"No"
55946,"Yes"
55947,"Yes"
55948,"Yes"
55949,"No"
55950,"No"
55951,"No"
55952,"No"
55953,"Yes"
55954,"Yes"
55955,"No"
55956,"No"
55957,"No"
55958,"No"
55959,"No"
55960,"No"
55961,"No"
55962,"No"
55963,"No"
55964,"No"
55965,"Yes"
55966,"No"
55967,"No"
55968,"No"
55969,"Yes"
55970,"Yes"
55971,"Yes"
55972,"Yes"
55973,"Yes"
55974,"No"
55975,"No"
55976,"Yes"
55977,"Yes"
55978,"No"
55979,"Yes"
55980,"Yes"
55981,"Yes"
55982,"No"
55983,"No"
55984,"Yes"
55985,"No"
55986,"Yes"
55987,"No"
55988,"No"
55989,"No"
55990,"Yes"
55991,"No"
55992,"No"
55993,"No"
55994,"Yes"
55995,"No"
55996,"No"
55997,"No"
55998,"No"
55999,"Yes"
56000,"No"
56001,"No"
56002,"Yes"
56003,"No"
56004,"No"
56005,"Yes"
56006,"No"
56007,"No"
56008,"Yes"
56009,"Yes"
56010,"No"
56011,"Yes"
56012,"No"
56013,"Yes"
56014,"Yes"
56015,"No"
56016,"No"
56017,"No"
56018,"No"
56019,"No"
56020,"Yes"
56021,"No"
56022,"No"
56023,"No"
56024,"No"
56025,"No"
56026,"No"
56027,"Yes"
56028,"Yes"
56029,"No"
56030,"Yes"
56031,"No"
56032,"No"
56033,"Yes"
56034,"Yes"
56035,"Yes"
56036,"No"
56037,"No"
56038,"No"
56039,"No"
56040,"Yes"
56041,"No"
56042,"Yes"
56043,"Yes"
56044,"No"
56045,"No"
56046,"No"
56047,"Yes"
56048,"Yes"
56049,"Yes"
56050,"Yes"
56051,"No"
56052,"No"
56053,"No"
56054,"No"
56055,"Yes"
56056,"No"
56057,"No"
56058,"No"
56059,"No"
56060,"No"
56061,"Yes"
56062,"Yes"
56063,"No"
56064,"No"
56065,"Yes"
56066,"Yes"
56067,"No"
56068,"Yes"
56069,"No"
56070,"No"
56071,"No"
56072,"No"
56073,"No"
56074,"Yes"
56075,"No"
56076,"No"
56077,"No"
56078,"No"
56079,"Yes"
56080,"No"
56081,"No"
56082,"Yes"
56083,"No"
56084,"No"
56085,"Yes"
56086,"Yes"
56087,"No"
56088,"No"
56089,"No"
56090,"Yes"
56091,"No"
56092,"Yes"
56093,"Yes"
56094,"No"
56095,"No"
56096,"Yes"
56097,"No"
56098,"Yes"
56099,"No"
56100,"No"
56101,"No"
56102,"No"
56103,"No"
56104,"Yes"
56105,"No"
56106,"No"
56107,"Yes"
56108,"No"
56109,"No"
56110,"No"
56111,"Yes"
56112,"No"
56113,"No"
56114,"No"
56115,"No"
56116,"No"
56117,"No"
56118,"No"
56119,"No"
56120,"No"
56121,"No"
56122,"Yes"
56123,"Yes"
56124,"Yes"
56125,"No"
56126,"No"
56127,"No"
56128,"No"
56129,"Yes"
56130,"Yes"
56131,"Yes"
56132,"No"
56133,"No"
56134,"Yes"
56135,"Yes"
56136,"No"
56137,"No"
56138,"No"
56139,"No"
56140,"Yes"
56141,"Yes"
56142,"No"
56143,"Yes"
56144,"No"
56145,"No"
56146,"No"
56147,"No"
56148,"No"
56149,"No"
56150,"No"
56151,"Yes"
56152,"No"
56153,"No"
56154,"No"
56155,"Yes"
56156,"No"
56157,"No"
56158,"Yes"
56159,"No"
56160,"No"
56161,"Yes"
56162,"No"
56163,"No"
56164,"No"
56165,"Yes"
56166,"No"
56167,"No"
56168,"Yes"
56169,"Yes"
56170,"No"
56171,"No"
56172,"No"
56173,"No"
56174,"No"
56175,"No"
56176,"No"
56177,"Yes"
56178,"No"
56179,"No"
56180,"Yes"
56181,"No"
56182,"No"
56183,"No"
56184,"No"
56185,"No"
56186,"No"
56187,"No"
56188,"No"
56189,"Yes"
56190,"No"
56191,"No"
56192,"No"
56193,"No"
56194,"No"
56195,"No"
56196,"Yes"
56197,"No"
56198,"No"
56199,"No"
56200,"No"
56201,"No"
56202,"No"
56203,"No"
56204,"No"
56205,"No"
56206,"No"
56207,"No"
56208,"No"
56209,"Yes"
56210,"No"
56211,"No"
56212,"No"
56213,"No"
56214,"Yes"
56215,"No"
56216,"No"
56217,"Yes"
56218,"No"
56219,"No"
56220,"No"
56221,"Yes"
56222,"Yes"
56223,"Yes"
56224,"Yes"
56225,"No"
56226,"Yes"
56227,"No"
56228,"No"
56229,"Yes"
56230,"Yes"
56231,"No"
56232,"No"
56233,"No"
56234,"No"
56235,"Yes"
56236,"No"
56237,"No"
56238,"Yes"
56239,"No"
56240,"Yes"
56241,"Yes"
56242,"Yes"
56243,"No"
56244,"No"
56245,"No"
56246,"Yes"
56247,"No"
56248,"No"
56249,"No"
56250,"No"
56251,"No"
56252,"No"
56253,"Yes"
56254,"No"
56255,"No"
56256,"No"
56257,"No"
56258,"No"
56259,"No"
56260,"No"
56261,"No"
56262,"No"
56263,"Yes"
56264,"No"
56265,"Yes"
56266,"No"
56267,"Yes"
56268,"Yes"
56269,"No"
56270,"Yes"
56271,"No"
56272,"No"
56273,"No"
56274,"Yes"
56275,"No"
56276,"No"
56277,"No"
56278,"No"
56279,"No"
56280,"No"
56281,"No"
56282,"No"
56283,"No"
56284,"No"
56285,"No"
56286,"No"
56287,"No"
56288,"No"
56289,"No"
56290,"Yes"
56291,"Yes"
56292,"Yes"
56293,"Yes"
56294,"No"
56295,"Yes"
56296,"No"
56297,"Yes"
56298,"No"
56299,"No"
56300,"No"
56301,"Yes"
56302,"No"
56303,"No"
56304,"No"
56305,"Yes"
56306,"No"
56307,"No"
56308,"Yes"
56309,"No"
56310,"No"
56311,"Yes"
56312,"Yes"
56313,"No"
56314,"No"
56315,"No"
56316,"Yes"
56317,"No"
56318,"No"
56319,"No"
56320,"Yes"
56321,"No"
56322,"No"
56323,"Yes"
56324,"No"
56325,"Yes"
56326,"Yes"
56327,"No"
56328,"No"
56329,"No"
56330,"No"
56331,"No"
56332,"No"
56333,"No"
56334,"No"
56335,"No"
56336,"No"
56337,"No"
56338,"No"
56339,"Yes"
56340,"Yes"
56341,"No"
56342,"Yes"
56343,"No"
56344,"No"
56345,"No"
56346,"No"
56347,"No"
56348,"No"
56349,"No"
56350,"No"
56351,"No"
56352,"No"
56353,"No"
56354,"No"
56355,"No"
56356,"No"
56357,"No"
56358,"Yes"
56359,"Yes"
56360,"No"
56361,"Yes"
56362,"Yes"
56363,"No"
56364,"No"
56365,"Yes"
56366,"Yes"
56367,"Yes"
56368,"No"
56369,"Yes"
56370,"No"
56371,"No"
56372,"No"
56373,"No"
56374,"No"
56375,"No"
56376,"No"
56377,"Yes"
56378,"No"
56379,"No"
56380,"No"
56381,"Yes"
56382,"No"
56383,"No"
56384,"Yes"
56385,"No"
56386,"Yes"
56387,"No"
56388,"Yes"
56389,"No"
56390,"No"
56391,"Yes"
56392,"No"
56393,"Yes"
56394,"No"
56395,"Yes"
56396,"No"
56397,"No"
56398,"No"
56399,"No"
56400,"No"
56401,"No"
56402,"Yes"
56403,"Yes"
56404,"Yes"
56405,"No"
56406,"Yes"
56407,"Yes"
56408,"Yes"
56409,"No"
56410,"Yes"
56411,"Yes"
56412,"No"
56413,"Yes"
56414,"No"
56415,"No"
56416,"No"
56417,"No"
56418,"No"
56419,"Yes"
56420,"No"
56421,"No"
56422,"Yes"
56423,"Yes"
56424,"No"
56425,"No"
56426,"No"
56427,"Yes"
56428,"Yes"
56429,"No"
56430,"No"
56431,"No"
56432,"No"
56433,"No"
56434,"No"
56435,"Yes"
56436,"No"
56437,"No"
56438,"Yes"
56439,"No"
56440,"Yes"
56441,"No"
56442,"No"
56443,"Yes"
56444,"No"
56445,"No"
56446,"Yes"
56447,"Yes"
56448,"No"
56449,"Yes"
56450,"No"
56451,"No"
56452,"Yes"
56453,"Yes"
56454,"No"
56455,"No"
56456,"No"
56457,"Yes"
56458,"No"
56459,"Yes"
56460,"No"
56461,"No"
56462,"No"
56463,"No"
56464,"No"
56465,"No"
56466,"No"
56467,"No"
56468,"No"
56469,"No"
56470,"Yes"
56471,"No"
56472,"Yes"
56473,"No"
56474,"No"
56475,"Yes"
56476,"No"
56477,"No"
56478,"Yes"
56479,"No"
56480,"No"
56481,"Yes"
56482,"No"
56483,"No"
56484,"No"
56485,"No"
56486,"Yes"
56487,"No"
56488,"No"
56489,"No"
56490,"No"
56491,"No"
56492,"Yes"
56493,"No"
56494,"No"
56495,"Yes"
56496,"Yes"
56497,"No"
56498,"No"
56499,"No"
56500,"Yes"
56501,"No"
56502,"Yes"
56503,"Yes"
56504,"Yes"
56505,"No"
56506,"No"
56507,"Yes"
56508,"No"
56509,"No"
56510,"No"
56511,"No"
56512,"Yes"
56513,"No"
56514,"Yes"
56515,"No"
56516,"No"
56517,"No"
56518,"No"
56519,"Yes"
56520,"No"
56521,"No"
56522,"Yes"
56523,"No"
56524,"No"
56525,"No"
56526,"Yes"
56527,"Yes"
56528,"Yes"
56529,"No"
56530,"Yes"
56531,"No"
56532,"No"
56533,"No"
56534,"No"
56535,"Yes"
56536,"No"
56537,"No"
56538,"No"
56539,"No"
56540,"No"
56541,"No"
56542,"No"
56543,"Yes"
56544,"No"
56545,"Yes"
56546,"No"
56547,"No"
56548,"Yes"
56549,"Yes"
56550,"No"
56551,"No"
56552,"No"
56553,"No"
56554,"No"
56555,"No"
56556,"No"
56557,"No"
56558,"Yes"
56559,"Yes"
56560,"No"
56561,"No"
56562,"No"
56563,"Yes"
56564,"No"
56565,"No"
56566,"No"
56567,"Yes"
56568,"No"
56569,"No"
56570,"No"
56571,"No"
56572,"No"
56573,"No"
56574,"No"
56575,"No"
56576,"No"
56577,"No"
56578,"Yes"
56579,"Yes"
56580,"No"
56581,"No"
56582,"Yes"
56583,"No"
56584,"No"
56585,"No"
56586,"Yes"
56587,"No"
56588,"Yes"
56589,"No"
56590,"No"
56591,"Yes"
56592,"Yes"
56593,"Yes"
56594,"No"
56595,"No"
56596,"No"
56597,"Yes"
56598,"No"
56599,"No"
56600,"No"
56601,"No"
56602,"No"
56603,"No"
56604,"Yes"
56605,"No"
56606,"No"
56607,"No"
56608,"No"
56609,"No"
56610,"Yes"
56611,"Yes"
56612,"Yes"
56613,"No"
56614,"No"
56615,"Yes"
56616,"Yes"
56617,"No"
56618,"Yes"
56619,"No"
56620,"Yes"
56621,"No"
56622,"No"
56623,"No"
56624,"Yes"
56625,"Yes"
56626,"Yes"
56627,"Yes"
56628,"Yes"
56629,"No"
56630,"No"
56631,"Yes"
56632,"No"
56633,"Yes"
56634,"Yes"
56635,"No"
56636,"No"
56637,"No"
56638,"Yes"
56639,"No"
56640,"No"
56641,"No"
56642,"No"
56643,"No"
56644,"No"
56645,"Yes"
56646,"No"
56647,"No"
56648,"Yes"
56649,"Yes"
56650,"No"
56651,"No"
56652,"No"
56653,"No"
56654,"Yes"
56655,"No"
56656,"Yes"
56657,"Yes"
56658,"Yes"
56659,"No"
56660,"Yes"
56661,"No"
56662,"Yes"
56663,"No"
56664,"No"
56665,"No"
56666,"Yes"
56667,"No"
56668,"No"
56669,"No"
56670,"No"
56671,"No"
56672,"No"
56673,"No"
56674,"Yes"
56675,"No"
56676,"No"
56677,"No"
56678,"No"
56679,"No"
56680,"No"
56681,"No"
56682,"Yes"
56683,"No"
56684,"Yes"
56685,"No"
56686,"Yes"
56687,"No"
56688,"No"
56689,"No"
56690,"No"
56691,"Yes"
56692,"Yes"
56693,"No"
56694,"No"
56695,"No"
56696,"Yes"
56697,"No"
56698,"No"
56699,"Yes"
56700,"No"
56701,"No"
56702,"Yes"
56703,"No"
56704,"Yes"
56705,"No"
56706,"No"
56707,"Yes"
56708,"Yes"
56709,"No"
56710,"No"
56711,"No"
56712,"No"
56713,"No"
56714,"No"
56715,"No"
56716,"No"
56717,"No"
56718,"No"
56719,"Yes"
56720,"Yes"
56721,"No"
56722,"Yes"
56723,"Yes"
56724,"No"
56725,"No"
56726,"Yes"
56727,"No"
56728,"Yes"
56729,"Yes"
56730,"Yes"
56731,"No"
56732,"Yes"
56733,"No"
56734,"Yes"
56735,"No"
56736,"Yes"
56737,"Yes"
56738,"No"
56739,"No"
56740,"Yes"
56741,"No"
56742,"No"
56743,"No"
56744,"No"
56745,"Yes"
56746,"Yes"
56747,"No"
56748,"Yes"
56749,"No"
56750,"No"
56751,"No"
56752,"No"
56753,"Yes"
56754,"Yes"
56755,"Yes"
56756,"No"
56757,"No"
56758,"Yes"
56759,"No"
56760,"No"
56761,"No"
56762,"Yes"
56763,"No"
56764,"Yes"
56765,"No"
56766,"Yes"
56767,"No"
56768,"Yes"
56769,"No"
56770,"No"
56771,"No"
56772,"No"
56773,"No"
56774,"Yes"
56775,"No"
56776,"Yes"
56777,"Yes"
56778,"No"
56779,"No"
56780,"No"
56781,"Yes"
56782,"Yes"
56783,"Yes"
56784,"Yes"
56785,"No"
56786,"No"
56787,"No"
56788,"No"
56789,"No"
56790,"Yes"
56791,"Yes"
56792,"No"
56793,"No"
56794,"Yes"
56795,"No"
56796,"Yes"
56797,"No"
56798,"Yes"
56799,"Yes"
56800,"No"
56801,"No"
56802,"No"
56803,"No"
56804,"No"
56805,"No"
56806,"No"
56807,"No"
56808,"Yes"
56809,"No"
56810,"No"
56811,"No"
56812,"No"
56813,"No"
56814,"Yes"
56815,"Yes"
56816,"Yes"
56817,"No"
56818,"Yes"
56819,"No"
56820,"No"
56821,"No"
56822,"No"
56823,"No"
56824,"No"
56825,"Yes"
56826,"No"
56827,"No"
56828,"No"
56829,"No"
56830,"No"
56831,"No"
56832,"No"
56833,"No"
56834,"Yes"
56835,"No"
56836,"No"
56837,"Yes"
56838,"No"
56839,"No"
56840,"No"
56841,"Yes"
56842,"Yes"
56843,"Yes"
56844,"No"
56845,"No"
56846,"No"
56847,"No"
56848,"No"
56849,"Yes"
56850,"Yes"
56851,"No"
56852,"No"
56853,"No"
56854,"No"
56855,"Yes"
56856,"No"
56857,"No"
56858,"No"
56859,"No"
56860,"Yes"
56861,"Yes"
56862,"Yes"
56863,"No"
56864,"No"
56865,"Yes"
56866,"No"
56867,"Yes"
56868,"No"
56869,"No"
56870,"No"
56871,"No"
56872,"No"
56873,"No"
56874,"No"
56875,"No"
56876,"Yes"
56877,"No"
56878,"Yes"
56879,"No"
56880,"No"
56881,"No"
56882,"No"
56883,"Yes"
56884,"Yes"
56885,"No"
56886,"Yes"
56887,"No"
56888,"No"
56889,"No"
56890,"No"
56891,"No"
56892,"Yes"
56893,"No"
56894,"No"
56895,"No"
56896,"No"
56897,"No"
56898,"No"
56899,"No"
56900,"No"
56901,"No"
56902,"Yes"
56903,"Yes"
56904,"No"
56905,"No"
56906,"Yes"
56907,"Yes"
56908,"No"
56909,"No"
56910,"No"
56911,"No"
56912,"No"
56913,"Yes"
56914,"No"
56915,"Yes"
56916,"No"
56917,"No"
56918,"No"
56919,"No"
56920,"Yes"
56921,"Yes"
56922,"No"
56923,"No"
56924,"Yes"
56925,"No"
56926,"No"
56927,"No"
56928,"No"
56929,"No"
56930,"No"
56931,"No"
56932,"No"
56933,"No"
56934,"No"
56935,"No"
56936,"Yes"
56937,"No"
56938,"No"
56939,"No"
56940,"Yes"
56941,"No"
56942,"Yes"
56943,"No"
56944,"No"
56945,"No"
56946,"No"
56947,"Yes"
56948,"No"
56949,"No"
56950,"No"
56951,"Yes"
56952,"Yes"
56953,"No"
56954,"No"
56955,"Yes"
56956,"No"
56957,"Yes"
56958,"Yes"
56959,"Yes"
56960,"No"
56961,"No"
56962,"No"
56963,"No"
56964,"No"
56965,"Yes"
56966,"No"
56967,"No"
56968,"Yes"
56969,"Yes"
56970,"No"
56971,"No"
56972,"No"
56973,"No"
56974,"No"
56975,"No"
56976,"No"
56977,"No"
56978,"No"
56979,"Yes"
56980,"No"
56981,"No"
56982,"No"
56983,"No"
56984,"No"
56985,"No"
56986,"No"
56987,"Yes"
56988,"No"
56989,"No"
56990,"Yes"
56991,"Yes"
56992,"No"
56993,"No"
56994,"Yes"
56995,"Yes"
56996,"No"
56997,"No"
56998,"No"
56999,"Yes"
57000,"Yes"
57001,"No"
57002,"No"
57003,"No"
57004,"Yes"
57005,"Yes"
57006,"No"
57007,"No"
57008,"No"
57009,"No"
57010,"Yes"
57011,"No"
57012,"No"
57013,"No"
57014,"No"
57015,"Yes"
57016,"No"
57017,"No"
57018,"No"
57019,"No"
57020,"Yes"
57021,"No"
57022,"No"
57023,"No"
57024,"No"
57025,"Yes"
57026,"No"
57027,"No"
57028,"No"
57029,"Yes"
57030,"No"
57031,"No"
57032,"Yes"
57033,"No"
57034,"No"
57035,"No"
57036,"No"
57037,"No"
57038,"No"
57039,"No"
57040,"No"
57041,"No"
57042,"No"
57043,"No"
57044,"No"
57045,"No"
57046,"No"
57047,"No"
57048,"No"
57049,"Yes"
57050,"No"
57051,"No"
57052,"No"
57053,"No"
57054,"No"
57055,"Yes"
57056,"No"
57057,"Yes"
57058,"No"
57059,"Yes"
57060,"Yes"
57061,"No"
57062,"No"
57063,"No"
57064,"Yes"
57065,"No"
57066,"No"
57067,"No"
57068,"No"
57069,"Yes"
57070,"No"
57071,"No"
57072,"No"
57073,"Yes"
57074,"No"
57075,"No"
57076,"No"
57077,"Yes"
57078,"No"
57079,"No"
57080,"No"
57081,"No"
57082,"No"
57083,"No"
57084,"No"
57085,"Yes"
57086,"Yes"
57087,"No"
57088,"No"
57089,"No"
57090,"Yes"
57091,"No"
57092,"No"
57093,"No"
57094,"Yes"
57095,"Yes"
57096,"Yes"
57097,"No"
57098,"Yes"
57099,"No"
57100,"Yes"
57101,"Yes"
57102,"No"
57103,"No"
57104,"Yes"
57105,"No"
57106,"No"
57107,"No"
57108,"Yes"
57109,"No"
57110,"No"
57111,"No"
57112,"Yes"
57113,"No"
57114,"No"
57115,"Yes"
57116,"No"
57117,"No"
57118,"No"
57119,"Yes"
57120,"No"
57121,"Yes"
57122,"No"
57123,"Yes"
57124,"No"
57125,"No"
57126,"Yes"
57127,"No"
57128,"No"
57129,"No"
57130,"No"
57131,"No"
57132,"Yes"
57133,"No"
57134,"Yes"
57135,"No"
57136,"Yes"
57137,"No"
57138,"No"
57139,"No"
57140,"No"
57141,"No"
57142,"No"
57143,"No"
57144,"No"
57145,"Yes"
57146,"No"
57147,"Yes"
57148,"No"
57149,"No"
57150,"Yes"
57151,"No"
57152,"No"
57153,"No"
57154,"Yes"
57155,"No"
57156,"No"
57157,"No"
57158,"Yes"
57159,"No"
57160,"Yes"
57161,"No"
57162,"Yes"
57163,"Yes"
57164,"Yes"
57165,"No"
57166,"Yes"
57167,"Yes"
57168,"Yes"
57169,"No"
57170,"No"
57171,"Yes"
57172,"No"
57173,"No"
57174,"No"
57175,"No"
57176,"Yes"
57177,"No"
57178,"Yes"
57179,"No"
57180,"No"
57181,"No"
57182,"Yes"
57183,"No"
57184,"Yes"
57185,"No"
57186,"No"
57187,"No"
57188,"No"
57189,"No"
57190,"Yes"
57191,"No"
57192,"No"
57193,"No"
57194,"No"
57195,"No"
57196,"No"
57197,"No"
57198,"Yes"
57199,"No"
57200,"Yes"
57201,"No"
57202,"No"
57203,"Yes"
57204,"No"
57205,"No"
57206,"No"
57207,"No"
57208,"No"
57209,"No"
57210,"No"
57211,"Yes"
57212,"Yes"
57213,"No"
57214,"Yes"
57215,"No"
57216,"Yes"
57217,"Yes"
57218,"No"
57219,"Yes"
57220,"Yes"
57221,"No"
57222,"No"
57223,"No"
57224,"No"
57225,"No"
57226,"No"
57227,"Yes"
57228,"No"
57229,"No"
57230,"No"
57231,"No"
57232,"No"
57233,"Yes"
57234,"No"
57235,"No"
57236,"No"
57237,"Yes"
57238,"Yes"
57239,"No"
57240,"No"
57241,"Yes"
57242,"No"
57243,"Yes"
57244,"Yes"
57245,"No"
57246,"No"
57247,"No"
57248,"Yes"
57249,"No"
57250,"Yes"
57251,"Yes"
57252,"No"
57253,"Yes"
57254,"Yes"
57255,"No"
57256,"No"
57257,"No"
57258,"No"
57259,"No"
57260,"Yes"
57261,"Yes"
57262,"Yes"
57263,"No"
57264,"Yes"
57265,"Yes"
57266,"No"
57267,"No"
57268,"No"
57269,"Yes"
57270,"No"
57271,"No"
57272,"Yes"
57273,"No"
57274,"No"
57275,"Yes"
57276,"Yes"
57277,"No"
57278,"No"
57279,"Yes"
57280,"No"
57281,"No"
57282,"Yes"
57283,"No"
57284,"No"
57285,"No"
57286,"No"
57287,"No"
57288,"No"
57289,"Yes"
57290,"No"
57291,"Yes"
57292,"Yes"
57293,"No"
57294,"Yes"
57295,"No"
57296,"Yes"
57297,"Yes"
57298,"No"
57299,"Yes"
57300,"Yes"
57301,"Yes"
57302,"Yes"
57303,"No"
57304,"No"
57305,"No"
57306,"No"
57307,"Yes"
57308,"No"
57309,"No"
57310,"No"
57311,"No"
57312,"No"
57313,"Yes"
57314,"Yes"
57315,"Yes"
57316,"No"
57317,"Yes"
57318,"Yes"
57319,"Yes"
57320,"No"
57321,"No"
57322,"Yes"
57323,"Yes"
57324,"No"
57325,"Yes"
57326,"Yes"
57327,"No"
57328,"No"
57329,"No"
57330,"No"
57331,"No"
57332,"No"
57333,"Yes"
57334,"Yes"
57335,"No"
57336,"No"
57337,"No"
57338,"Yes"
57339,"No"
57340,"No"
57341,"No"
57342,"Yes"
57343,"No"
57344,"No"
57345,"No"
57346,"Yes"
57347,"No"
57348,"No"
57349,"No"
57350,"No"
57351,"No"
57352,"No"
57353,"Yes"
57354,"No"
57355,"No"
57356,"No"
57357,"No"
57358,"Yes"
57359,"No"
57360,"Yes"
57361,"No"
57362,"No"
57363,"Yes"
57364,"No"
57365,"No"
57366,"No"
57367,"No"
57368,"No"
57369,"No"
57370,"Yes"
57371,"No"
57372,"No"
57373,"No"
57374,"Yes"
57375,"No"
57376,"No"
57377,"Yes"
57378,"No"
57379,"No"
57380,"No"
57381,"No"
57382,"No"
57383,"No"
57384,"No"
57385,"No"
57386,"No"
57387,"No"
57388,"No"
57389,"No"
57390,"No"
57391,"No"
57392,"No"
57393,"No"
57394,"No"
57395,"No"
57396,"No"
57397,"No"
57398,"No"
57399,"Yes"
57400,"No"
57401,"No"
57402,"No"
57403,"Yes"
57404,"Yes"
57405,"No"
57406,"No"
57407,"No"
57408,"No"
57409,"No"
57410,"No"
57411,"No"
57412,"No"
57413,"Yes"
57414,"Yes"
57415,"Yes"
57416,"No"
57417,"No"
57418,"Yes"
57419,"No"
57420,"No"
57421,"Yes"
57422,"Yes"
57423,"Yes"
57424,"Yes"
57425,"No"
57426,"No"
57427,"Yes"
57428,"No"
57429,"No"
57430,"No"
57431,"No"
57432,"No"
57433,"No"
57434,"No"
57435,"Yes"
57436,"Yes"
57437,"No"
57438,"No"
57439,"No"
57440,"No"
57441,"Yes"
57442,"Yes"
57443,"Yes"
57444,"Yes"
57445,"Yes"
57446,"No"
57447,"No"
57448,"No"
57449,"No"
57450,"No"
57451,"No"
57452,"No"
57453,"No"
57454,"No"
57455,"Yes"
57456,"No"
57457,"No"
57458,"No"
57459,"No"
57460,"No"
57461,"No"
57462,"No"
57463,"No"
57464,"No"
57465,"No"
57466,"No"
57467,"No"
57468,"No"
57469,"Yes"
57470,"Yes"
57471,"Yes"
57472,"Yes"
57473,"No"
57474,"No"
57475,"No"
57476,"No"
57477,"No"
57478,"No"
57479,"No"
57480,"Yes"
57481,"Yes"
57482,"No"
57483,"Yes"
57484,"No"
57485,"Yes"
57486,"Yes"
57487,"No"
57488,"No"
57489,"No"
57490,"No"
57491,"Yes"
57492,"Yes"
57493,"No"
57494,"Yes"
57495,"No"
57496,"No"
57497,"Yes"
57498,"Yes"
57499,"Yes"
57500,"No"
57501,"No"
57502,"No"
57503,"No"
57504,"Yes"
57505,"Yes"
57506,"No"
57507,"No"
57508,"Yes"
57509,"No"
57510,"Yes"
57511,"No"
57512,"Yes"
57513,"No"
57514,"No"
57515,"Yes"
57516,"No"
57517,"No"
57518,"Yes"
57519,"No"
57520,"No"
57521,"No"
57522,"Yes"
57523,"No"
57524,"No"
57525,"No"
57526,"No"
57527,"No"
57528,"Yes"
57529,"No"
57530,"Yes"
57531,"Yes"
57532,"No"
57533,"No"
57534,"No"
57535,"No"
57536,"No"
57537,"No"
57538,"No"
57539,"No"
57540,"Yes"
57541,"Yes"
57542,"Yes"
57543,"Yes"
57544,"No"
57545,"No"
57546,"Yes"
57547,"No"
57548,"No"
57549,"Yes"
57550,"Yes"
57551,"No"
57552,"No"
57553,"No"
57554,"Yes"
57555,"No"
57556,"Yes"
57557,"No"
57558,"No"
57559,"No"
57560,"Yes"
57561,"No"
57562,"No"
57563,"No"
57564,"No"
57565,"Yes"
57566,"No"
57567,"Yes"
57568,"No"
57569,"Yes"
57570,"No"
57571,"No"
57572,"Yes"
57573,"No"
57574,"No"
57575,"No"
57576,"No"
57577,"No"
57578,"No"
57579,"Yes"
57580,"No"
57581,"No"
57582,"No"
57583,"No"
57584,"No"
57585,"Yes"
57586,"No"
57587,"No"
57588,"No"
57589,"No"
57590,"Yes"
57591,"No"
57592,"Yes"
57593,"No"
57594,"No"
57595,"No"
57596,"Yes"
57597,"No"
57598,"No"
57599,"No"
57600,"No"
57601,"No"
57602,"No"
57603,"Yes"
57604,"No"
57605,"No"
57606,"No"
57607,"Yes"
57608,"No"
57609,"No"
57610,"No"
57611,"No"
57612,"Yes"
57613,"Yes"
57614,"No"
57615,"No"
57616,"No"
57617,"No"
57618,"No"
57619,"No"
57620,"Yes"
57621,"No"
57622,"Yes"
57623,"No"
57624,"No"
57625,"No"
57626,"No"
57627,"Yes"
57628,"No"
57629,"No"
57630,"Yes"
57631,"No"
57632,"No"
57633,"No"
57634,"Yes"
57635,"Yes"
57636,"Yes"
57637,"No"
57638,"No"
57639,"No"
57640,"No"
57641,"No"
57642,"No"
57643,"Yes"
57644,"No"
57645,"No"
57646,"No"
57647,"No"
57648,"No"
57649,"Yes"
57650,"Yes"
57651,"No"
57652,"No"
57653,"No"
57654,"No"
57655,"No"
57656,"No"
57657,"No"
57658,"Yes"
57659,"Yes"
57660,"No"
57661,"No"
57662,"No"
57663,"No"
57664,"No"
57665,"No"
57666,"Yes"
57667,"No"
57668,"No"
57669,"Yes"
57670,"No"
57671,"No"
57672,"No"
57673,"No"
57674,"No"
57675,"No"
57676,"No"
57677,"No"
57678,"No"
57679,"No"
57680,"Yes"
57681,"No"
57682,"No"
57683,"No"
57684,"No"
57685,"No"
57686,"No"
57687,"Yes"
57688,"No"
57689,"No"
57690,"No"
57691,"No"
57692,"No"
57693,"No"
57694,"Yes"
57695,"No"
57696,"Yes"
57697,"Yes"
57698,"No"
57699,"No"
57700,"No"
57701,"Yes"
57702,"No"
57703,"No"
57704,"No"
57705,"No"
57706,"No"
57707,"Yes"
57708,"No"
57709,"No"
57710,"Yes"
57711,"No"
57712,"No"
57713,"Yes"
57714,"No"
57715,"Yes"
57716,"No"
57717,"No"
57718,"No"
57719,"Yes"
57720,"No"
57721,"No"
57722,"No"
57723,"Yes"
57724,"No"
57725,"No"
57726,"No"
57727,"No"
57728,"No"
57729,"Yes"
57730,"Yes"
57731,"No"
57732,"No"
57733,"Yes"
57734,"No"
57735,"No"
57736,"Yes"
57737,"No"
57738,"No"
57739,"No"
57740,"Yes"
57741,"No"
57742,"No"
57743,"No"
57744,"No"
57745,"No"
57746,"No"
57747,"No"
57748,"No"
57749,"No"
57750,"Yes"
57751,"No"
57752,"Yes"
57753,"No"
57754,"Yes"
57755,"No"
57756,"No"
57757,"No"
57758,"No"
57759,"Yes"
57760,"Yes"
57761,"No"
57762,"No"
57763,"Yes"
57764,"Yes"
57765,"No"
57766,"No"
57767,"No"
57768,"No"
57769,"No"
57770,"No"
57771,"No"
57772,"Yes"
57773,"No"
57774,"No"
57775,"No"
57776,"No"
57777,"Yes"
57778,"No"
57779,"No"
57780,"No"
57781,"No"
57782,"No"
57783,"Yes"
57784,"Yes"
57785,"Yes"
57786,"No"
57787,"No"
57788,"No"
57789,"Yes"
57790,"Yes"
57791,"Yes"
57792,"No"
57793,"No"
57794,"No"
57795,"Yes"
57796,"No"
57797,"No"
57798,"No"
57799,"No"
57800,"No"
57801,"Yes"
57802,"No"
57803,"Yes"
57804,"No"
57805,"No"
57806,"No"
57807,"No"
57808,"Yes"
57809,"No"
57810,"No"
57811,"Yes"
57812,"No"
57813,"No"
57814,"Yes"
57815,"Yes"
57816,"No"
57817,"No"
57818,"No"
57819,"No"
57820,"Yes"
57821,"Yes"
57822,"No"
57823,"No"
57824,"No"
57825,"No"
57826,"No"
57827,"No"
57828,"Yes"
57829,"No"
57830,"No"
57831,"Yes"
57832,"No"
57833,"No"
57834,"No"
57835,"Yes"
57836,"No"
57837,"No"
57838,"No"
57839,"No"
57840,"No"
57841,"Yes"
57842,"Yes"
57843,"No"
57844,"No"
57845,"No"
57846,"Yes"
57847,"Yes"
57848,"No"
57849,"No"
57850,"Yes"
57851,"Yes"
57852,"No"
57853,"Yes"
57854,"Yes"
57855,"Yes"
57856,"No"
57857,"No"
57858,"No"
57859,"Yes"
57860,"No"
57861,"No"
57862,"No"
57863,"Yes"
57864,"No"
57865,"No"
57866,"No"
57867,"Yes"
57868,"Yes"
57869,"No"
57870,"Yes"
57871,"No"
57872,"Yes"
57873,"Yes"
57874,"No"
57875,"No"
57876,"No"
57877,"Yes"
57878,"Yes"
57879,"No"
57880,"No"
57881,"No"
57882,"No"
57883,"Yes"
57884,"Yes"
57885,"No"
57886,"Yes"
57887,"No"
57888,"No"
57889,"Yes"
57890,"Yes"
57891,"No"
57892,"No"
57893,"No"
57894,"Yes"
57895,"No"
57896,"No"
57897,"Yes"
57898,"No"
57899,"No"
57900,"Yes"
57901,"Yes"
57902,"No"
57903,"Yes"
57904,"No"
57905,"No"
57906,"No"
57907,"No"
57908,"No"
57909,"Yes"
57910,"No"
57911,"No"
57912,"No"
57913,"Yes"
57914,"No"
57915,"No"
57916,"No"
57917,"Yes"
57918,"Yes"
57919,"No"
57920,"Yes"
57921,"No"
57922,"Yes"
57923,"No"
57924,"No"
57925,"Yes"
57926,"Yes"
57927,"No"
57928,"No"
57929,"Yes"
57930,"No"
57931,"Yes"
57932,"No"
57933,"Yes"
57934,"No"
57935,"Yes"
57936,"No"
57937,"No"
57938,"No"
57939,"No"
57940,"No"
57941,"Yes"
57942,"No"
57943,"No"
57944,"Yes"
57945,"Yes"
57946,"Yes"
57947,"No"
57948,"No"
57949,"No"
57950,"Yes"
57951,"No"
57952,"No"
57953,"Yes"
57954,"No"
57955,"No"
57956,"Yes"
57957,"No"
57958,"No"
57959,"No"
57960,"Yes"
57961,"Yes"
57962,"No"
57963,"No"
57964,"Yes"
57965,"Yes"
57966,"No"
57967,"No"
57968,"No"
57969,"Yes"
57970,"Yes"
57971,"Yes"
57972,"No"
57973,"Yes"
57974,"No"
57975,"No"
57976,"No"
57977,"Yes"
57978,"Yes"
57979,"No"
57980,"Yes"
57981,"Yes"
57982,"No"
57983,"Yes"
57984,"No"
57985,"No"
57986,"No"
57987,"No"
57988,"No"
57989,"No"
57990,"No"
57991,"No"
57992,"No"
57993,"No"
57994,"Yes"
57995,"Yes"
57996,"Yes"
57997,"Yes"
57998,"No"
57999,"Yes"
58000,"Yes"
58001,"No"
58002,"No"
58003,"No"
58004,"No"
58005,"Yes"
58006,"No"
58007,"No"
58008,"Yes"
58009,"No"
58010,"No"
58011,"Yes"
58012,"No"
58013,"Yes"
58014,"No"
58015,"Yes"
58016,"No"
58017,"No"
58018,"No"
58019,"No"
58020,"No"
58021,"Yes"
58022,"No"
58023,"No"
58024,"No"
58025,"Yes"
58026,"No"
58027,"Yes"
58028,"No"
58029,"No"
58030,"No"
58031,"No"
58032,"No"
58033,"Yes"
58034,"Yes"
58035,"No"
58036,"Yes"
58037,"No"
58038,"No"
58039,"No"
58040,"No"
58041,"Yes"
58042,"No"
58043,"No"
58044,"No"
58045,"No"
58046,"Yes"
58047,"No"
58048,"Yes"
58049,"Yes"
58050,"No"
58051,"Yes"
58052,"No"
58053,"No"
58054,"No"
58055,"No"
58056,"No"
58057,"No"
58058,"No"
58059,"Yes"
58060,"Yes"
58061,"No"
58062,"No"
58063,"No"
58064,"Yes"
58065,"No"
58066,"No"
58067,"No"
58068,"No"
58069,"No"
58070,"No"
58071,"Yes"
58072,"Yes"
58073,"No"
58074,"No"
58075,"Yes"
58076,"Yes"
58077,"Yes"
58078,"Yes"
58079,"No"
58080,"No"
58081,"No"
58082,"Yes"
58083,"No"
58084,"Yes"
58085,"Yes"
58086,"No"
58087,"Yes"
58088,"No"
58089,"No"
58090,"No"
58091,"No"
58092,"No"
58093,"No"
58094,"No"
58095,"Yes"
58096,"No"
58097,"Yes"
58098,"No"
58099,"No"
58100,"No"
58101,"No"
58102,"Yes"
58103,"No"
58104,"No"
58105,"No"
58106,"No"
58107,"Yes"
58108,"No"
58109,"No"
58110,"No"
58111,"Yes"
58112,"No"
58113,"Yes"
58114,"Yes"
58115,"No"
58116,"No"
58117,"No"
58118,"No"
58119,"Yes"
58120,"No"
58121,"Yes"
58122,"No"
58123,"Yes"
58124,"Yes"
58125,"No"
58126,"Yes"
58127,"Yes"
58128,"No"
58129,"No"
58130,"No"
58131,"Yes"
58132,"Yes"
58133,"Yes"
58134,"No"
58135,"No"
58136,"No"
58137,"Yes"
58138,"Yes"
58139,"No"
58140,"No"
58141,"No"
58142,"Yes"
58143,"Yes"
58144,"No"
58145,"Yes"
58146,"Yes"
58147,"Yes"
58148,"Yes"
58149,"No"
58150,"Yes"
58151,"No"
58152,"No"
58153,"No"
58154,"No"
58155,"No"
58156,"No"
58157,"Yes"
58158,"Yes"
58159,"No"
58160,"No"
58161,"Yes"
58162,"Yes"
58163,"No"
58164,"No"
58165,"No"
58166,"No"
58167,"No"
58168,"No"
58169,"No"
58170,"Yes"
58171,"Yes"
58172,"Yes"
58173,"No"
58174,"Yes"
58175,"Yes"
58176,"No"
58177,"No"
58178,"Yes"
58179,"No"
58180,"No"
58181,"No"
58182,"No"
58183,"No"
58184,"No"
58185,"No"
58186,"No"
58187,"No"
58188,"No"
58189,"Yes"
58190,"No"
58191,"Yes"
58192,"No"
58193,"Yes"
58194,"No"
58195,"Yes"
58196,"Yes"
58197,"No"
58198,"No"
58199,"Yes"
58200,"Yes"
58201,"No"
58202,"Yes"
58203,"No"
58204,"Yes"
58205,"No"
58206,"No"
58207,"No"
58208,"Yes"
58209,"Yes"
58210,"Yes"
58211,"Yes"
58212,"No"
58213,"No"
58214,"No"
58215,"Yes"
58216,"Yes"
58217,"No"
58218,"Yes"
58219,"No"
58220,"Yes"
58221,"Yes"
58222,"Yes"
58223,"No"
58224,"Yes"
58225,"Yes"
58226,"No"
58227,"Yes"
58228,"No"
58229,"Yes"
58230,"No"
58231,"No"
58232,"Yes"
58233,"Yes"
58234,"No"
58235,"No"
58236,"Yes"
58237,"No"
58238,"Yes"
58239,"No"
58240,"No"
58241,"No"
58242,"No"
58243,"No"
58244,"No"
58245,"No"
58246,"No"
58247,"No"
58248,"No"
58249,"No"
58250,"No"
58251,"No"
58252,"No"
58253,"No"
58254,"No"
58255,"Yes"
58256,"No"
58257,"Yes"
58258,"No"
58259,"Yes"
58260,"No"
58261,"Yes"
58262,"Yes"
58263,"No"
58264,"No"
58265,"Yes"
58266,"No"
58267,"Yes"
58268,"No"
58269,"No"
58270,"No"
58271,"No"
58272,"No"
58273,"No"
58274,"No"
58275,"No"
58276,"No"
58277,"No"
58278,"Yes"
58279,"Yes"
58280,"No"
58281,"Yes"
58282,"Yes"
58283,"No"
58284,"No"
58285,"No"
58286,"No"
58287,"No"
58288,"Yes"
58289,"No"
58290,"No"
58291,"No"
58292,"No"
58293,"No"
58294,"No"
58295,"No"
58296,"No"
58297,"No"
58298,"Yes"
58299,"Yes"
58300,"Yes"
58301,"No"
58302,"No"
58303,"No"
58304,"No"
58305,"No"
58306,"Yes"
58307,"No"
58308,"No"
58309,"No"
58310,"Yes"
58311,"Yes"
58312,"Yes"
58313,"No"
58314,"No"
58315,"No"
58316,"No"
58317,"Yes"
58318,"Yes"
58319,"No"
58320,"Yes"
58321,"No"
58322,"Yes"
58323,"Yes"
58324,"No"
58325,"No"
58326,"Yes"
58327,"No"
58328,"No"
58329,"Yes"
58330,"Yes"
58331,"Yes"
58332,"No"
58333,"Yes"
58334,"Yes"
58335,"No"
58336,"Yes"
58337,"No"
58338,"No"
58339,"No"
58340,"Yes"
58341,"No"
58342,"No"
58343,"No"
58344,"No"
58345,"Yes"
58346,"No"
58347,"No"
58348,"No"
58349,"No"
58350,"No"
58351,"Yes"
58352,"No"
58353,"Yes"
58354,"Yes"
58355,"No"
58356,"No"
58357,"No"
58358,"Yes"
58359,"No"
58360,"Yes"
58361,"No"
58362,"Yes"
58363,"No"
58364,"No"
58365,"No"
58366,"No"
58367,"No"
58368,"No"
58369,"No"
58370,"No"
58371,"No"
58372,"No"
58373,"No"
58374,"No"
58375,"Yes"
58376,"Yes"
58377,"No"
58378,"No"
58379,"No"
58380,"Yes"
58381,"Yes"
58382,"Yes"
58383,"Yes"
58384,"No"
58385,"No"
58386,"No"
58387,"Yes"
58388,"No"
58389,"No"
58390,"No"
58391,"No"
58392,"No"
58393,"Yes"
58394,"No"
58395,"No"
58396,"No"
58397,"No"
58398,"Yes"
58399,"Yes"
58400,"Yes"
58401,"Yes"
58402,"No"
58403,"No"
58404,"Yes"
58405,"No"
58406,"No"
58407,"No"
58408,"Yes"
58409,"No"
58410,"No"
58411,"Yes"
58412,"No"
58413,"Yes"
58414,"Yes"
58415,"No"
58416,"No"
58417,"Yes"
58418,"Yes"
58419,"No"
58420,"Yes"
58421,"No"
58422,"No"
58423,"No"
58424,"No"
58425,"No"
58426,"Yes"
58427,"No"
58428,"Yes"
58429,"No"
58430,"No"
58431,"No"
58432,"No"
58433,"No"
58434,"No"
58435,"No"
58436,"No"
58437,"No"
58438,"No"
58439,"No"
58440,"No"
58441,"Yes"
58442,"No"
58443,"No"
58444,"Yes"
58445,"Yes"
58446,"Yes"
58447,"Yes"
58448,"No"
58449,"No"
58450,"No"
58451,"Yes"
58452,"Yes"
58453,"No"
58454,"Yes"
58455,"No"
58456,"No"
58457,"No"
58458,"Yes"
58459,"No"
58460,"No"
58461,"Yes"
58462,"Yes"
58463,"Yes"
58464,"No"
58465,"No"
58466,"No"
58467,"No"
58468,"Yes"
58469,"Yes"
58470,"No"
58471,"Yes"
58472,"No"
58473,"Yes"
58474,"Yes"
58475,"No"
58476,"No"
58477,"No"
58478,"No"
58479,"No"
58480,"No"
58481,"No"
58482,"No"
58483,"Yes"
58484,"No"
58485,"Yes"
58486,"No"
58487,"Yes"
58488,"Yes"
58489,"Yes"
58490,"No"
58491,"No"
58492,"No"
58493,"Yes"
58494,"No"
58495,"Yes"
58496,"No"
58497,"No"
58498,"No"
58499,"No"
58500,"No"
58501,"Yes"
58502,"No"
58503,"Yes"
58504,"No"
58505,"Yes"
58506,"Yes"
58507,"No"
58508,"No"
58509,"No"
58510,"Yes"
58511,"No"
58512,"No"
58513,"No"
58514,"Yes"
58515,"No"
58516,"No"
58517,"No"
58518,"No"
58519,"No"
58520,"No"
58521,"No"
58522,"No"
58523,"Yes"
58524,"Yes"
58525,"No"
58526,"No"
58527,"Yes"
58528,"Yes"
58529,"Yes"
58530,"No"
58531,"No"
58532,"Yes"
58533,"Yes"
58534,"No"
58535,"Yes"
58536,"No"
58537,"No"
58538,"Yes"
58539,"Yes"
58540,"Yes"
58541,"No"
58542,"No"
58543,"Yes"
58544,"No"
58545,"No"
58546,"Yes"
58547,"No"
58548,"No"
58549,"Yes"
58550,"Yes"
58551,"No"
58552,"No"
58553,"No"
58554,"No"
58555,"Yes"
58556,"No"
58557,"No"
58558,"Yes"
58559,"Yes"
58560,"No"
58561,"Yes"
58562,"Yes"
58563,"Yes"
58564,"No"
58565,"No"
58566,"No"
58567,"No"
58568,"No"
58569,"Yes"
58570,"No"
58571,"No"
58572,"No"
58573,"No"
58574,"No"
58575,"Yes"
58576,"No"
58577,"No"
58578,"Yes"
58579,"No"
58580,"No"
58581,"No"
58582,"No"
58583,"No"
58584,"Yes"
58585,"No"
58586,"No"
58587,"No"
58588,"No"
58589,"No"
58590,"No"
58591,"No"
58592,"No"
58593,"No"
58594,"No"
58595,"No"
58596,"No"
58597,"No"
58598,"No"
58599,"Yes"
58600,"Yes"
58601,"No"
58602,"No"
58603,"Yes"
58604,"No"
58605,"Yes"
58606,"No"
58607,"No"
58608,"No"
58609,"Yes"
58610,"Yes"
58611,"Yes"
58612,"Yes"
58613,"Yes"
58614,"No"
58615,"No"
58616,"No"
58617,"No"
58618,"No"
58619,"No"
58620,"No"
58621,"No"
58622,"No"
58623,"Yes"
58624,"No"
58625,"Yes"
58626,"No"
58627,"Yes"
58628,"Yes"
58629,"No"
58630,"No"
58631,"Yes"
58632,"No"
58633,"No"
58634,"No"
58635,"Yes"
58636,"Yes"
58637,"Yes"
58638,"No"
58639,"No"
58640,"Yes"
58641,"Yes"
58642,"No"
58643,"Yes"
58644,"Yes"
58645,"No"
58646,"No"
58647,"No"
58648,"Yes"
58649,"No"
58650,"No"
58651,"Yes"
58652,"Yes"
58653,"No"
58654,"No"
58655,"No"
58656,"Yes"
58657,"Yes"
58658,"No"
58659,"Yes"
58660,"No"
58661,"No"
58662,"No"
58663,"No"
58664,"Yes"
58665,"No"
58666,"No"
58667,"No"
58668,"Yes"
58669,"No"
58670,"Yes"
58671,"Yes"
58672,"No"
58673,"Yes"
58674,"No"
58675,"No"
58676,"No"
58677,"Yes"
58678,"No"
58679,"Yes"
58680,"Yes"
58681,"Yes"
58682,"Yes"
58683,"Yes"
58684,"Yes"
58685,"No"
58686,"Yes"
58687,"No"
58688,"No"
58689,"Yes"
58690,"Yes"
58691,"No"
58692,"No"
58693,"No"
58694,"No"
58695,"No"
58696,"No"
58697,"No"
58698,"No"
58699,"No"
58700,"Yes"
58701,"No"
58702,"Yes"
58703,"No"
58704,"No"
58705,"No"
58706,"No"
58707,"No"
58708,"No"
58709,"Yes"
58710,"Yes"
58711,"Yes"
58712,"No"
58713,"No"
58714,"No"
58715,"No"
58716,"Yes"
58717,"Yes"
58718,"No"
58719,"Yes"
58720,"No"
58721,"No"
58722,"No"
58723,"No"
58724,"No"
58725,"Yes"
58726,"No"
58727,"No"
58728,"Yes"
58729,"No"
58730,"No"
58731,"No"
58732,"No"
58733,"No"
58734,"No"
58735,"Yes"
58736,"No"
58737,"No"
58738,"No"
58739,"No"
58740,"Yes"
58741,"No"
58742,"No"
58743,"No"
58744,"Yes"
58745,"No"
58746,"Yes"
58747,"No"
58748,"Yes"
58749,"No"
58750,"No"
58751,"No"
58752,"No"
58753,"No"
58754,"No"
58755,"Yes"
58756,"Yes"
58757,"No"
58758,"No"
58759,"Yes"
58760,"Yes"
58761,"No"
58762,"No"
58763,"Yes"
58764,"No"
58765,"Yes"
58766,"No"
58767,"No"
58768,"Yes"
58769,"No"
58770,"Yes"
58771,"No"
58772,"No"
58773,"Yes"
58774,"Yes"
58775,"Yes"
58776,"No"
58777,"No"
58778,"No"
58779,"No"
58780,"No"
58781,"No"
58782,"No"
58783,"No"
58784,"No"
58785,"No"
58786,"No"
58787,"Yes"
58788,"No"
58789,"No"
58790,"No"
58791,"No"
58792,"No"
58793,"No"
58794,"No"
58795,"No"
58796,"No"
58797,"No"
58798,"No"
58799,"No"
58800,"No"
58801,"No"
58802,"No"
58803,"No"
58804,"Yes"
58805,"No"
58806,"No"
58807,"Yes"
58808,"No"
58809,"No"
58810,"No"
58811,"No"
58812,"No"
58813,"No"
58814,"No"
58815,"Yes"
58816,"No"
58817,"Yes"
58818,"Yes"
58819,"Yes"
58820,"No"
58821,"Yes"
58822,"Yes"
58823,"No"
58824,"No"
58825,"Yes"
58826,"No"
58827,"No"
58828,"Yes"
58829,"Yes"
58830,"Yes"
58831,"Yes"
58832,"Yes"
58833,"No"
58834,"No"
58835,"Yes"
58836,"Yes"
58837,"Yes"
58838,"No"
58839,"No"
58840,"No"
58841,"No"
58842,"Yes"
58843,"No"
58844,"No"
58845,"Yes"
58846,"No"
58847,"No"
58848,"No"
58849,"No"
58850,"No"
58851,"No"
58852,"No"
58853,"Yes"
58854,"Yes"
58855,"Yes"
58856,"No"
58857,"Yes"
58858,"No"
58859,"No"
58860,"No"
58861,"Yes"
58862,"No"
58863,"No"
58864,"Yes"
58865,"Yes"
58866,"Yes"
58867,"Yes"
58868,"No"
58869,"No"
58870,"Yes"
58871,"No"
58872,"No"
58873,"No"
58874,"No"
58875,"No"
58876,"Yes"
58877,"No"
58878,"No"
58879,"No"
58880,"No"
58881,"No"
58882,"No"
58883,"No"
58884,"Yes"
58885,"No"
58886,"No"
58887,"Yes"
58888,"No"
58889,"No"
58890,"Yes"
58891,"No"
58892,"Yes"
58893,"Yes"
58894,"No"
58895,"No"
58896,"No"
58897,"No"
58898,"No"
58899,"No"
58900,"No"
58901,"Yes"
58902,"No"
58903,"No"
58904,"No"
58905,"No"
58906,"No"
58907,"No"
58908,"No"
58909,"No"
58910,"No"
58911,"Yes"
58912,"No"
58913,"Yes"
58914,"No"
58915,"Yes"
58916,"No"
58917,"No"
58918,"No"
58919,"No"
58920,"Yes"
58921,"No"
58922,"No"
58923,"No"
58924,"No"
58925,"Yes"
58926,"No"
58927,"Yes"
58928,"No"
58929,"No"
58930,"Yes"
58931,"Yes"
58932,"Yes"
58933,"No"
58934,"No"
58935,"No"
58936,"No"
58937,"Yes"
58938,"No"
58939,"Yes"
58940,"No"
58941,"No"
58942,"No"
58943,"Yes"
58944,"No"
58945,"No"
58946,"Yes"
58947,"Yes"
58948,"No"
58949,"No"
58950,"Yes"
58951,"Yes"
58952,"No"
58953,"Yes"
58954,"No"
58955,"Yes"
58956,"No"
58957,"No"
58958,"No"
58959,"No"
58960,"No"
58961,"No"
58962,"No"
58963,"Yes"
58964,"No"
58965,"No"
58966,"Yes"
58967,"No"
58968,"No"
58969,"No"
58970,"No"
58971,"No"
58972,"No"
58973,"No"
58974,"Yes"
58975,"No"
58976,"No"
58977,"No"
58978,"No"
58979,"Yes"
58980,"No"
58981,"Yes"
58982,"No"
58983,"No"
58984,"Yes"
58985,"No"
58986,"No"
58987,"No"
58988,"No"
58989,"No"
58990,"Yes"
58991,"Yes"
58992,"Yes"
58993,"Yes"
58994,"No"
58995,"No"
58996,"Yes"
58997,"No"
58998,"No"
58999,"No"
59000,"No"
59001,"No"
59002,"No"
59003,"No"
59004,"No"
59005,"No"
59006,"Yes"
59007,"No"
59008,"No"
59009,"No"
59010,"No"
59011,"No"
59012,"No"
59013,"No"
59014,"No"
59015,"Yes"
59016,"No"
59017,"No"
59018,"No"
59019,"No"
59020,"No"
59021,"Yes"
59022,"No"
59023,"Yes"
59024,"No"
59025,"Yes"
59026,"Yes"
59027,"No"
59028,"Yes"
59029,"No"
59030,"No"
59031,"No"
59032,"No"
59033,"No"
59034,"No"
59035,"No"
59036,"No"
59037,"No"
59038,"No"
59039,"Yes"
59040,"No"
59041,"No"
59042,"Yes"
59043,"No"
59044,"Yes"
59045,"No"
59046,"Yes"
59047,"No"
59048,"No"
59049,"Yes"
59050,"No"
59051,"No"
59052,"No"
59053,"Yes"
59054,"No"
59055,"Yes"
59056,"Yes"
59057,"No"
59058,"No"
59059,"No"
59060,"No"
59061,"No"
59062,"Yes"
59063,"Yes"
59064,"No"
59065,"Yes"
59066,"Yes"
59067,"No"
59068,"Yes"
59069,"Yes"
59070,"No"
59071,"No"
59072,"No"
59073,"Yes"
59074,"No"
59075,"Yes"
59076,"No"
59077,"No"
59078,"No"
59079,"No"
59080,"No"
59081,"No"
59082,"Yes"
59083,"No"
59084,"No"
59085,"No"
59086,"Yes"
59087,"Yes"
59088,"No"
59089,"Yes"
59090,"No"
59091,"Yes"
59092,"No"
59093,"No"
59094,"No"
59095,"No"
59096,"No"
59097,"No"
59098,"No"
59099,"No"
59100,"No"
59101,"No"
59102,"No"
59103,"No"
59104,"No"
59105,"Yes"
59106,"No"
59107,"No"
59108,"No"
59109,"No"
59110,"No"
59111,"Yes"
59112,"No"
59113,"No"
59114,"No"
59115,"Yes"
59116,"No"
59117,"No"
59118,"No"
59119,"Yes"
59120,"No"
59121,"No"
59122,"No"
59123,"No"
59124,"No"
59125,"Yes"
59126,"No"
59127,"No"
59128,"Yes"
59129,"No"
59130,"No"
59131,"Yes"
59132,"No"
59133,"No"
59134,"No"
59135,"No"
59136,"Yes"
59137,"Yes"
59138,"No"
59139,"Yes"
59140,"Yes"
59141,"No"
59142,"No"
59143,"No"
59144,"No"
59145,"Yes"
59146,"Yes"
59147,"No"
59148,"No"
59149,"No"
59150,"Yes"
59151,"Yes"
59152,"Yes"
59153,"No"
59154,"Yes"
59155,"No"
59156,"No"
59157,"No"
59158,"No"
59159,"No"
59160,"No"
59161,"No"
59162,"Yes"
59163,"No"
59164,"No"
59165,"No"
59166,"No"
59167,"Yes"
59168,"No"
59169,"No"
59170,"No"
59171,"Yes"
59172,"Yes"
59173,"No"
59174,"No"
59175,"Yes"
59176,"No"
59177,"No"
59178,"Yes"
59179,"No"
59180,"No"
59181,"Yes"
59182,"No"
59183,"No"
59184,"No"
59185,"No"
59186,"No"
59187,"No"
59188,"Yes"
59189,"Yes"
59190,"Yes"
59191,"No"
59192,"Yes"
59193,"No"
59194,"No"
59195,"No"
59196,"Yes"
59197,"Yes"
59198,"Yes"
59199,"Yes"
59200,"No"
59201,"No"
59202,"Yes"
59203,"Yes"
59204,"No"
59205,"No"
59206,"No"
59207,"Yes"
59208,"Yes"
59209,"No"
59210,"No"
59211,"No"
59212,"No"
59213,"No"
59214,"No"
59215,"Yes"
59216,"Yes"
59217,"Yes"
59218,"No"
59219,"No"
59220,"No"
59221,"Yes"
59222,"Yes"
59223,"No"
59224,"No"
59225,"No"
59226,"No"
59227,"No"
59228,"No"
59229,"No"
59230,"No"
59231,"No"
59232,"No"
59233,"Yes"
59234,"No"
59235,"Yes"
59236,"Yes"
59237,"No"
59238,"No"
59239,"No"
59240,"Yes"
59241,"Yes"
59242,"No"
59243,"No"
59244,"No"
59245,"No"
59246,"No"
59247,"No"
59248,"No"
59249,"No"
59250,"No"
59251,"No"
59252,"Yes"
59253,"No"
59254,"No"
59255,"No"
59256,"Yes"
59257,"No"
59258,"Yes"
59259,"No"
59260,"No"
59261,"Yes"
59262,"Yes"
59263,"No"
59264,"No"
59265,"Yes"
59266,"Yes"
59267,"No"
59268,"No"
59269,"No"
59270,"No"
59271,"Yes"
59272,"Yes"
59273,"No"
59274,"No"
59275,"No"
59276,"No"
59277,"No"
59278,"No"
59279,"No"
59280,"No"
59281,"No"
59282,"No"
59283,"No"
59284,"No"
59285,"Yes"
59286,"No"
59287,"No"
59288,"No"
59289,"Yes"
59290,"No"
59291,"No"
59292,"No"
59293,"No"
59294,"No"
59295,"No"
59296,"Yes"
59297,"No"
59298,"Yes"
59299,"Yes"
59300,"Yes"
59301,"No"
59302,"Yes"
59303,"Yes"
59304,"No"
59305,"No"
59306,"Yes"
59307,"No"
59308,"No"
59309,"Yes"
59310,"No"
59311,"No"
59312,"No"
59313,"No"
59314,"No"
59315,"No"
59316,"No"
59317,"No"
59318,"No"
59319,"No"
59320,"Yes"
59321,"No"
59322,"No"
59323,"No"
59324,"Yes"
59325,"No"
59326,"Yes"
59327,"Yes"
59328,"Yes"
59329,"Yes"
59330,"No"
59331,"No"
59332,"Yes"
59333,"Yes"
59334,"Yes"
59335,"Yes"
59336,"No"
59337,"No"
59338,"No"
59339,"No"
59340,"No"
59341,"Yes"
59342,"No"
59343,"No"
59344,"No"
59345,"Yes"
59346,"No"
59347,"No"
59348,"Yes"
59349,"Yes"
59350,"Yes"
59351,"No"
59352,"No"
59353,"No"
59354,"No"
59355,"Yes"
59356,"No"
59357,"No"
59358,"No"
59359,"No"
59360,"No"
59361,"No"
59362,"No"
59363,"No"
59364,"Yes"
59365,"No"
59366,"No"
59367,"No"
59368,"No"
59369,"No"
59370,"Yes"
59371,"No"
59372,"Yes"
59373,"Yes"
59374,"No"
59375,"No"
59376,"No"
59377,"No"
59378,"No"
59379,"No"
59380,"No"
59381,"No"
59382,"Yes"
59383,"No"
59384,"No"
59385,"No"
59386,"No"
59387,"No"
59388,"Yes"
59389,"No"
59390,"No"
59391,"Yes"
59392,"Yes"
59393,"Yes"
59394,"No"
59395,"No"
59396,"Yes"
59397,"Yes"
59398,"Yes"
59399,"Yes"
59400,"Yes"
59401,"No"
59402,"No"
59403,"Yes"
59404,"No"
59405,"Yes"
59406,"Yes"
59407,"Yes"
59408,"Yes"
59409,"No"
59410,"No"
59411,"Yes"
59412,"No"
59413,"No"
59414,"Yes"
59415,"Yes"
59416,"No"
59417,"No"
59418,"Yes"
59419,"No"
59420,"Yes"
59421,"No"
59422,"No"
59423,"No"
59424,"No"
59425,"No"
59426,"No"
59427,"No"
59428,"No"
59429,"No"
59430,"No"
59431,"Yes"
59432,"No"
59433,"No"
59434,"Yes"
59435,"No"
59436,"No"
59437,"Yes"
59438,"No"
59439,"No"
59440,"Yes"
59441,"No"
59442,"Yes"
59443,"No"
59444,"Yes"
59445,"Yes"
59446,"No"
59447,"Yes"
59448,"Yes"
59449,"No"
59450,"No"
59451,"Yes"
59452,"No"
59453,"No"
59454,"No"
59455,"No"
59456,"Yes"
59457,"No"
59458,"No"
59459,"No"
59460,"No"
59461,"No"
59462,"No"
59463,"No"
59464,"Yes"
59465,"Yes"
59466,"No"
59467,"Yes"
59468,"Yes"
59469,"No"
59470,"No"
59471,"No"
59472,"No"
59473,"No"
59474,"Yes"
59475,"No"
59476,"No"
59477,"No"
59478,"No"
59479,"No"
59480,"No"
59481,"No"
59482,"No"
59483,"Yes"
59484,"No"
59485,"No"
59486,"No"
59487,"No"
59488,"No"
59489,"No"
59490,"No"
59491,"Yes"
59492,"No"
59493,"No"
59494,"Yes"
59495,"No"
59496,"No"
59497,"No"
59498,"No"
59499,"No"
59500,"No"
59501,"Yes"
59502,"No"
59503,"Yes"
59504,"No"
59505,"No"
59506,"Yes"
59507,"No"
59508,"No"
59509,"Yes"
59510,"Yes"
59511,"No"
59512,"Yes"
59513,"No"
59514,"No"
59515,"No"
59516,"Yes"
59517,"No"
59518,"No"
59519,"No"
59520,"Yes"
59521,"Yes"
59522,"No"
59523,"Yes"
59524,"Yes"
59525,"No"
59526,"No"
59527,"Yes"
59528,"No"
59529,"No"
59530,"No"
59531,"Yes"
59532,"No"
59533,"No"
59534,"Yes"
59535,"No"
59536,"Yes"
59537,"No"
59538,"Yes"
59539,"No"
59540,"No"
59541,"No"
59542,"No"
59543,"No"
59544,"No"
59545,"No"
59546,"Yes"
59547,"Yes"
59548,"No"
59549,"Yes"
59550,"No"
59551,"No"
59552,"Yes"
59553,"Yes"
59554,"No"
59555,"No"
59556,"No"
59557,"No"
59558,"Yes"
59559,"No"
59560,"Yes"
59561,"No"
59562,"No"
59563,"No"
59564,"No"
59565,"No"
59566,"Yes"
59567,"Yes"
59568,"No"
59569,"No"
59570,"No"
59571,"No"
59572,"No"
59573,"Yes"
59574,"Yes"
59575,"No"
59576,"No"
59577,"No"
59578,"No"
59579,"No"
59580,"No"
59581,"Yes"
59582,"No"
59583,"No"
59584,"Yes"
59585,"Yes"
59586,"Yes"
59587,"No"
59588,"Yes"
59589,"No"
59590,"Yes"
59591,"No"
59592,"No"
59593,"No"
59594,"Yes"
59595,"Yes"
59596,"No"
59597,"No"
59598,"No"
59599,"Yes"
59600,"No"
59601,"No"
59602,"Yes"
59603,"Yes"
59604,"No"
59605,"No"
59606,"No"
59607,"No"
59608,"Yes"
59609,"No"
59610,"Yes"
59611,"No"
59612,"No"
59613,"No"
59614,"Yes"
59615,"Yes"
59616,"No"
59617,"No"
59618,"No"
59619,"No"
59620,"Yes"
59621,"No"
59622,"No"
59623,"No"
59624,"No"
59625,"Yes"
59626,"Yes"
59627,"No"
59628,"Yes"
59629,"Yes"
59630,"No"
59631,"No"
59632,"No"
59633,"Yes"
59634,"Yes"
59635,"No"
59636,"No"
59637,"No"
59638,"No"
59639,"No"
59640,"Yes"
59641,"No"
59642,"Yes"
59643,"No"
59644,"No"
59645,"No"
59646,"No"
59647,"Yes"
59648,"No"
59649,"No"
59650,"No"
59651,"No"
59652,"Yes"
59653,"Yes"
59654,"No"
59655,"Yes"
59656,"Yes"
59657,"No"
59658,"Yes"
59659,"No"
59660,"No"
59661,"No"
59662,"No"
59663,"Yes"
59664,"No"
59665,"No"
59666,"Yes"
59667,"No"
59668,"Yes"
59669,"No"
59670,"No"
59671,"No"
59672,"Yes"
59673,"No"
59674,"Yes"
59675,"No"
59676,"No"
59677,"Yes"
59678,"Yes"
59679,"No"
59680,"No"
59681,"No"
59682,"No"
59683,"No"
59684,"Yes"
59685,"Yes"
59686,"No"
59687,"No"
59688,"Yes"
59689,"Yes"
59690,"Yes"
59691,"No"
59692,"No"
59693,"No"
59694,"Yes"
59695,"No"
59696,"No"
59697,"No"
59698,"Yes"
59699,"No"
59700,"Yes"
59701,"No"
59702,"Yes"
59703,"No"
59704,"Yes"
59705,"Yes"
59706,"No"
59707,"Yes"
59708,"Yes"
59709,"No"
59710,"No"
59711,"No"
59712,"Yes"
59713,"No"
59714,"No"
59715,"No"
59716,"No"
59717,"No"
59718,"No"
59719,"Yes"
59720,"No"
59721,"No"
59722,"No"
59723,"Yes"
59724,"No"
59725,"No"
59726,"Yes"
59727,"No"
59728,"No"
59729,"Yes"
59730,"No"
59731,"Yes"
59732,"Yes"
59733,"Yes"
59734,"Yes"
59735,"Yes"
59736,"No"
59737,"Yes"
59738,"No"
59739,"No"
59740,"No"
59741,"No"
59742,"No"
59743,"Yes"
59744,"No"
59745,"No"
59746,"No"
59747,"No"
59748,"No"
59749,"No"
59750,"No"
59751,"Yes"
59752,"No"
59753,"No"
59754,"Yes"
59755,"No"
59756,"Yes"
59757,"No"
59758,"No"
59759,"No"
59760,"Yes"
59761,"No"
59762,"No"
59763,"No"
59764,"No"
59765,"No"
59766,"No"
59767,"Yes"
59768,"No"
59769,"No"
59770,"Yes"
59771,"No"
59772,"No"
59773,"Yes"
59774,"Yes"
59775,"No"
59776,"No"
59777,"No"
59778,"No"
59779,"No"
59780,"No"
59781,"Yes"
59782,"Yes"
59783,"Yes"
59784,"Yes"
59785,"No"
59786,"Yes"
59787,"No"
59788,"Yes"
59789,"Yes"
59790,"No"
59791,"No"
59792,"Yes"
59793,"No"
59794,"Yes"
59795,"No"
59796,"Yes"
59797,"No"
59798,"No"
59799,"Yes"
59800,"No"
59801,"No"
59802,"No"
59803,"No"
59804,"Yes"
59805,"No"
59806,"No"
59807,"No"
59808,"No"
59809,"Yes"
59810,"No"
59811,"Yes"
59812,"No"
59813,"Yes"
59814,"No"
59815,"Yes"
59816,"Yes"
59817,"Yes"
59818,"Yes"
59819,"Yes"
59820,"No"
59821,"No"
59822,"Yes"
59823,"No"
59824,"Yes"
59825,"Yes"
59826,"No"
59827,"No"
59828,"No"
59829,"Yes"
59830,"No"
59831,"No"
59832,"No"
59833,"No"
59834,"Yes"
59835,"No"
59836,"Yes"
59837,"No"
59838,"No"
59839,"No"
59840,"No"
59841,"No"
59842,"No"
59843,"Yes"
59844,"No"
59845,"Yes"
59846,"No"
59847,"Yes"
59848,"No"
59849,"No"
59850,"No"
59851,"Yes"
59852,"No"
59853,"Yes"
59854,"No"
59855,"No"
59856,"Yes"
59857,"No"
59858,"No"
59859,"Yes"
59860,"Yes"
59861,"No"
59862,"No"
59863,"No"
59864,"No"
59865,"No"
59866,"Yes"
59867,"No"
59868,"No"
59869,"No"
59870,"No"
59871,"No"
59872,"Yes"
59873,"No"
59874,"Yes"
59875,"No"
59876,"No"
59877,"No"
59878,"Yes"
59879,"No"
59880,"Yes"
59881,"No"
59882,"No"
59883,"Yes"
59884,"Yes"
59885,"Yes"
59886,"No"
59887,"Yes"
59888,"Yes"
59889,"Yes"
59890,"No"
59891,"No"
59892,"Yes"
59893,"No"
59894,"No"
59895,"No"
59896,"Yes"
59897,"No"
59898,"No"
59899,"Yes"
59900,"No"
59901,"No"
59902,"No"
59903,"No"
59904,"No"
59905,"No"
59906,"No"
59907,"No"
59908,"Yes"
59909,"No"
59910,"No"
59911,"No"
59912,"No"
59913,"No"
59914,"No"
59915,"No"
59916,"No"
59917,"No"
59918,"No"
59919,"No"
59920,"Yes"
59921,"Yes"
59922,"Yes"
59923,"No"
59924,"No"
59925,"No"
59926,"Yes"
59927,"No"
59928,"No"
59929,"No"
59930,"No"
59931,"No"
59932,"No"
59933,"Yes"
59934,"No"
59935,"No"
59936,"Yes"
59937,"Yes"
59938,"Yes"
59939,"Yes"
59940,"No"
59941,"No"
59942,"Yes"
59943,"No"
59944,"No"
59945,"No"
59946,"No"
59947,"No"
59948,"No"
59949,"Yes"
59950,"No"
59951,"No"
59952,"Yes"
59953,"Yes"
59954,"No"
59955,"No"
59956,"Yes"
59957,"No"
59958,"No"
59959,"No"
59960,"No"
59961,"No"
59962,"Yes"
59963,"No"
59964,"Yes"
59965,"Yes"
59966,"No"
59967,"No"
59968,"No"
59969,"No"
59970,"Yes"
59971,"No"
59972,"No"
59973,"No"
59974,"No"
59975,"No"
59976,"Yes"
59977,"No"
59978,"No"
59979,"No"
59980,"Yes"
59981,"No"
59982,"No"
59983,"No"
59984,"No"
59985,"No"
59986,"Yes"
59987,"Yes"
59988,"No"
59989,"Yes"
59990,"No"
59991,"No"
59992,"Yes"
59993,"Yes"
59994,"No"
59995,"No"
59996,"No"
59997,"Yes"
59998,"No"
59999,"No"
60000,"No"
60001,"No"
60002,"No"
60003,"No"
60004,"Yes"
60005,"Yes"
60006,"Yes"
60007,"No"
60008,"No"
60009,"No"
60010,"Yes"
60011,"No"
60012,"Yes"
60013,"No"
60014,"Yes"
60015,"No"
60016,"No"
60017,"No"
60018,"Yes"
60019,"Yes"
60020,"No"
60021,"Yes"
60022,"No"
60023,"Yes"
60024,"Yes"
60025,"No"
60026,"Yes"
60027,"No"
60028,"No"
60029,"No"
60030,"No"
60031,"No"
60032,"Yes"
60033,"No"
60034,"Yes"
60035,"No"
60036,"No"
60037,"No"
60038,"Yes"
60039,"Yes"
60040,"Yes"
60041,"No"
60042,"No"
60043,"Yes"
60044,"Yes"
60045,"Yes"
60046,"No"
60047,"No"
60048,"Yes"
60049,"No"
60050,"Yes"
60051,"Yes"
60052,"Yes"
60053,"Yes"
60054,"Yes"
60055,"Yes"
60056,"No"
60057,"Yes"
60058,"Yes"
60059,"Yes"
60060,"Yes"
60061,"No"
60062,"No"
60063,"No"
60064,"No"
60065,"Yes"
60066,"Yes"
60067,"Yes"
60068,"No"
60069,"No"
60070,"No"
60071,"No"
60072,"Yes"
60073,"Yes"
60074,"Yes"
60075,"No"
60076,"No"
60077,"Yes"
60078,"No"
60079,"No"
60080,"Yes"
60081,"No"
60082,"No"
60083,"No"
60084,"No"
60085,"No"
60086,"No"
60087,"No"
60088,"No"
60089,"No"
60090,"No"
60091,"No"
60092,"No"
60093,"No"
60094,"No"
60095,"Yes"
60096,"Yes"
60097,"No"
60098,"No"
60099,"No"
60100,"Yes"
60101,"Yes"
60102,"No"
60103,"No"
60104,"Yes"
60105,"No"
60106,"Yes"
60107,"Yes"
60108,"No"
60109,"Yes"
60110,"No"
60111,"Yes"
60112,"No"
60113,"No"
60114,"Yes"
60115,"No"
60116,"Yes"
60117,"No"
60118,"Yes"
60119,"No"
60120,"No"
60121,"Yes"
60122,"No"
60123,"No"
60124,"No"
60125,"No"
60126,"Yes"
60127,"No"
60128,"No"
60129,"No"
60130,"No"
60131,"Yes"
60132,"No"
60133,"No"
60134,"Yes"
60135,"Yes"
60136,"Yes"
60137,"No"
60138,"Yes"
60139,"No"
60140,"No"
60141,"Yes"
60142,"Yes"
60143,"No"
60144,"Yes"
60145,"No"
60146,"No"
60147,"Yes"
60148,"No"
60149,"No"
60150,"No"
60151,"No"
60152,"No"
60153,"Yes"
60154,"No"
60155,"No"
60156,"Yes"
60157,"No"
60158,"No"
60159,"No"
60160,"Yes"
60161,"No"
60162,"No"
60163,"No"
60164,"No"
60165,"Yes"
60166,"No"
60167,"Yes"
60168,"Yes"
60169,"No"
60170,"No"
60171,"Yes"
60172,"No"
60173,"Yes"
60174,"Yes"
60175,"Yes"
60176,"No"
60177,"No"
60178,"No"
60179,"No"
60180,"Yes"
60181,"Yes"
60182,"Yes"
60183,"No"
60184,"No"
60185,"No"
60186,"Yes"
60187,"No"
60188,"No"
60189,"No"
60190,"No"
60191,"No"
60192,"No"
60193,"Yes"
60194,"Yes"
60195,"No"
60196,"No"
60197,"Yes"
60198,"No"
60199,"Yes"
60200,"No"
60201,"No"
60202,"No"
60203,"No"
60204,"No"
60205,"Yes"
60206,"No"
60207,"No"
60208,"No"
60209,"Yes"
60210,"No"
60211,"Yes"
60212,"Yes"
60213,"No"
60214,"Yes"
60215,"No"
60216,"Yes"
60217,"No"
60218,"No"
60219,"Yes"
60220,"No"
60221,"No"
60222,"Yes"
60223,"Yes"
60224,"No"
60225,"Yes"
60226,"Yes"
60227,"No"
60228,"No"
60229,"Yes"
60230,"No"
60231,"Yes"
60232,"No"
60233,"No"
60234,"No"
60235,"No"
60236,"No"
60237,"No"
60238,"No"
60239,"No"
60240,"Yes"
60241,"Yes"
60242,"Yes"
60243,"Yes"
60244,"Yes"
60245,"No"
60246,"No"
60247,"No"
60248,"No"
60249,"No"
60250,"No"
60251,"No"
60252,"No"
60253,"No"
60254,"No"
60255,"No"
60256,"No"
60257,"Yes"
60258,"Yes"
60259,"No"
60260,"No"
60261,"No"
60262,"No"
60263,"Yes"
60264,"No"
60265,"Yes"
60266,"No"
60267,"Yes"
60268,"No"
60269,"No"
60270,"No"
60271,"No"
60272,"Yes"
60273,"No"
60274,"No"
60275,"No"
60276,"No"
60277,"No"
60278,"No"
60279,"Yes"
60280,"Yes"
60281,"No"
60282,"No"
60283,"No"
60284,"No"
60285,"Yes"
60286,"Yes"
60287,"Yes"
60288,"No"
60289,"Yes"
60290,"Yes"
60291,"No"
60292,"No"
60293,"No"
60294,"No"
60295,"No"
60296,"No"
60297,"Yes"
60298,"No"
60299,"No"
60300,"No"
60301,"No"
60302,"Yes"
60303,"No"
60304,"Yes"
60305,"Yes"
60306,"No"
60307,"Yes"
60308,"Yes"
60309,"No"
60310,"Yes"
60311,"No"
60312,"Yes"
60313,"No"
60314,"No"
60315,"Yes"
60316,"No"
60317,"No"
60318,"Yes"
60319,"No"
60320,"No"
60321,"Yes"
60322,"No"
60323,"No"
60324,"No"
60325,"Yes"
60326,"Yes"
60327,"No"
60328,"No"
60329,"No"
60330,"No"
60331,"Yes"
60332,"No"
60333,"Yes"
60334,"No"
60335,"Yes"
60336,"No"
60337,"No"
60338,"Yes"
60339,"No"
60340,"Yes"
60341,"No"
60342,"No"
60343,"No"
60344,"No"
60345,"No"
60346,"No"
60347,"No"
60348,"No"
60349,"No"
60350,"No"
60351,"No"
60352,"No"
60353,"No"
60354,"No"
60355,"Yes"
60356,"No"
60357,"No"
60358,"Yes"
60359,"No"
60360,"No"
60361,"No"
60362,"No"
60363,"Yes"
60364,"Yes"
60365,"No"
60366,"No"
60367,"No"
60368,"No"
60369,"Yes"
60370,"Yes"
60371,"No"
60372,"No"
60373,"Yes"
60374,"Yes"
60375,"No"
60376,"No"
60377,"No"
60378,"Yes"
60379,"No"
60380,"No"
60381,"No"
60382,"Yes"
60383,"No"
60384,"Yes"
60385,"No"
60386,"No"
60387,"No"
60388,"No"
60389,"No"
60390,"No"
60391,"No"
60392,"No"
60393,"No"
60394,"Yes"
60395,"Yes"
60396,"Yes"
60397,"No"
60398,"Yes"
60399,"Yes"
60400,"No"
60401,"No"
60402,"No"
60403,"No"
60404,"No"
60405,"Yes"
60406,"No"
60407,"Yes"
60408,"No"
60409,"No"
60410,"Yes"
60411,"No"
60412,"No"
60413,"No"
60414,"Yes"
60415,"Yes"
60416,"Yes"
60417,"No"
60418,"No"
60419,"No"
60420,"No"
60421,"No"
60422,"Yes"
60423,"No"
60424,"No"
60425,"No"
60426,"Yes"
60427,"No"
60428,"No"
60429,"No"
60430,"Yes"
60431,"No"
60432,"Yes"
60433,"No"
60434,"No"
60435,"No"
60436,"No"
60437,"No"
60438,"Yes"
60439,"No"
60440,"No"
60441,"No"
60442,"No"
60443,"No"
60444,"No"
60445,"Yes"
60446,"Yes"
60447,"Yes"
60448,"No"
60449,"No"
60450,"No"
60451,"No"
60452,"No"
60453,"No"
60454,"Yes"
60455,"No"
60456,"No"
60457,"No"
60458,"No"
60459,"Yes"
60460,"No"
60461,"No"
60462,"No"
60463,"Yes"
60464,"Yes"
60465,"No"
60466,"Yes"
60467,"No"
60468,"Yes"
60469,"No"
60470,"No"
60471,"No"
60472,"No"
60473,"Yes"
60474,"Yes"
60475,"No"
60476,"No"
60477,"No"
60478,"No"
60479,"Yes"
60480,"Yes"
60481,"No"
60482,"No"
60483,"Yes"
60484,"Yes"
60485,"Yes"
60486,"Yes"
60487,"Yes"
60488,"No"
60489,"No"
60490,"No"
60491,"No"
60492,"No"
60493,"No"
60494,"No"
60495,"Yes"
60496,"No"
60497,"Yes"
60498,"No"
60499,"Yes"
60500,"Yes"
60501,"No"
60502,"No"
60503,"Yes"
60504,"No"
60505,"No"
60506,"No"
60507,"No"
60508,"No"
60509,"No"
60510,"Yes"
60511,"No"
60512,"No"
60513,"Yes"
60514,"Yes"
60515,"No"
60516,"Yes"
60517,"No"
60518,"No"
60519,"No"
60520,"No"
60521,"Yes"
60522,"No"
60523,"No"
60524,"No"
60525,"No"
60526,"Yes"
60527,"Yes"
60528,"No"
60529,"No"
60530,"No"
60531,"No"
60532,"No"
60533,"No"
60534,"No"
60535,"Yes"
60536,"No"
60537,"Yes"
60538,"No"
60539,"No"
60540,"Yes"
60541,"No"
60542,"No"
60543,"Yes"
60544,"Yes"
60545,"Yes"
60546,"Yes"
60547,"No"
60548,"No"
60549,"No"
60550,"No"
60551,"No"
60552,"No"
60553,"No"
60554,"No"
60555,"No"
60556,"Yes"
60557,"No"
60558,"No"
60559,"No"
60560,"No"
60561,"Yes"
60562,"Yes"
60563,"Yes"
60564,"Yes"
60565,"Yes"
60566,"No"
60567,"No"
60568,"No"
60569,"Yes"
60570,"Yes"
60571,"Yes"
60572,"No"
60573,"Yes"
60574,"No"
60575,"No"
60576,"No"
60577,"Yes"
60578,"No"
60579,"Yes"
60580,"No"
60581,"No"
60582,"Yes"
60583,"No"
60584,"Yes"
60585,"No"
60586,"No"
60587,"Yes"
60588,"Yes"
60589,"No"
60590,"No"
60591,"No"
60592,"Yes"
60593,"Yes"
60594,"No"
60595,"No"
60596,"Yes"
60597,"No"
60598,"Yes"
60599,"No"
60600,"No"
60601,"Yes"
60602,"No"
60603,"Yes"
60604,"No"
60605,"No"
60606,"No"
60607,"No"
60608,"No"
60609,"No"
60610,"No"
60611,"No"
60612,"No"
60613,"Yes"
60614,"No"
60615,"No"
60616,"No"
60617,"No"
60618,"No"
60619,"No"
60620,"No"
60621,"No"
60622,"No"
60623,"No"
60624,"No"
60625,"No"
60626,"Yes"
60627,"Yes"
60628,"No"
60629,"No"
60630,"No"
60631,"No"
60632,"Yes"
60633,"No"
60634,"Yes"
60635,"Yes"
60636,"No"
60637,"Yes"
60638,"Yes"
60639,"No"
60640,"No"
60641,"No"
60642,"No"
60643,"No"
60644,"No"
60645,"No"
60646,"No"
60647,"No"
60648,"Yes"
60649,"No"
60650,"No"
60651,"No"
60652,"Yes"
60653,"No"
60654,"Yes"
60655,"No"
60656,"No"
60657,"No"
60658,"No"
60659,"No"
60660,"Yes"
60661,"No"
60662,"No"
60663,"No"
60664,"No"
60665,"No"
60666,"Yes"
60667,"No"
60668,"Yes"
60669,"No"
60670,"No"
60671,"No"
60672,"Yes"
60673,"No"
60674,"No"
60675,"No"
60676,"No"
60677,"No"
60678,"No"
60679,"No"
60680,"Yes"
60681,"No"
60682,"No"
60683,"No"
60684,"No"
60685,"No"
60686,"Yes"
60687,"Yes"
60688,"Yes"
60689,"No"
60690,"Yes"
60691,"Yes"
60692,"No"
60693,"Yes"
60694,"Yes"
60695,"No"
60696,"No"
60697,"No"
60698,"No"
60699,"No"
60700,"Yes"
60701,"No"
60702,"No"
60703,"No"
60704,"Yes"
60705,"Yes"
60706,"Yes"
60707,"No"
60708,"No"
60709,"No"
60710,"Yes"
60711,"No"
60712,"Yes"
60713,"Yes"
60714,"No"
60715,"No"
60716,"No"
60717,"No"
60718,"No"
60719,"No"
60720,"No"
60721,"No"
60722,"No"
60723,"Yes"
60724,"No"
60725,"No"
60726,"No"
60727,"Yes"
60728,"No"
60729,"No"
60730,"No"
60731,"No"
60732,"No"
60733,"No"
60734,"No"
60735,"No"
60736,"Yes"
60737,"No"
60738,"No"
60739,"No"
60740,"No"
60741,"Yes"
60742,"No"
60743,"No"
60744,"No"
60745,"No"
60746,"Yes"
60747,"No"
60748,"No"
60749,"No"
60750,"No"
60751,"No"
60752,"Yes"
60753,"Yes"
60754,"No"
60755,"No"
60756,"No"
60757,"Yes"
60758,"No"
60759,"No"
60760,"No"
60761,"No"
60762,"No"
60763,"No"
60764,"No"
60765,"No"
60766,"No"
60767,"No"
60768,"No"
60769,"Yes"
60770,"Yes"
60771,"No"
60772,"Yes"
60773,"No"
60774,"No"
60775,"No"
60776,"No"
60777,"No"
60778,"No"
60779,"Yes"
60780,"Yes"
60781,"No"
60782,"No"
60783,"Yes"
60784,"Yes"
60785,"No"
60786,"No"
60787,"No"
60788,"Yes"
60789,"No"
60790,"No"
60791,"No"
60792,"Yes"
60793,"Yes"
60794,"No"
60795,"Yes"
60796,"No"
60797,"No"
60798,"No"
60799,"Yes"
60800,"No"
60801,"No"
60802,"Yes"
60803,"No"
60804,"Yes"
60805,"No"
60806,"No"
60807,"No"
60808,"Yes"
60809,"Yes"
60810,"No"
60811,"No"
60812,"No"
60813,"No"
60814,"No"
60815,"No"
60816,"No"
60817,"No"
60818,"Yes"
60819,"No"
60820,"No"
60821,"No"
60822,"No"
60823,"Yes"
60824,"Yes"
60825,"Yes"
60826,"No"
60827,"No"
60828,"Yes"
60829,"Yes"
60830,"Yes"
60831,"No"
60832,"Yes"
60833,"No"
60834,"Yes"
60835,"Yes"
60836,"No"
60837,"No"
60838,"Yes"
60839,"Yes"
60840,"Yes"
60841,"No"
60842,"No"
60843,"Yes"
60844,"No"
60845,"No"
60846,"No"
60847,"No"
60848,"Yes"
60849,"No"
60850,"No"
60851,"No"
60852,"Yes"
60853,"No"
60854,"Yes"
60855,"No"
60856,"No"
60857,"No"
60858,"No"
60859,"No"
60860,"No"
60861,"Yes"
60862,"No"
60863,"No"
60864,"No"
60865,"No"
60866,"No"
60867,"No"
60868,"No"
60869,"No"
60870,"Yes"
60871,"Yes"
60872,"No"
60873,"No"
60874,"No"
60875,"No"
60876,"No"
60877,"No"
60878,"No"
60879,"No"
60880,"No"
60881,"No"
60882,"No"
60883,"No"
60884,"No"
60885,"No"
60886,"No"
60887,"No"
60888,"No"
60889,"Yes"
60890,"No"
60891,"No"
60892,"No"
60893,"No"
60894,"Yes"
60895,"No"
60896,"Yes"
60897,"No"
60898,"No"
60899,"No"
60900,"Yes"
60901,"No"
60902,"Yes"
60903,"No"
60904,"No"
60905,"No"
60906,"No"
60907,"Yes"
60908,"No"
60909,"Yes"
60910,"No"
60911,"No"
60912,"Yes"
60913,"No"
60914,"No"
60915,"No"
60916,"No"
60917,"No"
60918,"No"
60919,"No"
60920,"Yes"
60921,"No"
60922,"Yes"
60923,"No"
60924,"No"
60925,"Yes"
60926,"No"
60927,"Yes"
60928,"No"
60929,"No"
60930,"No"
60931,"No"
60932,"No"
60933,"Yes"
60934,"Yes"
60935,"No"
60936,"No"
60937,"Yes"
60938,"Yes"
60939,"No"
60940,"Yes"
60941,"No"
60942,"No"
60943,"Yes"
60944,"No"
60945,"Yes"
60946,"No"
60947,"No"
60948,"No"
60949,"No"
60950,"Yes"
60951,"No"
60952,"No"
60953,"No"
60954,"No"
60955,"No"
60956,"Yes"
60957,"Yes"
60958,"No"
60959,"Yes"
60960,"No"
60961,"No"
60962,"Yes"
60963,"Yes"
60964,"No"
60965,"Yes"
60966,"No"
60967,"No"
60968,"No"
60969,"Yes"
60970,"Yes"
60971,"No"
60972,"Yes"
60973,"Yes"
60974,"No"
60975,"No"
60976,"No"
60977,"No"
60978,"No"
60979,"No"
60980,"No"
60981,"Yes"
60982,"Yes"
60983,"No"
60984,"No"
60985,"No"
60986,"No"
60987,"No"
60988,"No"
60989,"No"
60990,"Yes"
60991,"No"
60992,"No"
60993,"No"
60994,"No"
60995,"No"
60996,"Yes"
60997,"No"
60998,"No"
60999,"Yes"
61000,"No"
61001,"No"
61002,"Yes"
61003,"No"
61004,"No"
61005,"No"
61006,"Yes"
61007,"No"
61008,"Yes"
61009,"No"
61010,"No"
61011,"Yes"
61012,"No"
61013,"No"
61014,"No"
61015,"No"
61016,"No"
61017,"Yes"
61018,"No"
61019,"Yes"
61020,"Yes"
61021,"No"
61022,"No"
61023,"No"
61024,"No"
61025,"No"
61026,"Yes"
61027,"No"
61028,"No"
61029,"No"
61030,"No"
61031,"No"
61032,"No"
61033,"No"
61034,"No"
61035,"Yes"
61036,"No"
61037,"No"
61038,"No"
61039,"Yes"
61040,"No"
61041,"No"
61042,"Yes"
61043,"Yes"
61044,"No"
61045,"No"
61046,"No"
61047,"Yes"
61048,"No"
61049,"No"
61050,"No"
61051,"No"
61052,"No"
61053,"No"
61054,"No"
61055,"No"
61056,"Yes"
61057,"Yes"
61058,"Yes"
61059,"No"
61060,"No"
61061,"Yes"
61062,"Yes"
61063,"No"
61064,"No"
61065,"No"
61066,"No"
61067,"Yes"
61068,"No"
61069,"Yes"
61070,"No"
61071,"Yes"
61072,"Yes"
61073,"No"
61074,"No"
61075,"No"
61076,"No"
61077,"No"
61078,"No"
61079,"Yes"
61080,"No"
61081,"No"
61082,"No"
61083,"No"
61084,"Yes"
61085,"No"
61086,"No"
61087,"Yes"
61088,"No"
61089,"No"
61090,"No"
61091,"No"
61092,"Yes"
61093,"No"
61094,"No"
61095,"Yes"
61096,"No"
61097,"No"
61098,"Yes"
61099,"No"
61100,"No"
61101,"Yes"
61102,"No"
61103,"Yes"
61104,"No"
61105,"No"
61106,"No"
61107,"No"
61108,"No"
61109,"No"
61110,"No"
61111,"No"
61112,"Yes"
61113,"Yes"
61114,"No"
61115,"Yes"
61116,"No"
61117,"Yes"
61118,"Yes"
61119,"Yes"
61120,"Yes"
61121,"No"
61122,"No"
61123,"No"
61124,"Yes"
61125,"Yes"
61126,"Yes"
61127,"Yes"
61128,"Yes"
61129,"No"
61130,"No"
61131,"Yes"
61132,"No"
61133,"No"
61134,"Yes"
61135,"No"
61136,"Yes"
61137,"No"
61138,"No"
61139,"No"
61140,"Yes"
61141,"No"
61142,"No"
61143,"No"
61144,"Yes"
61145,"Yes"
61146,"No"
61147,"Yes"
61148,"No"
61149,"Yes"
61150,"No"
61151,"Yes"
61152,"Yes"
61153,"No"
61154,"No"
61155,"Yes"
61156,"Yes"
61157,"No"
61158,"Yes"
61159,"Yes"
61160,"No"
61161,"Yes"
61162,"No"
61163,"No"
61164,"No"
61165,"No"
61166,"No"
61167,"No"
61168,"Yes"
61169,"No"
61170,"No"
61171,"No"
61172,"No"
61173,"No"
61174,"Yes"
61175,"No"
61176,"Yes"
61177,"No"
61178,"Yes"
61179,"Yes"
61180,"No"
61181,"No"
61182,"Yes"
61183,"No"
61184,"Yes"
61185,"Yes"
61186,"No"
61187,"No"
61188,"No"
61189,"Yes"
61190,"No"
61191,"No"
61192,"No"
61193,"No"
61194,"No"
61195,"Yes"
61196,"No"
61197,"No"
61198,"Yes"
61199,"No"
61200,"No"
61201,"Yes"
61202,"Yes"
61203,"No"
61204,"No"
61205,"No"
61206,"No"
61207,"Yes"
61208,"No"
61209,"Yes"
61210,"No"
61211,"Yes"
61212,"No"
61213,"No"
61214,"Yes"
61215,"Yes"
61216,"Yes"
61217,"Yes"
61218,"No"
61219,"No"
61220,"No"
61221,"No"
61222,"No"
61223,"No"
61224,"No"
61225,"Yes"
61226,"Yes"
61227,"Yes"
61228,"Yes"
61229,"Yes"
61230,"No"
61231,"Yes"
61232,"No"
61233,"No"
61234,"Yes"
61235,"No"
61236,"No"
61237,"No"
61238,"No"
61239,"Yes"
61240,"No"
61241,"No"
61242,"Yes"
61243,"No"
61244,"No"
61245,"Yes"
61246,"No"
61247,"Yes"
61248,"No"
61249,"Yes"
61250,"No"
61251,"No"
61252,"Yes"
61253,"Yes"
61254,"No"
61255,"Yes"
61256,"No"
61257,"No"
61258,"No"
61259,"Yes"
61260,"No"
61261,"No"
61262,"No"
61263,"Yes"
61264,"No"
61265,"No"
61266,"No"
61267,"Yes"
61268,"Yes"
61269,"No"
61270,"No"
61271,"No"
61272,"No"
61273,"No"
61274,"No"
61275,"No"
61276,"No"
61277,"No"
61278,"Yes"
61279,"No"
61280,"Yes"
61281,"Yes"
61282,"No"
61283,"No"
61284,"No"
61285,"No"
61286,"Yes"
61287,"Yes"
61288,"Yes"
61289,"No"
61290,"No"
61291,"No"
61292,"No"
61293,"Yes"
61294,"No"
61295,"No"
61296,"No"
61297,"Yes"
61298,"No"
61299,"Yes"
61300,"No"
61301,"No"
61302,"Yes"
61303,"No"
61304,"No"
61305,"No"
61306,"No"
61307,"No"
61308,"No"
61309,"No"
61310,"No"
61311,"No"
61312,"Yes"
61313,"Yes"
61314,"No"
61315,"Yes"
61316,"Yes"
61317,"No"
61318,"No"
61319,"Yes"
61320,"No"
61321,"No"
61322,"Yes"
61323,"No"
61324,"Yes"
61325,"No"
61326,"No"
61327,"No"
61328,"No"
61329,"No"
61330,"Yes"
61331,"No"
61332,"Yes"
61333,"Yes"
61334,"No"
61335,"Yes"
61336,"Yes"
61337,"No"
61338,"Yes"
61339,"No"
61340,"Yes"
61341,"No"
61342,"No"
61343,"Yes"
61344,"Yes"
61345,"No"
61346,"Yes"
61347,"Yes"
61348,"No"
61349,"No"
61350,"No"
61351,"Yes"
61352,"No"
61353,"Yes"
61354,"No"
61355,"Yes"
61356,"Yes"
61357,"No"
61358,"No"
61359,"No"
61360,"Yes"
61361,"No"
61362,"No"
61363,"No"
61364,"No"
61365,"No"
61366,"No"
61367,"No"
61368,"No"
61369,"No"
61370,"No"
61371,"Yes"
61372,"No"
61373,"Yes"
61374,"No"
61375,"No"
61376,"Yes"
61377,"Yes"
61378,"No"
61379,"No"
61380,"No"
61381,"No"
61382,"No"
61383,"Yes"
61384,"No"
61385,"No"
61386,"Yes"
61387,"No"
61388,"Yes"
61389,"No"
61390,"Yes"
61391,"No"
61392,"No"
61393,"No"
61394,"No"
61395,"No"
61396,"Yes"
61397,"No"
61398,"No"
61399,"No"
61400,"Yes"
61401,"No"
61402,"No"
61403,"Yes"
61404,"No"
61405,"No"
61406,"Yes"
61407,"Yes"
61408,"Yes"
61409,"No"
61410,"No"
61411,"Yes"
61412,"Yes"
61413,"Yes"
61414,"No"
61415,"No"
61416,"Yes"
61417,"No"
61418,"No"
61419,"Yes"
61420,"No"
61421,"Yes"
61422,"Yes"
61423,"No"
61424,"No"
61425,"Yes"
61426,"No"
61427,"Yes"
61428,"No"
61429,"No"
61430,"No"
61431,"No"
61432,"No"
61433,"Yes"
61434,"No"
61435,"No"
61436,"Yes"
61437,"No"
61438,"Yes"
61439,"No"
61440,"No"
61441,"No"
61442,"Yes"
61443,"No"
61444,"No"
61445,"No"
61446,"No"
61447,"No"
61448,"No"
61449,"No"
61450,"No"
61451,"Yes"
61452,"No"
61453,"Yes"
61454,"No"
61455,"No"
61456,"No"
61457,"No"
61458,"Yes"
61459,"No"
61460,"No"
61461,"Yes"
61462,"Yes"
61463,"Yes"
61464,"No"
61465,"No"
61466,"No"
61467,"Yes"
61468,"No"
61469,"No"
61470,"No"
61471,"No"
61472,"Yes"
61473,"No"
61474,"Yes"
61475,"No"
61476,"Yes"
61477,"Yes"
61478,"No"
61479,"No"
61480,"No"
61481,"Yes"
61482,"No"
61483,"No"
61484,"No"
61485,"No"
61486,"Yes"
61487,"No"
61488,"No"
61489,"No"
61490,"No"
61491,"No"
61492,"No"
61493,"No"
61494,"No"
61495,"No"
61496,"No"
61497,"Yes"
61498,"No"
61499,"Yes"
61500,"No"
61501,"Yes"
61502,"No"
61503,"No"
61504,"Yes"
61505,"Yes"
61506,"No"
61507,"Yes"
61508,"Yes"
61509,"No"
61510,"Yes"
61511,"No"
61512,"No"
61513,"No"
61514,"Yes"
61515,"No"
61516,"No"
61517,"No"
61518,"No"
61519,"No"
61520,"No"
61521,"No"
61522,"No"
61523,"Yes"
61524,"No"
61525,"No"
61526,"Yes"
61527,"No"
61528,"No"
61529,"No"
61530,"Yes"
61531,"No"
61532,"Yes"
61533,"No"
61534,"Yes"
61535,"Yes"
61536,"No"
61537,"Yes"
61538,"No"
61539,"No"
61540,"No"
61541,"No"
61542,"No"
61543,"No"
61544,"No"
61545,"No"
61546,"No"
61547,"No"
61548,"No"
61549,"No"
61550,"Yes"
61551,"No"
61552,"Yes"
61553,"No"
61554,"No"
61555,"No"
61556,"No"
61557,"No"
61558,"No"
61559,"No"
61560,"Yes"
61561,"Yes"
61562,"Yes"
61563,"Yes"
61564,"No"
61565,"Yes"
61566,"No"
61567,"No"
61568,"Yes"
61569,"No"
61570,"Yes"
61571,"No"
61572,"No"
61573,"No"
61574,"Yes"
61575,"No"
61576,"Yes"
61577,"No"
61578,"Yes"
61579,"Yes"
61580,"No"
61581,"No"
61582,"Yes"
61583,"Yes"
61584,"No"
61585,"No"
61586,"Yes"
61587,"No"
61588,"No"
61589,"No"
61590,"Yes"
61591,"Yes"
61592,"Yes"
61593,"No"
61594,"Yes"
61595,"No"
61596,"No"
61597,"Yes"
61598,"No"
61599,"No"
61600,"No"
61601,"No"
61602,"Yes"
61603,"No"
61604,"Yes"
61605,"No"
61606,"No"
61607,"No"
61608,"No"
61609,"No"
61610,"Yes"
61611,"Yes"
61612,"No"
61613,"No"
61614,"Yes"
61615,"Yes"
61616,"No"
61617,"No"
61618,"No"
61619,"No"
61620,"Yes"
61621,"No"
61622,"No"
61623,"No"
61624,"No"
61625,"No"
61626,"No"
61627,"No"
61628,"Yes"
61629,"No"
61630,"Yes"
61631,"No"
61632,"No"
61633,"No"
61634,"No"
61635,"Yes"
61636,"Yes"
61637,"No"
61638,"No"
61639,"No"
61640,"No"
61641,"No"
61642,"Yes"
61643,"No"
61644,"No"
61645,"No"
61646,"No"
61647,"Yes"
61648,"No"
61649,"No"
61650,"Yes"
61651,"No"
61652,"Yes"
61653,"Yes"
61654,"No"
61655,"No"
61656,"No"
61657,"No"
61658,"Yes"
61659,"No"
61660,"No"
61661,"No"
61662,"Yes"
61663,"Yes"
61664,"No"
61665,"No"
61666,"No"
61667,"No"
61668,"Yes"
61669,"No"
61670,"Yes"
61671,"No"
61672,"No"
61673,"No"
61674,"No"
61675,"No"
61676,"No"
61677,"No"
61678,"No"
61679,"Yes"
61680,"No"
61681,"No"
61682,"No"
61683,"No"
61684,"No"
61685,"No"
61686,"Yes"
61687,"No"
61688,"Yes"
61689,"No"
61690,"No"
61691,"No"
61692,"No"
61693,"No"
61694,"No"
61695,"No"
61696,"Yes"
61697,"No"
61698,"No"
61699,"Yes"
61700,"No"
61701,"No"
61702,"No"
61703,"Yes"
61704,"No"
61705,"Yes"
61706,"Yes"
61707,"No"
61708,"No"
61709,"Yes"
61710,"Yes"
61711,"No"
61712,"Yes"
61713,"No"
61714,"No"
61715,"No"
61716,"No"
61717,"No"
61718,"No"
61719,"Yes"
61720,"Yes"
61721,"No"
61722,"Yes"
61723,"No"
61724,"Yes"
61725,"No"
61726,"No"
61727,"Yes"
61728,"No"
61729,"Yes"
61730,"Yes"
61731,"No"
61732,"No"
61733,"No"
61734,"No"
61735,"Yes"
61736,"Yes"
61737,"Yes"
61738,"No"
61739,"Yes"
61740,"No"
61741,"No"
61742,"Yes"
61743,"No"
61744,"No"
61745,"No"
61746,"No"
61747,"No"
61748,"No"
61749,"Yes"
61750,"No"
61751,"Yes"
61752,"No"
61753,"Yes"
61754,"Yes"
61755,"Yes"
61756,"Yes"
61757,"No"
61758,"Yes"
61759,"Yes"
61760,"No"
61761,"Yes"
61762,"No"
61763,"No"
61764,"No"
61765,"No"
61766,"No"
61767,"Yes"
61768,"No"
61769,"Yes"
61770,"No"
61771,"No"
61772,"Yes"
61773,"No"
61774,"Yes"
61775,"No"
61776,"No"
61777,"No"
61778,"No"
61779,"No"
61780,"No"
61781,"No"
61782,"No"
61783,"No"
61784,"No"
61785,"No"
61786,"No"
61787,"No"
61788,"No"
61789,"No"
61790,"No"
61791,"No"
61792,"Yes"
61793,"No"
61794,"Yes"
61795,"Yes"
61796,"Yes"
61797,"No"
61798,"No"
61799,"No"
61800,"No"
61801,"No"
61802,"Yes"
61803,"No"
61804,"Yes"
61805,"No"
61806,"Yes"
61807,"Yes"
61808,"No"
61809,"No"
61810,"No"
61811,"Yes"
61812,"No"
61813,"Yes"
61814,"No"
61815,"No"
61816,"Yes"
61817,"No"
61818,"No"
61819,"No"
61820,"Yes"
61821,"No"
61822,"Yes"
61823,"No"
61824,"No"
61825,"No"
61826,"No"
61827,"No"
61828,"No"
61829,"No"
61830,"Yes"
61831,"No"
61832,"Yes"
61833,"Yes"
61834,"Yes"
61835,"No"
61836,"Yes"
61837,"No"
61838,"No"
61839,"No"
61840,"Yes"
61841,"No"
61842,"No"
61843,"No"
61844,"No"
61845,"No"
61846,"No"
61847,"Yes"
61848,"No"
61849,"No"
61850,"No"
61851,"No"
61852,"No"
61853,"No"
61854,"Yes"
61855,"No"
61856,"No"
61857,"Yes"
61858,"No"
61859,"Yes"
61860,"Yes"
61861,"No"
61862,"No"
61863,"No"
61864,"Yes"
61865,"Yes"
61866,"Yes"
61867,"No"
61868,"Yes"
61869,"No"
61870,"Yes"
61871,"Yes"
61872,"No"
61873,"Yes"
61874,"No"
61875,"Yes"
61876,"Yes"
61877,"No"
61878,"No"
61879,"Yes"
61880,"No"
61881,"No"
61882,"Yes"
61883,"No"
61884,"No"
61885,"No"
61886,"No"
61887,"No"
61888,"No"
61889,"Yes"
61890,"No"
61891,"No"
61892,"Yes"
61893,"No"
61894,"No"
61895,"No"
61896,"Yes"
61897,"No"
61898,"No"
61899,"No"
61900,"No"
61901,"No"
61902,"Yes"
61903,"No"
61904,"Yes"
61905,"No"
61906,"No"
61907,"Yes"
61908,"No"
61909,"Yes"
61910,"No"
61911,"No"
61912,"No"
61913,"No"
61914,"No"
61915,"No"
61916,"No"
61917,"No"
61918,"No"
61919,"No"
61920,"No"
61921,"Yes"
61922,"No"
61923,"No"
61924,"No"
61925,"No"
61926,"No"
61927,"Yes"
61928,"No"
61929,"Yes"
61930,"No"
61931,"No"
61932,"No"
61933,"No"
61934,"No"
61935,"No"
61936,"Yes"
61937,"Yes"
61938,"No"
61939,"No"
61940,"No"
61941,"No"
61942,"No"
61943,"No"
61944,"No"
61945,"Yes"
61946,"Yes"
61947,"No"
61948,"No"
61949,"No"
61950,"No"
61951,"Yes"
61952,"Yes"
61953,"No"
61954,"No"
61955,"No"
61956,"Yes"
61957,"No"
61958,"No"
61959,"No"
61960,"Yes"
61961,"No"
61962,"No"
61963,"No"
61964,"No"
61965,"No"
61966,"No"
61967,"No"
61968,"No"
61969,"Yes"
61970,"No"
61971,"Yes"
61972,"No"
61973,"No"
61974,"No"
61975,"No"
61976,"No"
61977,"Yes"
61978,"Yes"
61979,"Yes"
61980,"Yes"
61981,"No"
61982,"No"
61983,"No"
61984,"No"
61985,"No"
61986,"Yes"
61987,"No"
61988,"No"
61989,"Yes"
61990,"No"
61991,"No"
61992,"No"
61993,"Yes"
61994,"No"
61995,"No"
61996,"No"
61997,"No"
61998,"No"
61999,"No"
62000,"Yes"
62001,"No"
62002,"No"
62003,"No"
62004,"No"
62005,"Yes"
62006,"No"
62007,"No"
62008,"No"
62009,"Yes"
62010,"Yes"
62011,"Yes"
62012,"No"
62013,"No"
62014,"Yes"
62015,"No"
62016,"No"
62017,"No"
62018,"No"
62019,"No"
62020,"No"
62021,"Yes"
62022,"No"
62023,"No"
62024,"No"
62025,"No"
62026,"No"
62027,"No"
62028,"No"
62029,"No"
62030,"No"
62031,"Yes"
62032,"No"
62033,"Yes"
62034,"Yes"
62035,"No"
62036,"No"
62037,"Yes"
62038,"No"
62039,"No"
62040,"No"
62041,"No"
62042,"Yes"
62043,"No"
62044,"No"
62045,"Yes"
62046,"No"
62047,"No"
62048,"Yes"
62049,"No"
62050,"No"
62051,"No"
62052,"No"
62053,"Yes"
62054,"No"
62055,"No"
62056,"No"
62057,"No"
62058,"No"
62059,"Yes"
62060,"Yes"
62061,"Yes"
62062,"Yes"
62063,"No"
62064,"No"
62065,"Yes"
62066,"No"
62067,"No"
62068,"Yes"
62069,"No"
62070,"No"
62071,"No"
62072,"No"
62073,"Yes"
62074,"Yes"
62075,"Yes"
62076,"No"
62077,"Yes"
62078,"No"
62079,"No"
62080,"No"
62081,"Yes"
62082,"Yes"
62083,"No"
62084,"No"
62085,"No"
62086,"Yes"
62087,"No"
62088,"No"
62089,"No"
62090,"No"
62091,"No"
62092,"No"
62093,"No"
62094,"No"
62095,"No"
62096,"Yes"
62097,"No"
62098,"Yes"
62099,"Yes"
62100,"Yes"
62101,"Yes"
62102,"Yes"
62103,"No"
62104,"No"
62105,"No"
62106,"Yes"
62107,"Yes"
62108,"Yes"
62109,"No"
62110,"Yes"
62111,"Yes"
62112,"No"
62113,"Yes"
62114,"No"
62115,"No"
62116,"Yes"
62117,"No"
62118,"No"
62119,"Yes"
62120,"Yes"
62121,"No"
62122,"No"
62123,"No"
62124,"No"
62125,"Yes"
62126,"No"
62127,"Yes"
62128,"Yes"
62129,"No"
62130,"No"
62131,"No"
62132,"Yes"
62133,"No"
62134,"No"
62135,"No"
62136,"No"
62137,"No"
62138,"No"
62139,"No"
62140,"Yes"
62141,"No"
62142,"No"
62143,"No"
62144,"Yes"
62145,"No"
62146,"No"
62147,"Yes"
62148,"Yes"
62149,"No"
62150,"Yes"
62151,"Yes"
62152,"No"
62153,"Yes"
62154,"No"
62155,"Yes"
62156,"Yes"
62157,"No"
62158,"Yes"
62159,"Yes"
62160,"No"
62161,"No"
62162,"No"
62163,"No"
62164,"No"
62165,"No"
62166,"No"
62167,"No"
62168,"Yes"
62169,"Yes"
62170,"No"
62171,"No"
62172,"No"
62173,"No"
62174,"Yes"
62175,"No"
62176,"Yes"
62177,"Yes"
62178,"Yes"
62179,"No"
62180,"No"
62181,"No"
62182,"Yes"
62183,"No"
62184,"Yes"
62185,"Yes"
62186,"No"
62187,"No"
62188,"No"
62189,"Yes"
62190,"No"
62191,"Yes"
62192,"No"
62193,"No"
62194,"Yes"
62195,"No"
62196,"No"
62197,"No"
62198,"No"
62199,"No"
62200,"No"
62201,"No"
62202,"No"
62203,"No"
62204,"No"
62205,"No"
62206,"Yes"
62207,"Yes"
62208,"Yes"
62209,"No"
62210,"Yes"
62211,"No"
62212,"No"
62213,"No"
62214,"Yes"
62215,"No"
62216,"No"
62217,"No"
62218,"No"
62219,"No"
62220,"No"
62221,"No"
62222,"Yes"
62223,"Yes"
62224,"No"
62225,"Yes"
62226,"No"
62227,"No"
62228,"Yes"
62229,"No"
62230,"No"
62231,"Yes"
62232,"No"
62233,"No"
62234,"No"
62235,"Yes"
62236,"No"
62237,"No"
62238,"No"
62239,"No"
62240,"No"
62241,"No"
62242,"Yes"
62243,"No"
62244,"No"
62245,"No"
62246,"Yes"
62247,"No"
62248,"Yes"
62249,"No"
62250,"Yes"
62251,"No"
62252,"Yes"
62253,"No"
62254,"No"
62255,"No"
62256,"No"
62257,"No"
62258,"No"
62259,"No"
62260,"No"
62261,"Yes"
62262,"Yes"
62263,"No"
62264,"No"
62265,"No"
62266,"No"
62267,"No"
62268,"No"
62269,"No"
62270,"No"
62271,"No"
62272,"No"
62273,"No"
62274,"Yes"
62275,"No"
62276,"No"
62277,"Yes"
62278,"No"
62279,"No"
62280,"Yes"
62281,"Yes"
62282,"Yes"
62283,"No"
62284,"No"
62285,"Yes"
62286,"Yes"
62287,"Yes"
62288,"Yes"
62289,"No"
62290,"Yes"
62291,"No"
62292,"Yes"
62293,"Yes"
62294,"No"
62295,"No"
62296,"No"
62297,"No"
62298,"Yes"
62299,"Yes"
62300,"Yes"
62301,"No"
62302,"No"
62303,"No"
62304,"No"
62305,"No"
62306,"Yes"
62307,"No"
62308,"No"
62309,"No"
62310,"Yes"
62311,"No"
62312,"Yes"
62313,"No"
62314,"No"
62315,"Yes"
62316,"No"
62317,"Yes"
62318,"No"
62319,"No"
62320,"Yes"
62321,"No"
62322,"No"
62323,"Yes"
62324,"No"
62325,"Yes"
62326,"Yes"
62327,"No"
62328,"Yes"
62329,"No"
62330,"No"
62331,"Yes"
62332,"Yes"
62333,"No"
62334,"Yes"
62335,"No"
62336,"No"
62337,"Yes"
62338,"No"
62339,"No"
62340,"Yes"
62341,"Yes"
62342,"Yes"
62343,"Yes"
62344,"Yes"
62345,"No"
62346,"Yes"
62347,"No"
62348,"Yes"
62349,"No"
62350,"No"
62351,"No"
62352,"No"
62353,"No"
62354,"No"
62355,"No"
62356,"No"
62357,"Yes"
62358,"Yes"
62359,"No"
62360,"Yes"
62361,"Yes"
62362,"Yes"
62363,"No"
62364,"No"
62365,"No"
62366,"No"
62367,"No"
62368,"Yes"
62369,"Yes"
62370,"Yes"
62371,"No"
62372,"No"
62373,"Yes"
62374,"No"
62375,"Yes"
62376,"No"
62377,"No"
62378,"No"
62379,"No"
62380,"Yes"
62381,"No"
62382,"Yes"
62383,"No"
62384,"No"
62385,"No"
62386,"Yes"
62387,"No"
62388,"No"
62389,"No"
62390,"No"
62391,"No"
62392,"No"
62393,"No"
62394,"Yes"
62395,"No"
62396,"No"
62397,"No"
62398,"Yes"
62399,"Yes"
62400,"No"
62401,"No"
62402,"No"
62403,"No"
62404,"Yes"
62405,"Yes"
62406,"No"
62407,"No"
62408,"No"
62409,"No"
62410,"No"
62411,"No"
62412,"No"
62413,"Yes"
62414,"Yes"
62415,"Yes"
62416,"No"
62417,"No"
62418,"No"
62419,"Yes"
62420,"No"
62421,"No"
62422,"No"
62423,"No"
62424,"No"
62425,"Yes"
62426,"No"
62427,"Yes"
62428,"No"
62429,"No"
62430,"Yes"
62431,"No"
62432,"Yes"
62433,"No"
62434,"No"
62435,"Yes"
62436,"No"
62437,"No"
62438,"Yes"
62439,"Yes"
62440,"No"
62441,"No"
62442,"No"
62443,"No"
62444,"Yes"
62445,"No"
62446,"No"
62447,"No"
62448,"Yes"
62449,"Yes"
62450,"No"
62451,"Yes"
62452,"No"
62453,"Yes"
62454,"Yes"
62455,"No"
62456,"Yes"
62457,"Yes"
62458,"No"
62459,"Yes"
62460,"No"
62461,"No"
62462,"Yes"
62463,"No"
62464,"No"
62465,"Yes"
62466,"No"
62467,"No"
62468,"Yes"
62469,"Yes"
62470,"Yes"
62471,"No"
62472,"No"
62473,"No"
62474,"No"
62475,"No"
62476,"No"
62477,"Yes"
62478,"No"
62479,"No"
62480,"No"
62481,"Yes"
62482,"No"
62483,"No"
62484,"Yes"
62485,"Yes"
62486,"No"
62487,"No"
62488,"No"
62489,"Yes"
62490,"No"
62491,"No"
62492,"No"
62493,"Yes"
62494,"Yes"
62495,"No"
62496,"Yes"
62497,"Yes"
62498,"No"
62499,"Yes"
62500,"Yes"
62501,"Yes"
62502,"No"
62503,"Yes"
62504,"No"
62505,"No"
62506,"No"
62507,"No"
62508,"No"
62509,"No"
62510,"No"
62511,"Yes"
62512,"Yes"
62513,"No"
62514,"No"
62515,"Yes"
62516,"Yes"
62517,"No"
62518,"Yes"
62519,"No"
62520,"No"
62521,"Yes"
62522,"Yes"
62523,"No"
62524,"No"
62525,"Yes"
62526,"Yes"
62527,"No"
62528,"No"
62529,"Yes"
62530,"No"
62531,"No"
62532,"No"
62533,"No"
62534,"No"
62535,"No"
62536,"Yes"
62537,"Yes"
62538,"No"
62539,"Yes"
62540,"Yes"
62541,"No"
62542,"No"
62543,"Yes"
62544,"No"
62545,"No"
62546,"No"
62547,"No"
62548,"No"
62549,"No"
62550,"No"
62551,"No"
62552,"Yes"
62553,"Yes"
62554,"Yes"
62555,"Yes"
62556,"No"
62557,"No"
62558,"No"
62559,"No"
62560,"No"
62561,"No"
62562,"No"
62563,"No"
62564,"No"
62565,"Yes"
62566,"Yes"
62567,"No"
62568,"No"
62569,"Yes"
62570,"Yes"
62571,"Yes"
62572,"No"
62573,"No"
62574,"No"
62575,"No"
62576,"Yes"
62577,"No"
62578,"No"
62579,"No"
62580,"No"
62581,"No"
62582,"No"
62583,"No"
62584,"Yes"
62585,"No"
62586,"No"
62587,"Yes"
62588,"No"
62589,"Yes"
62590,"No"
62591,"No"
62592,"No"
62593,"No"
62594,"No"
62595,"No"
62596,"No"
62597,"No"
62598,"Yes"
62599,"No"
62600,"No"
62601,"No"
62602,"No"
62603,"Yes"
62604,"No"
62605,"No"
62606,"No"
62607,"No"
62608,"No"
62609,"No"
62610,"No"
62611,"No"
62612,"Yes"
62613,"No"
62614,"Yes"
62615,"No"
62616,"No"
62617,"No"
62618,"No"
62619,"No"
62620,"No"
62621,"Yes"
62622,"No"
62623,"No"
62624,"Yes"
62625,"No"
62626,"No"
62627,"No"
62628,"No"
62629,"No"
62630,"No"
62631,"No"
62632,"Yes"
62633,"Yes"
62634,"No"
62635,"Yes"
62636,"No"
62637,"No"
62638,"Yes"
62639,"Yes"
62640,"No"
62641,"No"
62642,"Yes"
62643,"Yes"
62644,"No"
62645,"Yes"
62646,"No"
62647,"No"
62648,"No"
62649,"No"
62650,"No"
62651,"No"
62652,"No"
62653,"Yes"
62654,"Yes"
62655,"No"
62656,"Yes"
62657,"No"
62658,"Yes"
62659,"Yes"
62660,"Yes"
62661,"No"
62662,"No"
62663,"No"
62664,"No"
62665,"Yes"
62666,"Yes"
62667,"Yes"
62668,"Yes"
62669,"No"
62670,"Yes"
62671,"Yes"
62672,"No"
62673,"No"
62674,"Yes"
62675,"No"
62676,"No"
62677,"No"
62678,"Yes"
62679,"No"
62680,"No"
62681,"No"
62682,"No"
62683,"No"
62684,"Yes"
62685,"Yes"
62686,"No"
62687,"No"
62688,"Yes"
62689,"No"
62690,"Yes"
62691,"Yes"
62692,"No"
62693,"Yes"
62694,"No"
62695,"Yes"
62696,"Yes"
62697,"No"
62698,"No"
62699,"No"
62700,"Yes"
62701,"Yes"
62702,"No"
62703,"No"
62704,"No"
62705,"No"
62706,"Yes"
62707,"No"
62708,"No"
62709,"Yes"
62710,"No"
62711,"No"
62712,"No"
62713,"No"
62714,"No"
62715,"Yes"
62716,"Yes"
62717,"No"
62718,"No"
62719,"No"
62720,"Yes"
62721,"No"
62722,"No"
62723,"No"
62724,"No"
62725,"No"
62726,"No"
62727,"Yes"
62728,"No"
62729,"No"
62730,"No"
62731,"No"
62732,"No"
62733,"No"
62734,"No"
62735,"Yes"
62736,"No"
62737,"No"
62738,"No"
62739,"No"
62740,"Yes"
62741,"No"
62742,"No"
62743,"No"
62744,"No"
62745,"No"
62746,"No"
62747,"Yes"
62748,"Yes"
62749,"No"
62750,"No"
62751,"No"
62752,"No"
62753,"Yes"
62754,"No"
62755,"No"
62756,"No"
62757,"Yes"
62758,"No"
62759,"No"
62760,"Yes"
62761,"Yes"
62762,"No"
62763,"No"
62764,"Yes"
62765,"No"
62766,"No"
62767,"Yes"
62768,"Yes"
62769,"No"
62770,"No"
62771,"No"
62772,"No"
62773,"No"
62774,"No"
62775,"No"
62776,"Yes"
62777,"Yes"
62778,"No"
62779,"No"
62780,"No"
62781,"Yes"
62782,"No"
62783,"Yes"
62784,"Yes"
62785,"No"
62786,"No"
62787,"No"
62788,"No"
62789,"No"
62790,"Yes"
62791,"Yes"
62792,"No"
62793,"Yes"
62794,"No"
62795,"Yes"
62796,"Yes"
62797,"No"
62798,"Yes"
62799,"Yes"
62800,"No"
62801,"Yes"
62802,"No"
62803,"No"
62804,"Yes"
62805,"No"
62806,"No"
62807,"No"
62808,"No"
62809,"Yes"
62810,"No"
62811,"No"
62812,"No"
62813,"Yes"
62814,"No"
62815,"No"
62816,"Yes"
62817,"No"
62818,"No"
62819,"Yes"
62820,"No"
62821,"No"
62822,"Yes"
62823,"No"
62824,"Yes"
62825,"No"
62826,"No"
62827,"No"
62828,"No"
62829,"Yes"
62830,"Yes"
62831,"No"
62832,"Yes"
62833,"No"
62834,"No"
62835,"Yes"
62836,"No"
62837,"No"
62838,"No"
62839,"No"
62840,"No"
62841,"Yes"
62842,"No"
62843,"Yes"
62844,"Yes"
62845,"Yes"
62846,"No"
62847,"No"
62848,"Yes"
62849,"No"
62850,"No"
62851,"No"
62852,"Yes"
62853,"No"
62854,"No"
62855,"Yes"
62856,"Yes"
62857,"No"
62858,"No"
62859,"Yes"
62860,"No"
62861,"No"
62862,"Yes"
62863,"Yes"
62864,"Yes"
62865,"Yes"
62866,"Yes"
62867,"No"
62868,"No"
62869,"No"
62870,"No"
62871,"Yes"
62872,"No"
62873,"No"
62874,"No"
62875,"Yes"
62876,"No"
62877,"No"
62878,"Yes"
62879,"No"
62880,"No"
62881,"Yes"
62882,"No"
62883,"No"
62884,"Yes"
62885,"No"
62886,"Yes"
62887,"No"
62888,"Yes"
62889,"Yes"
62890,"Yes"
62891,"Yes"
62892,"Yes"
62893,"No"
62894,"No"
62895,"No"
62896,"No"
62897,"No"
62898,"Yes"
62899,"No"
62900,"No"
62901,"No"
62902,"Yes"
62903,"No"
62904,"Yes"
62905,"No"
62906,"Yes"
62907,"Yes"
62908,"Yes"
62909,"Yes"
62910,"No"
62911,"Yes"
62912,"No"
62913,"No"
62914,"Yes"
62915,"No"
62916,"Yes"
62917,"Yes"
62918,"Yes"
62919,"No"
62920,"Yes"
62921,"Yes"
62922,"No"
62923,"No"
62924,"Yes"
62925,"No"
62926,"No"
62927,"No"
62928,"No"
62929,"No"
62930,"No"
62931,"Yes"
62932,"No"
62933,"No"
62934,"Yes"
62935,"Yes"
62936,"No"
62937,"No"
62938,"Yes"
62939,"Yes"
62940,"Yes"
62941,"No"
62942,"Yes"
62943,"Yes"
62944,"No"
62945,"Yes"
62946,"Yes"
62947,"No"
62948,"No"
62949,"No"
62950,"No"
62951,"No"
62952,"Yes"
62953,"Yes"
62954,"No"
62955,"Yes"
62956,"Yes"
62957,"Yes"
62958,"Yes"
62959,"Yes"
62960,"No"
62961,"No"
62962,"No"
62963,"Yes"
62964,"No"
62965,"No"
62966,"Yes"
62967,"No"
62968,"No"
62969,"No"
62970,"No"
62971,"No"
62972,"Yes"
62973,"No"
62974,"Yes"
62975,"Yes"
62976,"No"
62977,"Yes"
62978,"No"
62979,"Yes"
62980,"Yes"
62981,"Yes"
62982,"No"
62983,"Yes"
62984,"Yes"
62985,"No"
62986,"No"
62987,"Yes"
62988,"No"
62989,"No"
62990,"Yes"
62991,"No"
62992,"No"
62993,"Yes"
62994,"No"
62995,"No"
62996,"No"
62997,"Yes"
62998,"No"
62999,"Yes"
63000,"No"
63001,"Yes"
63002,"No"
63003,"Yes"
63004,"No"
63005,"No"
63006,"No"
63007,"Yes"
63008,"Yes"
63009,"No"
63010,"Yes"
63011,"No"
63012,"No"
63013,"Yes"
63014,"No"
63015,"No"
63016,"No"
63017,"Yes"
63018,"No"
63019,"No"
63020,"No"
63021,"Yes"
63022,"Yes"
63023,"No"
63024,"No"
63025,"No"
63026,"No"
63027,"No"
63028,"No"
63029,"No"
63030,"No"
63031,"No"
63032,"No"
63033,"Yes"
63034,"Yes"
63035,"Yes"
63036,"No"
63037,"No"
63038,"No"
63039,"Yes"
63040,"Yes"
63041,"No"
63042,"No"
63043,"No"
63044,"No"
63045,"No"
63046,"No"
63047,"No"
63048,"Yes"
63049,"No"
63050,"No"
63051,"Yes"
63052,"No"
63053,"No"
63054,"Yes"
63055,"No"
63056,"No"
63057,"Yes"
63058,"Yes"
63059,"Yes"
63060,"No"
63061,"Yes"
63062,"No"
63063,"No"
63064,"No"
63065,"No"
63066,"No"
63067,"No"
63068,"Yes"
63069,"Yes"
63070,"No"
63071,"Yes"
63072,"No"
63073,"Yes"
63074,"No"
63075,"No"
63076,"Yes"
63077,"No"
63078,"No"
63079,"Yes"
63080,"Yes"
63081,"No"
63082,"Yes"
63083,"No"
63084,"No"
63085,"No"
63086,"No"
63087,"No"
63088,"Yes"
63089,"No"
63090,"Yes"
63091,"Yes"
63092,"Yes"
63093,"Yes"
63094,"No"
63095,"No"
63096,"No"
63097,"Yes"
63098,"Yes"
63099,"No"
63100,"No"
63101,"No"
63102,"No"
63103,"Yes"
63104,"No"
63105,"No"
63106,"Yes"
63107,"No"
63108,"No"
63109,"No"
63110,"Yes"
63111,"No"
63112,"Yes"
63113,"Yes"
63114,"No"
63115,"No"
63116,"No"
63117,"Yes"
63118,"Yes"
63119,"Yes"
63120,"Yes"
63121,"No"
63122,"No"
63123,"No"
63124,"No"
63125,"Yes"
63126,"Yes"
63127,"Yes"
63128,"No"
63129,"No"
63130,"No"
63131,"No"
63132,"No"
63133,"No"
63134,"Yes"
63135,"Yes"
63136,"Yes"
63137,"No"
63138,"No"
63139,"No"
63140,"No"
63141,"No"
63142,"Yes"
63143,"No"
63144,"No"
63145,"No"
63146,"No"
63147,"No"
63148,"Yes"
63149,"Yes"
63150,"No"
63151,"Yes"
63152,"Yes"
63153,"No"
63154,"No"
63155,"No"
63156,"No"
63157,"No"
63158,"No"
63159,"Yes"
63160,"Yes"
63161,"No"
63162,"No"
63163,"Yes"
63164,"Yes"
63165,"No"
63166,"No"
63167,"No"
63168,"Yes"
63169,"No"
63170,"No"
63171,"Yes"
63172,"Yes"
63173,"Yes"
63174,"No"
63175,"Yes"
63176,"No"
63177,"No"
63178,"No"
63179,"No"
63180,"No"
63181,"No"
63182,"No"
63183,"Yes"
63184,"No"
63185,"Yes"
63186,"No"
63187,"Yes"
63188,"Yes"
63189,"No"
63190,"Yes"
63191,"No"
63192,"No"
63193,"No"
63194,"Yes"
63195,"Yes"
63196,"No"
63197,"Yes"
63198,"No"
63199,"No"
63200,"No"
63201,"No"
63202,"Yes"
63203,"No"
63204,"No"
63205,"No"
63206,"Yes"
63207,"No"
63208,"Yes"
63209,"No"
63210,"No"
63211,"Yes"
63212,"No"
63213,"Yes"
63214,"No"
63215,"Yes"
63216,"No"
63217,"No"
63218,"Yes"
63219,"Yes"
63220,"No"
63221,"No"
63222,"Yes"
63223,"No"
63224,"No"
63225,"No"
63226,"No"
63227,"Yes"
63228,"Yes"
63229,"No"
63230,"Yes"
63231,"No"
63232,"No"
63233,"Yes"
63234,"No"
63235,"No"
63236,"No"
63237,"No"
63238,"No"
63239,"No"
63240,"No"
63241,"Yes"
63242,"No"
63243,"No"
63244,"No"
63245,"No"
63246,"No"
63247,"No"
63248,"No"
63249,"Yes"
63250,"No"
63251,"Yes"
63252,"No"
63253,"No"
63254,"Yes"
63255,"Yes"
63256,"No"
63257,"Yes"
63258,"No"
63259,"No"
63260,"Yes"
63261,"Yes"
63262,"No"
63263,"Yes"
63264,"No"
63265,"No"
63266,"No"
63267,"No"
63268,"No"
63269,"No"
63270,"Yes"
63271,"No"
63272,"No"
63273,"No"
63274,"No"
63275,"Yes"
63276,"No"
63277,"No"
63278,"No"
63279,"No"
63280,"No"
63281,"No"
63282,"No"
63283,"No"
63284,"No"
63285,"No"
63286,"Yes"
63287,"No"
63288,"Yes"
63289,"No"
63290,"No"
63291,"Yes"
63292,"Yes"
63293,"Yes"
63294,"No"
63295,"No"
63296,"Yes"
63297,"No"
63298,"No"
63299,"Yes"
63300,"No"
63301,"No"
63302,"No"
63303,"Yes"
63304,"Yes"
63305,"No"
63306,"No"
63307,"No"
63308,"Yes"
63309,"No"
63310,"No"
63311,"No"
63312,"Yes"
63313,"Yes"
63314,"No"
63315,"No"
63316,"No"
63317,"No"
63318,"No"
63319,"No"
63320,"No"
63321,"Yes"
63322,"No"
63323,"No"
63324,"No"
63325,"No"
63326,"No"
63327,"No"
63328,"No"
63329,"No"
63330,"No"
63331,"Yes"
63332,"No"
63333,"No"
63334,"No"
63335,"No"
63336,"No"
63337,"Yes"
63338,"No"
63339,"No"
63340,"No"
63341,"No"
63342,"No"
63343,"Yes"
63344,"No"
63345,"No"
63346,"Yes"
63347,"No"
63348,"No"
63349,"No"
63350,"No"
63351,"Yes"
63352,"No"
63353,"No"
63354,"No"
63355,"No"
63356,"No"
63357,"No"
63358,"No"
63359,"No"
63360,"Yes"
63361,"No"
63362,"No"
63363,"Yes"
63364,"No"
63365,"Yes"
63366,"No"
63367,"Yes"
63368,"Yes"
63369,"No"
63370,"No"
63371,"No"
63372,"No"
63373,"No"
63374,"No"
63375,"No"
63376,"No"
63377,"No"
63378,"No"
63379,"No"
63380,"No"
63381,"No"
63382,"No"
63383,"No"
63384,"No"
63385,"No"
63386,"No"
63387,"Yes"
63388,"No"
63389,"No"
63390,"No"
63391,"No"
63392,"Yes"
63393,"No"
63394,"No"
63395,"No"
63396,"No"
63397,"Yes"
63398,"Yes"
63399,"No"
63400,"No"
63401,"No"
63402,"Yes"
63403,"No"
63404,"No"
63405,"No"
63406,"No"
63407,"No"
63408,"Yes"
63409,"No"
63410,"Yes"
63411,"No"
63412,"No"
63413,"No"
63414,"No"
63415,"No"
63416,"Yes"
63417,"No"
63418,"No"
63419,"No"
63420,"No"
63421,"No"
63422,"No"
63423,"No"
63424,"Yes"
63425,"No"
63426,"Yes"
63427,"Yes"
63428,"Yes"
63429,"No"
63430,"Yes"
63431,"No"
63432,"Yes"
63433,"No"
63434,"No"
63435,"No"
63436,"No"
63437,"No"
63438,"No"
63439,"No"
63440,"No"
63441,"No"
63442,"Yes"
63443,"No"
63444,"No"
63445,"No"
63446,"No"
63447,"Yes"
63448,"Yes"
63449,"Yes"
63450,"No"
63451,"Yes"
63452,"Yes"
63453,"Yes"
63454,"Yes"
63455,"No"
63456,"No"
63457,"No"
63458,"No"
63459,"Yes"
63460,"No"
63461,"No"
63462,"Yes"
63463,"No"
63464,"No"
63465,"No"
63466,"No"
63467,"No"
63468,"Yes"
63469,"No"
63470,"No"
63471,"Yes"
63472,"Yes"
63473,"No"
63474,"No"
63475,"No"
63476,"Yes"
63477,"No"
63478,"No"
63479,"No"
63480,"No"
63481,"No"
63482,"No"
63483,"Yes"
63484,"No"
63485,"Yes"
63486,"Yes"
63487,"No"
63488,"No"
63489,"Yes"
63490,"No"
63491,"No"
63492,"Yes"
63493,"No"
63494,"No"
63495,"Yes"
63496,"Yes"
63497,"Yes"
63498,"No"
63499,"Yes"
63500,"No"
63501,"No"
63502,"No"
63503,"No"
63504,"Yes"
63505,"No"
63506,"No"
63507,"Yes"
63508,"Yes"
63509,"No"
63510,"No"
63511,"No"
63512,"No"
63513,"No"
63514,"No"
63515,"Yes"
63516,"Yes"
63517,"No"
63518,"No"
63519,"No"
63520,"No"
63521,"No"
63522,"Yes"
63523,"No"
63524,"No"
63525,"No"
63526,"No"
63527,"Yes"
63528,"Yes"
63529,"No"
63530,"Yes"
63531,"No"
63532,"No"
63533,"No"
63534,"Yes"
63535,"No"
63536,"No"
63537,"Yes"
63538,"No"
63539,"Yes"
63540,"No"
63541,"No"
63542,"No"
63543,"No"
63544,"Yes"
63545,"Yes"
63546,"Yes"
63547,"No"
63548,"No"
63549,"No"
63550,"No"
63551,"Yes"
63552,"No"
63553,"Yes"
63554,"Yes"
63555,"Yes"
63556,"Yes"
63557,"No"
63558,"Yes"
63559,"Yes"
63560,"No"
63561,"No"
63562,"No"
63563,"Yes"
63564,"No"
63565,"No"
63566,"No"
63567,"No"
63568,"No"
63569,"No"
63570,"No"
63571,"No"
63572,"No"
63573,"No"
63574,"Yes"
63575,"No"
63576,"No"
63577,"No"
63578,"No"
63579,"No"
63580,"No"
63581,"No"
63582,"No"
63583,"Yes"
63584,"No"
63585,"No"
63586,"No"
63587,"No"
63588,"No"
63589,"No"
63590,"No"
63591,"No"
63592,"Yes"
63593,"Yes"
63594,"No"
63595,"No"
63596,"Yes"
63597,"No"
63598,"No"
63599,"Yes"
63600,"No"
63601,"No"
63602,"No"
63603,"No"
63604,"No"
63605,"No"
63606,"No"
63607,"No"
63608,"Yes"
63609,"No"
63610,"Yes"
63611,"Yes"
63612,"No"
63613,"No"
63614,"No"
63615,"No"
63616,"No"
63617,"No"
63618,"No"
63619,"Yes"
63620,"No"
63621,"Yes"
63622,"No"
63623,"No"
63624,"Yes"
63625,"No"
63626,"Yes"
63627,"No"
63628,"No"
63629,"No"
63630,"No"
63631,"No"
63632,"No"
63633,"No"
63634,"Yes"
63635,"Yes"
63636,"Yes"
63637,"No"
63638,"No"
63639,"No"
63640,"No"
63641,"No"
63642,"No"
63643,"Yes"
63644,"Yes"
63645,"No"
63646,"No"
63647,"No"
63648,"Yes"
63649,"No"
63650,"No"
63651,"No"
63652,"No"
63653,"Yes"
63654,"No"
63655,"No"
63656,"No"
63657,"No"
63658,"Yes"
63659,"Yes"
63660,"No"
63661,"No"
63662,"No"
63663,"Yes"
63664,"No"
63665,"No"
63666,"No"
63667,"Yes"
63668,"No"
63669,"No"
63670,"Yes"
63671,"No"
63672,"No"
63673,"No"
63674,"No"
63675,"No"
63676,"Yes"
63677,"No"
63678,"No"
63679,"Yes"
63680,"No"
63681,"Yes"
63682,"No"
63683,"Yes"
63684,"No"
63685,"Yes"
63686,"No"
63687,"Yes"
63688,"Yes"
63689,"No"
63690,"Yes"
63691,"No"
63692,"No"
63693,"Yes"
63694,"No"
63695,"Yes"
63696,"No"
63697,"No"
63698,"No"
63699,"No"
63700,"No"
63701,"No"
63702,"Yes"
63703,"No"
63704,"No"
63705,"No"
63706,"Yes"
63707,"No"
63708,"No"
63709,"No"
63710,"No"
63711,"Yes"
63712,"No"
63713,"Yes"
63714,"No"
63715,"No"
63716,"No"
63717,"Yes"
63718,"No"
63719,"No"
63720,"No"
63721,"No"
63722,"No"
63723,"Yes"
63724,"No"
63725,"No"
63726,"No"
63727,"Yes"
63728,"Yes"
63729,"No"
63730,"Yes"
63731,"Yes"
63732,"Yes"
63733,"No"
63734,"Yes"
63735,"No"
63736,"Yes"
63737,"No"
63738,"No"
63739,"No"
63740,"Yes"
63741,"No"
63742,"Yes"
63743,"No"
63744,"No"
63745,"Yes"
63746,"No"
63747,"No"
63748,"Yes"
63749,"No"
63750,"No"
63751,"Yes"
63752,"No"
63753,"Yes"
63754,"No"
63755,"No"
63756,"No"
63757,"No"
63758,"No"
63759,"No"
63760,"No"
63761,"No"
63762,"Yes"
63763,"No"
63764,"Yes"
63765,"No"
63766,"Yes"
63767,"No"
63768,"No"
63769,"No"
63770,"No"
63771,"No"
63772,"Yes"
63773,"Yes"
63774,"No"
63775,"No"
63776,"No"
63777,"No"
63778,"No"
63779,"No"
63780,"Yes"
63781,"No"
63782,"Yes"
63783,"No"
63784,"No"
63785,"No"
63786,"Yes"
63787,"Yes"
63788,"No"
63789,"Yes"
63790,"Yes"
63791,"No"
63792,"No"
63793,"No"
63794,"No"
63795,"No"
63796,"No"
63797,"No"
63798,"No"
63799,"Yes"
63800,"No"
63801,"No"
63802,"No"
63803,"No"
63804,"Yes"
63805,"Yes"
63806,"Yes"
63807,"Yes"
63808,"No"
63809,"No"
63810,"No"
63811,"No"
63812,"No"
63813,"No"
63814,"Yes"
63815,"No"
63816,"No"
63817,"No"
63818,"No"
63819,"Yes"
63820,"No"
63821,"No"
63822,"No"
63823,"Yes"
63824,"No"
63825,"No"
63826,"No"
63827,"No"
63828,"Yes"
63829,"No"
63830,"No"
63831,"Yes"
63832,"No"
63833,"Yes"
63834,"No"
63835,"No"
63836,"No"
63837,"Yes"
63838,"No"
63839,"No"
63840,"Yes"
63841,"No"
63842,"Yes"
63843,"No"
63844,"Yes"
63845,"No"
63846,"Yes"
63847,"No"
63848,"Yes"
63849,"No"
63850,"No"
63851,"No"
63852,"No"
63853,"No"
63854,"Yes"
63855,"No"
63856,"Yes"
63857,"No"
63858,"No"
63859,"Yes"
63860,"No"
63861,"No"
63862,"No"
63863,"Yes"
63864,"No"
63865,"No"
63866,"No"
63867,"No"
63868,"No"
63869,"No"
63870,"Yes"
63871,"Yes"
63872,"No"
63873,"No"
63874,"Yes"
63875,"Yes"
63876,"No"
63877,"No"
63878,"Yes"
63879,"No"
63880,"No"
63881,"No"
63882,"No"
63883,"Yes"
63884,"Yes"
63885,"No"
63886,"No"
63887,"No"
63888,"Yes"
63889,"No"
63890,"No"
63891,"No"
63892,"No"
63893,"Yes"
63894,"No"
63895,"Yes"
63896,"No"
63897,"No"
63898,"Yes"
63899,"Yes"
63900,"No"
63901,"No"
63902,"No"
63903,"No"
63904,"Yes"
63905,"No"
63906,"No"
63907,"No"
63908,"No"
63909,"No"
63910,"Yes"
63911,"No"
63912,"Yes"
63913,"No"
63914,"Yes"
63915,"No"
63916,"No"
63917,"No"
63918,"Yes"
63919,"No"
63920,"No"
63921,"No"
63922,"No"
63923,"No"
63924,"No"
63925,"No"
63926,"No"
63927,"No"
63928,"Yes"
63929,"No"
63930,"No"
63931,"Yes"
63932,"Yes"
63933,"No"
63934,"Yes"
63935,"No"
63936,"Yes"
63937,"No"
63938,"No"
63939,"No"
63940,"No"
63941,"No"
63942,"No"
63943,"No"
63944,"Yes"
63945,"No"
63946,"No"
63947,"No"
63948,"Yes"
63949,"No"
63950,"No"
63951,"Yes"
63952,"No"
63953,"No"
63954,"No"
63955,"Yes"
63956,"Yes"
63957,"No"
63958,"No"
63959,"Yes"
63960,"No"
63961,"Yes"
63962,"Yes"
63963,"Yes"
63964,"No"
63965,"No"
63966,"No"
63967,"No"
63968,"No"
63969,"No"
63970,"No"
63971,"Yes"
63972,"No"
63973,"Yes"
63974,"No"
63975,"Yes"
63976,"Yes"
63977,"No"
63978,"Yes"
63979,"No"
63980,"Yes"
63981,"No"
63982,"No"
63983,"No"
63984,"No"
63985,"No"
63986,"Yes"
63987,"No"
63988,"No"
63989,"Yes"
63990,"No"
63991,"No"
63992,"No"
63993,"No"
63994,"No"
63995,"No"
63996,"Yes"
63997,"No"
63998,"Yes"
63999,"No"
64000,"No"
64001,"No"
64002,"No"
64003,"No"
64004,"No"
64005,"No"
64006,"No"
64007,"No"
64008,"Yes"
64009,"No"
64010,"Yes"
64011,"No"
64012,"No"
64013,"No"
64014,"No"
64015,"No"
64016,"No"
64017,"No"
64018,"Yes"
64019,"No"
64020,"No"
64021,"No"
64022,"Yes"
64023,"Yes"
64024,"No"
64025,"No"
64026,"No"
64027,"No"
64028,"No"
64029,"No"
64030,"No"
64031,"No"
64032,"Yes"
64033,"Yes"
64034,"No"
64035,"No"
64036,"No"
64037,"Yes"
64038,"No"
64039,"No"
64040,"No"
64041,"No"
64042,"No"
64043,"Yes"
64044,"No"
64045,"No"
64046,"No"
64047,"Yes"
64048,"No"
64049,"No"
64050,"No"
64051,"No"
64052,"No"
64053,"No"
64054,"Yes"
64055,"No"
64056,"No"
64057,"Yes"
64058,"No"
64059,"No"
64060,"No"
64061,"No"
64062,"No"
64063,"Yes"
64064,"No"
64065,"No"
64066,"No"
64067,"No"
64068,"No"
64069,"No"
64070,"Yes"
64071,"Yes"
64072,"Yes"
64073,"No"
64074,"No"
64075,"No"
64076,"No"
64077,"No"
64078,"Yes"
64079,"No"
64080,"Yes"
64081,"Yes"
64082,"No"
64083,"No"
64084,"Yes"
64085,"No"
64086,"No"
64087,"No"
64088,"No"
64089,"No"
64090,"No"
64091,"Yes"
64092,"No"
64093,"Yes"
64094,"No"
64095,"No"
64096,"Yes"
64097,"Yes"
64098,"Yes"
64099,"Yes"
64100,"No"
64101,"No"
64102,"Yes"
64103,"No"
64104,"No"
64105,"No"
64106,"No"
64107,"No"
64108,"No"
64109,"Yes"
64110,"No"
64111,"No"
64112,"No"
64113,"Yes"
64114,"No"
64115,"Yes"
64116,"No"
64117,"No"
64118,"No"
64119,"No"
64120,"Yes"
64121,"Yes"
64122,"Yes"
64123,"Yes"
64124,"Yes"
64125,"Yes"
64126,"No"
64127,"No"
64128,"No"
64129,"No"
64130,"Yes"
64131,"No"
64132,"No"
64133,"No"
64134,"No"
64135,"No"
64136,"Yes"
64137,"No"
64138,"No"
64139,"No"
64140,"No"
64141,"No"
64142,"No"
64143,"No"
64144,"No"
64145,"No"
64146,"No"
64147,"No"
64148,"Yes"
64149,"No"
64150,"No"
64151,"No"
64152,"No"
64153,"Yes"
64154,"No"
64155,"Yes"
64156,"No"
64157,"No"
64158,"No"
64159,"No"
64160,"No"
64161,"Yes"
64162,"No"
64163,"No"
64164,"No"
64165,"No"
64166,"No"
64167,"No"
64168,"Yes"
64169,"Yes"
64170,"Yes"
64171,"Yes"
64172,"No"
64173,"Yes"
64174,"No"
64175,"No"
64176,"No"
64177,"Yes"
64178,"No"
64179,"No"
64180,"Yes"
64181,"No"
64182,"No"
64183,"Yes"
64184,"Yes"
64185,"Yes"
64186,"No"
64187,"Yes"
64188,"No"
64189,"Yes"
64190,"Yes"
64191,"No"
64192,"Yes"
64193,"No"
64194,"No"
64195,"No"
64196,"Yes"
64197,"Yes"
64198,"Yes"
64199,"No"
64200,"No"
64201,"No"
64202,"Yes"
64203,"No"
64204,"Yes"
64205,"No"
64206,"No"
64207,"No"
64208,"No"
64209,"Yes"
64210,"No"
64211,"Yes"
64212,"No"
64213,"Yes"
64214,"No"
64215,"No"
64216,"Yes"
64217,"No"
64218,"No"
64219,"Yes"
64220,"Yes"
64221,"Yes"
64222,"No"
64223,"No"
64224,"Yes"
64225,"No"
64226,"No"
64227,"No"
64228,"No"
64229,"No"
64230,"No"
64231,"No"
64232,"No"
64233,"No"
64234,"No"
64235,"No"
64236,"Yes"
64237,"No"
64238,"No"
64239,"No"
64240,"No"
64241,"Yes"
64242,"No"
64243,"Yes"
64244,"No"
64245,"Yes"
64246,"No"
64247,"Yes"
64248,"Yes"
64249,"Yes"
64250,"No"
64251,"Yes"
64252,"No"
64253,"No"
64254,"Yes"
64255,"No"
64256,"Yes"
64257,"No"
64258,"Yes"
64259,"No"
64260,"No"
64261,"Yes"
64262,"No"
64263,"No"
64264,"No"
64265,"No"
64266,"Yes"
64267,"No"
64268,"No"
64269,"Yes"
64270,"No"
64271,"No"
64272,"No"
64273,"No"
64274,"No"
64275,"No"
64276,"No"
64277,"Yes"
64278,"No"
64279,"No"
64280,"No"
64281,"No"
64282,"Yes"
64283,"No"
64284,"No"
64285,"Yes"
64286,"No"
64287,"No"
64288,"No"
64289,"No"
64290,"No"
64291,"Yes"
64292,"No"
64293,"Yes"
64294,"No"
64295,"Yes"
64296,"No"
64297,"No"
64298,"No"
64299,"Yes"
64300,"No"
64301,"No"
64302,"Yes"
64303,"No"
64304,"No"
64305,"No"
64306,"No"
64307,"No"
64308,"No"
64309,"No"
64310,"Yes"
64311,"No"
64312,"No"
64313,"Yes"
64314,"No"
64315,"Yes"
64316,"Yes"
64317,"No"
64318,"No"
64319,"No"
64320,"Yes"
64321,"No"
64322,"Yes"
64323,"No"
64324,"No"
64325,"Yes"
64326,"No"
64327,"No"
64328,"No"
64329,"Yes"
64330,"No"
64331,"No"
64332,"Yes"
64333,"No"
64334,"Yes"
64335,"No"
64336,"No"
64337,"Yes"
64338,"No"
64339,"Yes"
64340,"No"
64341,"No"
64342,"No"
64343,"Yes"
64344,"No"
64345,"No"
64346,"Yes"
64347,"No"
64348,"Yes"
64349,"No"
64350,"No"
64351,"No"
64352,"No"
64353,"No"
64354,"No"
64355,"No"
64356,"No"
64357,"Yes"
64358,"Yes"
64359,"Yes"
64360,"No"
64361,"No"
64362,"Yes"
64363,"Yes"
64364,"No"
64365,"No"
64366,"No"
64367,"Yes"
64368,"No"
64369,"Yes"
64370,"No"
64371,"No"
64372,"No"
64373,"No"
64374,"No"
64375,"No"
64376,"No"
64377,"No"
64378,"No"
64379,"No"
64380,"No"
64381,"Yes"
64382,"No"
64383,"No"
64384,"No"
64385,"No"
64386,"No"
64387,"No"
64388,"No"
64389,"No"
64390,"Yes"
64391,"No"
64392,"Yes"
64393,"No"
64394,"No"
64395,"No"
64396,"No"
64397,"No"
64398,"No"
64399,"Yes"
64400,"Yes"
64401,"No"
64402,"No"
64403,"No"
64404,"No"
64405,"No"
64406,"No"
64407,"No"
64408,"Yes"
64409,"No"
64410,"Yes"
64411,"No"
64412,"No"
64413,"No"
64414,"No"
64415,"No"
64416,"Yes"
64417,"No"
64418,"No"
64419,"No"
64420,"Yes"
64421,"No"
64422,"No"
64423,"No"
64424,"Yes"
64425,"No"
64426,"No"
64427,"No"
64428,"No"
64429,"No"
64430,"Yes"
64431,"Yes"
64432,"Yes"
64433,"No"
64434,"No"
64435,"No"
64436,"Yes"
64437,"Yes"
64438,"No"
64439,"No"
64440,"No"
64441,"No"
64442,"No"
64443,"No"
64444,"No"
64445,"No"
64446,"No"
64447,"No"
64448,"No"
64449,"Yes"
64450,"No"
64451,"Yes"
64452,"Yes"
64453,"Yes"
64454,"No"
64455,"Yes"
64456,"No"
64457,"No"
64458,"No"
64459,"No"
64460,"Yes"
64461,"No"
64462,"No"
64463,"No"
64464,"No"
64465,"No"
64466,"Yes"
64467,"No"
64468,"No"
64469,"No"
64470,"No"
64471,"No"
64472,"No"
64473,"No"
64474,"Yes"
64475,"No"
64476,"No"
64477,"No"
64478,"No"
64479,"No"
64480,"No"
64481,"Yes"
64482,"No"
64483,"No"
64484,"Yes"
64485,"Yes"
64486,"Yes"
64487,"No"
64488,"Yes"
64489,"No"
64490,"No"
64491,"No"
64492,"Yes"
64493,"No"
64494,"No"
64495,"Yes"
64496,"No"
64497,"No"
64498,"No"
64499,"No"
64500,"No"
64501,"No"
64502,"Yes"
64503,"No"
64504,"No"
64505,"No"
64506,"No"
64507,"No"
64508,"No"
64509,"No"
64510,"No"
64511,"No"
64512,"Yes"
64513,"No"
64514,"Yes"
64515,"Yes"
64516,"Yes"
64517,"No"
64518,"No"
64519,"No"
64520,"Yes"
64521,"No"
64522,"No"
64523,"No"
64524,"No"
64525,"No"
64526,"Yes"
64527,"No"
64528,"No"
64529,"Yes"
64530,"No"
64531,"Yes"
64532,"No"
64533,"Yes"
64534,"Yes"
64535,"Yes"
64536,"No"
64537,"Yes"
64538,"No"
64539,"No"
64540,"No"
64541,"Yes"
64542,"No"
64543,"No"
64544,"No"
64545,"No"
64546,"No"
64547,"No"
64548,"Yes"
64549,"No"
64550,"Yes"
64551,"Yes"
64552,"No"
64553,"No"
64554,"No"
64555,"No"
64556,"Yes"
64557,"No"
64558,"No"
64559,"No"
64560,"No"
64561,"Yes"
64562,"No"
64563,"Yes"
64564,"No"
64565,"No"
64566,"No"
64567,"No"
64568,"No"
64569,"No"
64570,"Yes"
64571,"Yes"
64572,"No"
64573,"No"
64574,"Yes"
64575,"No"
64576,"No"
64577,"No"
64578,"No"
64579,"No"
64580,"No"
64581,"Yes"
64582,"Yes"
64583,"No"
64584,"No"
64585,"No"
64586,"No"
64587,"No"
64588,"No"
64589,"No"
64590,"Yes"
64591,"Yes"
64592,"No"
64593,"No"
64594,"No"
64595,"No"
64596,"No"
64597,"No"
64598,"No"
64599,"No"
64600,"Yes"
64601,"No"
64602,"Yes"
64603,"No"
64604,"No"
64605,"No"
64606,"Yes"
64607,"No"
64608,"No"
64609,"No"
64610,"No"
64611,"No"
64612,"No"
64613,"No"
64614,"Yes"
64615,"No"
64616,"No"
64617,"No"
64618,"No"
64619,"No"
64620,"Yes"
64621,"No"
64622,"No"
64623,"No"
64624,"No"
64625,"No"
64626,"Yes"
64627,"No"
64628,"No"
64629,"Yes"
64630,"Yes"
64631,"No"
64632,"Yes"
64633,"Yes"
64634,"No"
64635,"Yes"
64636,"No"
64637,"No"
64638,"Yes"
64639,"No"
64640,"No"
64641,"No"
64642,"Yes"
64643,"No"
64644,"No"
64645,"No"
64646,"No"
64647,"No"
64648,"Yes"
64649,"No"
64650,"No"
64651,"No"
64652,"No"
64653,"No"
64654,"Yes"
64655,"Yes"
64656,"Yes"
64657,"Yes"
64658,"Yes"
64659,"Yes"
64660,"No"
64661,"No"
64662,"No"
64663,"No"
64664,"Yes"
64665,"No"
64666,"No"
64667,"No"
64668,"No"
64669,"No"
64670,"No"
64671,"No"
64672,"Yes"
64673,"Yes"
64674,"No"
64675,"Yes"
64676,"No"
64677,"No"
64678,"Yes"
64679,"Yes"
64680,"No"
64681,"Yes"
64682,"No"
64683,"Yes"
64684,"No"
64685,"No"
64686,"No"
64687,"No"
64688,"No"
64689,"No"
64690,"No"
64691,"No"
64692,"No"
64693,"Yes"
64694,"No"
64695,"No"
64696,"No"
64697,"No"
64698,"Yes"
64699,"No"
64700,"No"
64701,"Yes"
64702,"No"
64703,"No"
64704,"Yes"
64705,"No"
64706,"No"
64707,"Yes"
64708,"No"
64709,"No"
64710,"No"
64711,"Yes"
64712,"No"
64713,"Yes"
64714,"No"
64715,"No"
64716,"No"
64717,"No"
64718,"No"
64719,"No"
64720,"No"
64721,"Yes"
64722,"Yes"
64723,"No"
64724,"No"
64725,"No"
64726,"No"
64727,"No"
64728,"No"
64729,"No"
64730,"No"
64731,"No"
64732,"Yes"
64733,"No"
64734,"No"
64735,"No"
64736,"Yes"
64737,"No"
64738,"No"
64739,"No"
64740,"No"
64741,"No"
64742,"Yes"
64743,"No"
64744,"No"
64745,"Yes"
64746,"No"
64747,"No"
64748,"Yes"
64749,"No"
64750,"No"
64751,"No"
64752,"No"
64753,"No"
64754,"No"
64755,"No"
64756,"No"
64757,"No"
64758,"No"
64759,"Yes"
64760,"No"
64761,"No"
64762,"No"
64763,"No"
64764,"Yes"
64765,"No"
64766,"No"
64767,"Yes"
64768,"No"
64769,"Yes"
64770,"No"
64771,"Yes"
64772,"Yes"
64773,"Yes"
64774,"No"
64775,"No"
64776,"Yes"
64777,"Yes"
64778,"No"
64779,"Yes"
64780,"No"
64781,"Yes"
64782,"No"
64783,"Yes"
64784,"Yes"
64785,"No"
64786,"No"
64787,"No"
64788,"Yes"
64789,"No"
64790,"Yes"
64791,"No"
64792,"No"
64793,"No"
64794,"No"
64795,"No"
64796,"No"
64797,"No"
64798,"Yes"
64799,"Yes"
64800,"No"
64801,"No"
64802,"No"
64803,"No"
64804,"No"
64805,"No"
64806,"No"
64807,"No"
64808,"Yes"
64809,"Yes"
64810,"Yes"
64811,"Yes"
64812,"No"
64813,"No"
64814,"No"
64815,"No"
64816,"No"
64817,"No"
64818,"No"
64819,"No"
64820,"No"
64821,"No"
64822,"No"
64823,"Yes"
64824,"Yes"
64825,"Yes"
64826,"No"
64827,"Yes"
64828,"No"
64829,"Yes"
64830,"No"
64831,"Yes"
64832,"No"
64833,"No"
64834,"No"
64835,"No"
64836,"No"
64837,"Yes"
64838,"Yes"
64839,"No"
64840,"No"
64841,"Yes"
64842,"No"
64843,"No"
64844,"Yes"
64845,"Yes"
64846,"Yes"
64847,"Yes"
64848,"No"
64849,"No"
64850,"Yes"
64851,"Yes"
64852,"No"
64853,"No"
64854,"No"
64855,"No"
64856,"Yes"
64857,"No"
64858,"No"
64859,"No"
64860,"No"
64861,"No"
64862,"Yes"
64863,"Yes"
64864,"Yes"
64865,"Yes"
64866,"No"
64867,"No"
64868,"No"
64869,"No"
64870,"Yes"
64871,"Yes"
64872,"Yes"
64873,"No"
64874,"No"
64875,"No"
64876,"No"
64877,"Yes"
64878,"No"
64879,"No"
64880,"Yes"
64881,"Yes"
64882,"No"
64883,"Yes"
64884,"Yes"
64885,"Yes"
64886,"No"
64887,"No"
64888,"No"
64889,"Yes"
64890,"Yes"
64891,"No"
64892,"No"
64893,"No"
64894,"No"
64895,"Yes"
64896,"No"
64897,"No"
64898,"Yes"
64899,"No"
64900,"No"
64901,"Yes"
64902,"No"
64903,"No"
64904,"No"
64905,"Yes"
64906,"Yes"
64907,"Yes"
64908,"No"
64909,"No"
64910,"Yes"
64911,"No"
64912,"Yes"
64913,"No"
64914,"No"
64915,"No"
64916,"Yes"
64917,"No"
64918,"No"
64919,"No"
64920,"Yes"
64921,"No"
64922,"Yes"
64923,"Yes"
64924,"No"
64925,"No"
64926,"No"
64927,"Yes"
64928,"No"
64929,"No"
64930,"No"
64931,"No"
64932,"No"
64933,"No"
64934,"No"
64935,"Yes"
64936,"Yes"
64937,"No"
64938,"No"
64939,"No"
64940,"No"
64941,"No"
64942,"No"
64943,"Yes"
64944,"No"
64945,"Yes"
64946,"No"
64947,"No"
64948,"No"
64949,"Yes"
64950,"No"
64951,"No"
64952,"Yes"
64953,"Yes"
64954,"No"
64955,"Yes"
64956,"No"
64957,"Yes"
64958,"Yes"
64959,"Yes"
64960,"Yes"
64961,"No"
64962,"Yes"
64963,"No"
64964,"Yes"
64965,"Yes"
64966,"No"
64967,"Yes"
64968,"No"
64969,"Yes"
64970,"No"
64971,"Yes"
64972,"No"
64973,"No"
64974,"Yes"
64975,"No"
64976,"No"
64977,"Yes"
64978,"Yes"
64979,"No"
64980,"Yes"
64981,"Yes"
64982,"No"
64983,"No"
64984,"Yes"
64985,"Yes"
64986,"No"
64987,"Yes"
64988,"Yes"
64989,"No"
64990,"No"
64991,"No"
64992,"Yes"
64993,"No"
64994,"Yes"
64995,"No"
64996,"No"
64997,"No"
64998,"Yes"
64999,"Yes"
65000,"Yes"
65001,"No"
65002,"No"
65003,"No"
65004,"No"
65005,"Yes"
65006,"No"
65007,"No"
65008,"Yes"
65009,"Yes"
65010,"No"
65011,"No"
65012,"Yes"
65013,"Yes"
65014,"No"
65015,"Yes"
65016,"No"
65017,"No"
65018,"No"
65019,"Yes"
65020,"Yes"
65021,"No"
65022,"No"
65023,"No"
65024,"No"
65025,"Yes"
65026,"No"
65027,"No"
65028,"No"
65029,"No"
65030,"Yes"
65031,"Yes"
65032,"No"
65033,"Yes"
65034,"No"
65035,"Yes"
65036,"No"
65037,"No"
65038,"No"
65039,"No"
65040,"Yes"
65041,"No"
65042,"No"
65043,"Yes"
65044,"Yes"
65045,"Yes"
65046,"No"
65047,"No"
65048,"No"
65049,"No"
65050,"No"
65051,"No"
65052,"No"
65053,"No"
65054,"No"
65055,"Yes"
65056,"Yes"
65057,"No"
65058,"Yes"
65059,"No"
65060,"No"
65061,"Yes"
65062,"No"
65063,"No"
65064,"No"
65065,"No"
65066,"No"
65067,"No"
65068,"Yes"
65069,"Yes"
65070,"Yes"
65071,"Yes"
65072,"No"
65073,"Yes"
65074,"Yes"
65075,"No"
65076,"No"
65077,"No"
65078,"No"
65079,"No"
65080,"No"
65081,"Yes"
65082,"No"
65083,"No"
65084,"No"
65085,"No"
65086,"No"
65087,"No"
65088,"No"
65089,"No"
65090,"No"
65091,"No"
65092,"Yes"
65093,"Yes"
65094,"No"
65095,"No"
65096,"No"
65097,"No"
65098,"No"
65099,"No"
65100,"No"
65101,"No"
65102,"No"
65103,"No"
65104,"No"
65105,"No"
65106,"No"
65107,"No"
65108,"Yes"
65109,"No"
65110,"Yes"
65111,"No"
65112,"No"
65113,"No"
65114,"No"
65115,"No"
65116,"No"
65117,"No"
65118,"No"
65119,"Yes"
65120,"No"
65121,"No"
65122,"Yes"
65123,"Yes"
65124,"Yes"
65125,"Yes"
65126,"Yes"
65127,"No"
65128,"Yes"
65129,"Yes"
65130,"Yes"
65131,"No"
65132,"Yes"
65133,"No"
65134,"Yes"
65135,"No"
65136,"No"
65137,"No"
65138,"Yes"
65139,"No"
65140,"No"
65141,"No"
65142,"No"
65143,"No"
65144,"No"
65145,"Yes"
65146,"No"
65147,"No"
65148,"Yes"
65149,"No"
65150,"No"
65151,"No"
65152,"No"
65153,"No"
65154,"No"
65155,"No"
65156,"No"
65157,"No"
65158,"No"
65159,"Yes"
65160,"Yes"
65161,"No"
65162,"No"
65163,"No"
65164,"Yes"
65165,"No"
65166,"No"
65167,"No"
65168,"No"
65169,"Yes"
65170,"No"
65171,"No"
65172,"No"
65173,"No"
65174,"No"
65175,"No"
65176,"No"
65177,"Yes"
65178,"No"
65179,"No"
65180,"Yes"
65181,"Yes"
65182,"Yes"
65183,"No"
65184,"No"
65185,"No"
65186,"Yes"
65187,"Yes"
65188,"No"
65189,"No"
65190,"No"
65191,"Yes"
65192,"No"
65193,"No"
65194,"No"
65195,"No"
65196,"Yes"
65197,"Yes"
65198,"Yes"
65199,"No"
65200,"No"
65201,"Yes"
65202,"Yes"
65203,"No"
65204,"Yes"
65205,"Yes"
65206,"No"
65207,"No"
65208,"No"
65209,"No"
65210,"No"
65211,"No"
65212,"No"
65213,"No"
65214,"No"
65215,"Yes"
65216,"No"
65217,"Yes"
65218,"No"
65219,"No"
65220,"Yes"
65221,"Yes"
65222,"Yes"
65223,"No"
65224,"Yes"
65225,"No"
65226,"No"
65227,"Yes"
65228,"No"
65229,"No"
65230,"No"
65231,"Yes"
65232,"No"
65233,"Yes"
65234,"No"
65235,"No"
65236,"No"
65237,"No"
65238,"Yes"
65239,"No"
65240,"No"
65241,"No"
65242,"Yes"
65243,"No"
65244,"No"
65245,"No"
65246,"No"
65247,"Yes"
65248,"No"
65249,"No"
65250,"No"
65251,"Yes"
65252,"No"
65253,"No"
65254,"No"
65255,"No"
65256,"Yes"
65257,"No"
65258,"No"
65259,"Yes"
65260,"No"
65261,"Yes"
65262,"No"
65263,"No"
65264,"No"
65265,"Yes"
65266,"Yes"
65267,"No"
65268,"No"
65269,"Yes"
65270,"No"
65271,"No"
65272,"No"
65273,"Yes"
65274,"No"
65275,"No"
65276,"No"
65277,"Yes"
65278,"No"
65279,"Yes"
65280,"No"
65281,"No"
65282,"No"
65283,"No"
65284,"Yes"
65285,"No"
65286,"Yes"
65287,"No"
65288,"No"
65289,"No"
65290,"Yes"
65291,"Yes"
65292,"No"
65293,"No"
65294,"No"
65295,"No"
65296,"No"
65297,"No"
65298,"No"
65299,"No"
65300,"No"
65301,"No"
65302,"No"
65303,"No"
65304,"No"
65305,"No"
65306,"No"
65307,"Yes"
65308,"Yes"
65309,"No"
65310,"No"
65311,"No"
65312,"Yes"
65313,"No"
65314,"No"
65315,"No"
65316,"Yes"
65317,"No"
65318,"Yes"
65319,"No"
65320,"Yes"
65321,"No"
65322,"No"
65323,"No"
65324,"No"
65325,"No"
65326,"Yes"
65327,"No"
65328,"Yes"
65329,"No"
65330,"No"
65331,"No"
65332,"Yes"
65333,"No"
65334,"No"
65335,"No"
65336,"Yes"
65337,"Yes"
65338,"No"
65339,"No"
65340,"Yes"
65341,"Yes"
65342,"No"
65343,"No"
65344,"No"
65345,"No"
65346,"No"
65347,"No"
65348,"Yes"
65349,"No"
65350,"Yes"
65351,"No"
65352,"No"
65353,"Yes"
65354,"No"
65355,"No"
65356,"No"
65357,"No"
65358,"No"
65359,"No"
65360,"Yes"
65361,"No"
65362,"No"
65363,"No"
65364,"No"
65365,"No"
65366,"Yes"
65367,"No"
65368,"No"
65369,"Yes"
65370,"No"
65371,"No"
65372,"No"
65373,"No"
65374,"Yes"
65375,"No"
65376,"No"
65377,"No"
65378,"Yes"
65379,"Yes"
65380,"No"
65381,"Yes"
65382,"No"
65383,"No"
65384,"Yes"
65385,"No"
65386,"Yes"
65387,"No"
65388,"No"
65389,"Yes"
65390,"No"
65391,"No"
65392,"Yes"
65393,"No"
65394,"No"
65395,"Yes"
65396,"No"
65397,"Yes"
65398,"No"
65399,"No"
65400,"No"
65401,"Yes"
65402,"No"
65403,"Yes"
65404,"Yes"
65405,"No"
65406,"No"
65407,"No"
65408,"No"
65409,"No"
65410,"No"
65411,"No"
65412,"No"
65413,"Yes"
65414,"No"
65415,"Yes"
65416,"No"
65417,"No"
65418,"Yes"
65419,"No"
65420,"No"
65421,"No"
65422,"No"
65423,"Yes"
65424,"No"
65425,"No"
65426,"No"
65427,"No"
65428,"No"
65429,"Yes"
65430,"Yes"
65431,"Yes"
65432,"No"
65433,"Yes"
65434,"No"
65435,"No"
65436,"Yes"
65437,"No"
65438,"No"
65439,"No"
65440,"Yes"
65441,"No"
65442,"Yes"
65443,"No"
65444,"Yes"
65445,"No"
65446,"No"
65447,"No"
65448,"No"
65449,"Yes"
65450,"No"
65451,"Yes"
65452,"Yes"
65453,"No"
65454,"Yes"
65455,"Yes"
65456,"Yes"
65457,"No"
65458,"No"
65459,"Yes"
65460,"Yes"
65461,"No"
65462,"No"
65463,"No"
65464,"No"
65465,"No"
65466,"Yes"
65467,"No"
65468,"Yes"
65469,"No"
65470,"Yes"
65471,"No"
65472,"Yes"
65473,"No"
65474,"No"
65475,"No"
65476,"Yes"
65477,"Yes"
65478,"No"
65479,"No"
65480,"Yes"
65481,"No"
65482,"Yes"
65483,"No"
65484,"No"
65485,"No"
65486,"Yes"
65487,"No"
65488,"No"
65489,"Yes"
65490,"Yes"
65491,"No"
65492,"No"
65493,"No"
65494,"No"
65495,"Yes"
65496,"Yes"
65497,"Yes"
65498,"Yes"
65499,"No"
65500,"No"
65501,"No"
65502,"No"
65503,"No"
65504,"No"
65505,"No"
65506,"No"
65507,"No"
65508,"Yes"
65509,"No"
65510,"No"
65511,"Yes"
65512,"No"
65513,"No"
65514,"Yes"
65515,"No"
65516,"No"
65517,"Yes"
65518,"No"
65519,"No"
65520,"No"
65521,"No"
65522,"No"
65523,"No"
65524,"Yes"
65525,"No"
65526,"Yes"
65527,"No"
65528,"Yes"
65529,"No"
65530,"Yes"
65531,"No"
65532,"No"
65533,"No"
65534,"No"
65535,"No"
65536,"No"
65537,"No"
65538,"No"
65539,"No"
65540,"Yes"
65541,"No"
65542,"No"
65543,"No"
65544,"No"
65545,"No"
65546,"No"
65547,"Yes"
65548,"Yes"
65549,"No"
65550,"No"
65551,"No"
65552,"No"
65553,"Yes"
65554,"Yes"
65555,"No"
65556,"Yes"
65557,"Yes"
65558,"No"
65559,"No"
65560,"Yes"
65561,"Yes"
65562,"No"
65563,"No"
65564,"No"
65565,"Yes"
65566,"No"
65567,"No"
65568,"No"
65569,"Yes"
65570,"Yes"
65571,"Yes"
65572,"No"
65573,"No"
65574,"No"
65575,"No"
65576,"No"
65577,"Yes"
65578,"No"
65579,"No"
65580,"No"
65581,"No"
65582,"No"
65583,"No"
65584,"Yes"
65585,"No"
65586,"No"
65587,"No"
65588,"Yes"
65589,"No"
65590,"No"
65591,"Yes"
65592,"No"
65593,"No"
65594,"No"
65595,"Yes"
65596,"No"
65597,"No"
65598,"Yes"
65599,"No"
65600,"No"
65601,"Yes"
65602,"Yes"
65603,"Yes"
65604,"No"
65605,"No"
65606,"No"
65607,"Yes"
65608,"Yes"
65609,"No"
65610,"No"
65611,"No"
65612,"No"
65613,"Yes"
65614,"No"
65615,"No"
65616,"Yes"
65617,"No"
65618,"Yes"
65619,"No"
65620,"No"
65621,"Yes"
65622,"No"
65623,"No"
65624,"Yes"
65625,"No"
65626,"No"
65627,"No"
65628,"Yes"
65629,"No"
65630,"No"
65631,"No"
65632,"Yes"
65633,"No"
65634,"No"
65635,"No"
65636,"No"
65637,"Yes"
65638,"No"
65639,"No"
65640,"No"
65641,"No"
65642,"No"
65643,"No"
65644,"No"
65645,"No"
65646,"No"
65647,"No"
65648,"No"
65649,"No"
65650,"No"
65651,"No"
65652,"No"
65653,"No"
65654,"No"
65655,"Yes"
65656,"Yes"
65657,"No"
65658,"Yes"
65659,"Yes"
65660,"No"
65661,"No"
65662,"No"
65663,"Yes"
65664,"No"
65665,"No"
65666,"No"
65667,"No"
65668,"No"
65669,"No"
65670,"No"
65671,"Yes"
65672,"Yes"
65673,"No"
65674,"Yes"
65675,"No"
65676,"Yes"
65677,"Yes"
65678,"No"
65679,"No"
65680,"No"
65681,"No"
65682,"Yes"
65683,"No"
65684,"No"
65685,"No"
65686,"Yes"
65687,"Yes"
65688,"Yes"
65689,"No"
65690,"Yes"
65691,"Yes"
65692,"Yes"
65693,"No"
65694,"No"
65695,"No"
65696,"Yes"
65697,"No"
65698,"No"
65699,"Yes"
65700,"No"
65701,"Yes"
65702,"Yes"
65703,"No"
65704,"Yes"
65705,"Yes"
65706,"No"
65707,"No"
65708,"No"
65709,"No"
65710,"No"
65711,"No"
65712,"No"
65713,"No"
65714,"Yes"
65715,"No"
65716,"No"
65717,"Yes"
65718,"No"
65719,"Yes"
65720,"No"
65721,"Yes"
65722,"No"
65723,"Yes"
65724,"Yes"
65725,"Yes"
65726,"No"
65727,"No"
65728,"No"
65729,"No"
65730,"No"
65731,"No"
65732,"No"
65733,"Yes"
65734,"No"
65735,"No"
65736,"No"
65737,"No"
65738,"No"
65739,"Yes"
65740,"Yes"
65741,"No"
65742,"Yes"
65743,"Yes"
65744,"Yes"
65745,"No"
65746,"No"
65747,"No"
65748,"No"
65749,"Yes"
65750,"No"
65751,"Yes"
65752,"No"
65753,"No"
65754,"Yes"
65755,"Yes"
65756,"Yes"
65757,"No"
65758,"No"
65759,"Yes"
65760,"No"
65761,"No"
65762,"No"
65763,"Yes"
65764,"No"
65765,"No"
65766,"Yes"
65767,"No"
65768,"No"
65769,"Yes"
65770,"No"
65771,"No"
65772,"No"
65773,"No"
65774,"No"
65775,"No"
65776,"Yes"
65777,"No"
65778,"Yes"
65779,"Yes"
65780,"Yes"
65781,"No"
65782,"No"
65783,"No"
65784,"Yes"
65785,"No"
65786,"Yes"
65787,"No"
65788,"Yes"
65789,"Yes"
65790,"Yes"
65791,"Yes"
65792,"No"
65793,"No"
65794,"No"
65795,"No"
65796,"Yes"
65797,"Yes"
65798,"No"
65799,"No"
65800,"Yes"
65801,"No"
65802,"No"
65803,"No"
65804,"Yes"
65805,"No"
65806,"Yes"
65807,"No"
65808,"No"
65809,"Yes"
65810,"No"
65811,"No"
65812,"No"
65813,"No"
65814,"Yes"
65815,"No"
65816,"No"
65817,"No"
65818,"No"
65819,"No"
65820,"No"
65821,"No"
65822,"Yes"
65823,"Yes"
65824,"Yes"
65825,"No"
65826,"Yes"
65827,"Yes"
65828,"Yes"
65829,"Yes"
65830,"No"
65831,"Yes"
65832,"No"
65833,"No"
65834,"No"
65835,"No"
65836,"No"
65837,"Yes"
65838,"Yes"
65839,"No"
65840,"Yes"
65841,"Yes"
65842,"No"
65843,"No"
65844,"No"
65845,"Yes"
65846,"No"
65847,"No"
65848,"Yes"
65849,"No"
65850,"Yes"
65851,"No"
65852,"No"
65853,"No"
65854,"No"
65855,"No"
65856,"No"
65857,"No"
65858,"Yes"
65859,"No"
65860,"Yes"
65861,"No"
65862,"No"
65863,"Yes"
65864,"Yes"
65865,"No"
65866,"No"
65867,"Yes"
65868,"No"
65869,"Yes"
65870,"No"
65871,"No"
65872,"Yes"
65873,"No"
65874,"No"
65875,"Yes"
65876,"No"
65877,"Yes"
65878,"No"
65879,"No"
65880,"No"
65881,"No"
65882,"No"
65883,"Yes"
65884,"No"
65885,"No"
65886,"Yes"
65887,"No"
65888,"Yes"
65889,"No"
65890,"No"
65891,"No"
65892,"No"
65893,"Yes"
65894,"Yes"
65895,"Yes"
65896,"No"
65897,"No"
65898,"Yes"
65899,"No"
65900,"No"
65901,"No"
65902,"Yes"
65903,"Yes"
65904,"No"
65905,"No"
65906,"No"
65907,"No"
65908,"No"
65909,"No"
65910,"No"
65911,"No"
65912,"No"
65913,"Yes"
65914,"Yes"
65915,"Yes"
65916,"No"
65917,"No"
65918,"Yes"
65919,"No"
65920,"No"
65921,"No"
65922,"No"
65923,"No"
65924,"No"
65925,"Yes"
65926,"No"
65927,"No"
65928,"No"
65929,"No"
65930,"No"
65931,"No"
65932,"Yes"
65933,"No"
65934,"No"
65935,"No"
65936,"No"
65937,"Yes"
65938,"No"
65939,"Yes"
65940,"No"
65941,"No"
65942,"No"
65943,"Yes"
65944,"No"
65945,"No"
65946,"No"
65947,"Yes"
65948,"Yes"
65949,"No"
65950,"Yes"
65951,"No"
65952,"No"
65953,"Yes"
65954,"Yes"
65955,"Yes"
65956,"No"
65957,"No"
65958,"No"
65959,"No"
65960,"No"
65961,"Yes"
65962,"No"
65963,"Yes"
65964,"No"
65965,"Yes"
65966,"Yes"
65967,"No"
65968,"No"
65969,"Yes"
65970,"No"
65971,"Yes"
65972,"Yes"
65973,"No"
65974,"Yes"
65975,"No"
65976,"No"
65977,"No"
65978,"Yes"
65979,"Yes"
65980,"No"
65981,"Yes"
65982,"No"
65983,"Yes"
65984,"No"
65985,"No"
65986,"Yes"
65987,"No"
65988,"No"
65989,"Yes"
65990,"No"
65991,"No"
65992,"No"
65993,"No"
65994,"No"
65995,"Yes"
65996,"No"
65997,"Yes"
65998,"No"
65999,"Yes"
66000,"No"
66001,"Yes"
66002,"No"
66003,"No"
66004,"No"
66005,"No"
66006,"Yes"
66007,"Yes"
66008,"Yes"
66009,"No"
66010,"Yes"
66011,"No"
66012,"Yes"
66013,"No"
66014,"Yes"
66015,"No"
66016,"Yes"
66017,"No"
66018,"Yes"
66019,"No"
66020,"No"
66021,"No"
66022,"No"
66023,"Yes"
66024,"Yes"
66025,"Yes"
66026,"Yes"
66027,"No"
66028,"No"
66029,"No"
66030,"No"
66031,"No"
66032,"No"
66033,"No"
66034,"Yes"
66035,"Yes"
66036,"No"
66037,"No"
66038,"Yes"
66039,"No"
66040,"No"
66041,"No"
66042,"Yes"
66043,"No"
66044,"Yes"
66045,"No"
66046,"No"
66047,"No"
66048,"No"
66049,"No"
66050,"No"
66051,"No"
66052,"No"
66053,"No"
66054,"No"
66055,"No"
66056,"Yes"
66057,"No"
66058,"Yes"
66059,"No"
66060,"No"
66061,"No"
66062,"No"
66063,"No"
66064,"No"
66065,"No"
66066,"No"
66067,"Yes"
66068,"Yes"
66069,"No"
66070,"No"
66071,"Yes"
66072,"No"
66073,"Yes"
66074,"No"
66075,"No"
66076,"No"
66077,"No"
66078,"Yes"
66079,"Yes"
66080,"Yes"
66081,"No"
66082,"Yes"
66083,"No"
66084,"Yes"
66085,"Yes"
66086,"No"
66087,"No"
66088,"Yes"
66089,"Yes"
66090,"Yes"
66091,"No"
66092,"No"
66093,"No"
66094,"No"
66095,"No"
66096,"No"
66097,"No"
66098,"Yes"
66099,"Yes"
66100,"No"
66101,"Yes"
66102,"Yes"
66103,"No"
66104,"No"
66105,"No"
66106,"No"
66107,"Yes"
66108,"Yes"
66109,"No"
66110,"No"
66111,"Yes"
66112,"No"
66113,"No"
66114,"No"
66115,"Yes"
66116,"Yes"
66117,"No"
66118,"No"
66119,"Yes"
66120,"No"
66121,"No"
66122,"No"
66123,"Yes"
66124,"No"
66125,"No"
66126,"No"
66127,"No"
66128,"No"
66129,"Yes"
66130,"No"
66131,"Yes"
66132,"No"
66133,"No"
66134,"No"
66135,"No"
66136,"No"
66137,"Yes"
66138,"No"
66139,"No"
66140,"Yes"
66141,"No"
66142,"No"
66143,"No"
66144,"Yes"
66145,"No"
66146,"No"
66147,"No"
66148,"Yes"
66149,"Yes"
66150,"No"
66151,"No"
66152,"No"
66153,"No"
66154,"No"
66155,"No"
66156,"No"
66157,"No"
66158,"No"
66159,"No"
66160,"No"
66161,"No"
66162,"No"
66163,"No"
66164,"No"
66165,"Yes"
66166,"Yes"
66167,"No"
66168,"Yes"
66169,"Yes"
66170,"No"
66171,"No"
66172,"No"
66173,"No"
66174,"Yes"
66175,"No"
66176,"Yes"
66177,"Yes"
66178,"No"
66179,"No"
66180,"No"
66181,"Yes"
66182,"No"
66183,"No"
66184,"Yes"
66185,"Yes"
66186,"Yes"
66187,"No"
66188,"No"
66189,"No"
66190,"No"
66191,"Yes"
66192,"No"
66193,"No"
66194,"No"
66195,"No"
66196,"No"
66197,"No"
66198,"No"
66199,"No"
66200,"Yes"
66201,"No"
66202,"No"
66203,"Yes"
66204,"No"
66205,"Yes"
66206,"No"
66207,"Yes"
66208,"Yes"
66209,"No"
66210,"No"
66211,"No"
66212,"Yes"
66213,"No"
66214,"Yes"
66215,"Yes"
66216,"No"
66217,"No"
66218,"No"
66219,"No"
66220,"No"
66221,"No"
66222,"Yes"
66223,"No"
66224,"No"
66225,"No"
66226,"No"
66227,"No"
66228,"No"
66229,"No"
66230,"Yes"
66231,"No"
66232,"No"
66233,"Yes"
66234,"No"
66235,"Yes"
66236,"No"
66237,"No"
66238,"No"
66239,"No"
66240,"Yes"
66241,"Yes"
66242,"No"
66243,"Yes"
66244,"Yes"
66245,"Yes"
66246,"Yes"
66247,"No"
66248,"Yes"
66249,"No"
66250,"No"
66251,"No"
66252,"Yes"
66253,"No"
66254,"No"
66255,"No"
66256,"No"
66257,"No"
66258,"No"
66259,"No"
66260,"Yes"
66261,"No"
66262,"Yes"
66263,"No"
66264,"Yes"
66265,"Yes"
66266,"Yes"
66267,"Yes"
66268,"No"
66269,"No"
66270,"No"
66271,"Yes"
66272,"No"
66273,"No"
66274,"No"
66275,"Yes"
66276,"No"
66277,"No"
66278,"Yes"
66279,"No"
66280,"No"
66281,"No"
66282,"No"
66283,"No"
66284,"No"
66285,"No"
66286,"No"
66287,"Yes"
66288,"Yes"
66289,"No"
66290,"Yes"
66291,"No"
66292,"Yes"
66293,"No"
66294,"No"
66295,"No"
66296,"No"
66297,"No"
66298,"No"
66299,"No"
66300,"No"
66301,"Yes"
66302,"No"
66303,"No"
66304,"No"
66305,"No"
66306,"No"
66307,"No"
66308,"No"
66309,"No"
66310,"No"
66311,"No"
66312,"No"
66313,"Yes"
66314,"No"
66315,"No"
66316,"No"
66317,"No"
66318,"Yes"
66319,"No"
66320,"No"
66321,"No"
66322,"No"
66323,"No"
66324,"No"
66325,"No"
66326,"Yes"
66327,"Yes"
66328,"No"
66329,"Yes"
66330,"Yes"
66331,"No"
66332,"No"
66333,"No"
66334,"No"
66335,"No"
66336,"No"
66337,"Yes"
66338,"No"
66339,"No"
66340,"Yes"
66341,"No"
66342,"Yes"
66343,"No"
66344,"Yes"
66345,"Yes"
66346,"No"
66347,"Yes"
66348,"No"
66349,"Yes"
66350,"Yes"
66351,"Yes"
66352,"No"
66353,"No"
66354,"No"
66355,"No"
66356,"Yes"
66357,"Yes"
66358,"No"
66359,"No"
66360,"Yes"
66361,"No"
66362,"No"
66363,"No"
66364,"No"
66365,"No"
66366,"No"
66367,"No"
66368,"No"
66369,"Yes"
66370,"No"
66371,"No"
66372,"No"
66373,"No"
66374,"No"
66375,"No"
66376,"Yes"
66377,"Yes"
66378,"No"
66379,"No"
66380,"No"
66381,"Yes"
66382,"No"
66383,"No"
66384,"No"
66385,"No"
66386,"No"
66387,"Yes"
66388,"Yes"
66389,"No"
66390,"No"
66391,"Yes"
66392,"No"
66393,"No"
66394,"No"
66395,"No"
66396,"No"
66397,"No"
66398,"No"
66399,"No"
66400,"No"
66401,"No"
66402,"No"
66403,"Yes"
66404,"No"
66405,"No"
66406,"No"
66407,"No"
66408,"No"
66409,"No"
66410,"No"
66411,"No"
66412,"Yes"
66413,"No"
66414,"No"
66415,"Yes"
66416,"Yes"
66417,"No"
66418,"Yes"
66419,"Yes"
66420,"Yes"
66421,"Yes"
66422,"Yes"
66423,"Yes"
66424,"No"
66425,"Yes"
66426,"No"
66427,"Yes"
66428,"Yes"
66429,"No"
66430,"No"
66431,"Yes"
66432,"No"
66433,"No"
66434,"Yes"
66435,"No"
66436,"No"
66437,"Yes"
66438,"No"
66439,"No"
66440,"Yes"
66441,"No"
66442,"No"
66443,"No"
66444,"No"
66445,"No"
66446,"No"
66447,"No"
66448,"Yes"
66449,"No"
66450,"Yes"
66451,"No"
66452,"No"
66453,"Yes"
66454,"No"
66455,"Yes"
66456,"No"
66457,"No"
66458,"No"
66459,"No"
66460,"No"
66461,"Yes"
66462,"No"
66463,"No"
66464,"Yes"
66465,"No"
66466,"Yes"
66467,"Yes"
66468,"No"
66469,"Yes"
66470,"No"
66471,"No"
66472,"No"
66473,"Yes"
66474,"No"
66475,"Yes"
66476,"No"
66477,"No"
66478,"No"
66479,"No"
66480,"No"
66481,"No"
66482,"No"
66483,"No"
66484,"No"
66485,"No"
66486,"No"
66487,"No"
66488,"No"
66489,"No"
66490,"Yes"
66491,"No"
66492,"No"
66493,"No"
66494,"No"
66495,"Yes"
66496,"Yes"
66497,"No"
66498,"No"
66499,"No"
66500,"No"
66501,"Yes"
66502,"No"
66503,"No"
66504,"No"
66505,"Yes"
66506,"No"
66507,"No"
66508,"No"
66509,"No"
66510,"Yes"
66511,"No"
66512,"Yes"
66513,"Yes"
66514,"No"
66515,"No"
66516,"No"
66517,"No"
66518,"Yes"
66519,"Yes"
66520,"No"
66521,"Yes"
66522,"Yes"
66523,"No"
66524,"No"
66525,"No"
66526,"No"
66527,"Yes"
66528,"No"
66529,"No"
66530,"Yes"
66531,"No"
66532,"No"
66533,"No"
66534,"No"
66535,"No"
66536,"No"
66537,"No"
66538,"No"
66539,"No"
66540,"Yes"
66541,"Yes"
66542,"No"
66543,"No"
66544,"Yes"
66545,"No"
66546,"No"
66547,"No"
66548,"No"
66549,"Yes"
66550,"No"
66551,"No"
66552,"Yes"
66553,"No"
66554,"No"
66555,"No"
66556,"No"
66557,"Yes"
66558,"No"
66559,"Yes"
66560,"No"
66561,"Yes"
66562,"No"
66563,"No"
66564,"No"
66565,"Yes"
66566,"No"
66567,"No"
66568,"No"
66569,"Yes"
66570,"No"
66571,"No"
66572,"No"
66573,"No"
66574,"No"
66575,"No"
66576,"No"
66577,"Yes"
66578,"Yes"
66579,"No"
66580,"Yes"
66581,"Yes"
66582,"No"
66583,"No"
66584,"No"
66585,"Yes"
66586,"Yes"
66587,"No"
66588,"Yes"
66589,"Yes"
66590,"Yes"
66591,"No"
66592,"No"
66593,"Yes"
66594,"No"
66595,"No"
66596,"Yes"
66597,"No"
66598,"Yes"
66599,"Yes"
66600,"No"
66601,"No"
66602,"Yes"
66603,"Yes"
66604,"No"
66605,"No"
66606,"Yes"
66607,"Yes"
66608,"Yes"
66609,"No"
66610,"No"
66611,"No"
66612,"No"
66613,"No"
66614,"Yes"
66615,"No"
66616,"No"
66617,"No"
66618,"No"
66619,"Yes"
66620,"Yes"
66621,"No"
66622,"No"
66623,"Yes"
66624,"No"
66625,"No"
66626,"No"
66627,"No"
66628,"No"
66629,"No"
66630,"No"
66631,"Yes"
66632,"No"
66633,"No"
66634,"Yes"
66635,"No"
66636,"No"
66637,"Yes"
66638,"No"
66639,"No"
66640,"No"
66641,"No"
66642,"Yes"
66643,"No"
66644,"Yes"
66645,"No"
66646,"No"
66647,"Yes"
66648,"No"
66649,"Yes"
66650,"Yes"
66651,"Yes"
66652,"Yes"
66653,"No"
66654,"Yes"
66655,"Yes"
66656,"No"
66657,"Yes"
66658,"Yes"
66659,"Yes"
66660,"No"
66661,"No"
66662,"No"
66663,"No"
66664,"No"
66665,"Yes"
66666,"Yes"
66667,"No"
66668,"Yes"
66669,"No"
66670,"Yes"
66671,"No"
66672,"No"
66673,"Yes"
66674,"No"
66675,"Yes"
66676,"Yes"
66677,"No"
66678,"Yes"
66679,"No"
66680,"No"
66681,"No"
66682,"Yes"
66683,"No"
66684,"Yes"
66685,"No"
66686,"Yes"
66687,"No"
66688,"No"
66689,"No"
66690,"No"
66691,"No"
66692,"No"
66693,"Yes"
66694,"Yes"
66695,"Yes"
66696,"Yes"
66697,"No"
66698,"No"
66699,"No"
66700,"No"
66701,"Yes"
66702,"Yes"
66703,"No"
66704,"Yes"
66705,"Yes"
66706,"Yes"
66707,"No"
66708,"Yes"
66709,"No"
66710,"No"
66711,"No"
66712,"No"
66713,"No"
66714,"No"
66715,"No"
66716,"Yes"
66717,"No"
66718,"No"
66719,"No"
66720,"Yes"
66721,"No"
66722,"Yes"
66723,"No"
66724,"Yes"
66725,"Yes"
66726,"No"
66727,"No"
66728,"Yes"
66729,"Yes"
66730,"No"
66731,"No"
66732,"No"
66733,"No"
66734,"No"
66735,"No"
66736,"No"
66737,"Yes"
66738,"No"
66739,"Yes"
66740,"Yes"
66741,"No"
66742,"No"
66743,"No"
66744,"No"
66745,"No"
66746,"No"
66747,"Yes"
66748,"No"
66749,"No"
66750,"No"
66751,"Yes"
66752,"No"
66753,"No"
66754,"No"
66755,"No"
66756,"No"
66757,"Yes"
66758,"No"
66759,"Yes"
66760,"No"
66761,"No"
66762,"No"
66763,"No"
66764,"Yes"
66765,"Yes"
66766,"No"
66767,"No"
66768,"Yes"
66769,"No"
66770,"No"
66771,"Yes"
66772,"Yes"
66773,"No"
66774,"No"
66775,"Yes"
66776,"Yes"
66777,"Yes"
66778,"No"
66779,"No"
66780,"No"
66781,"No"
66782,"Yes"
66783,"No"
66784,"Yes"
66785,"No"
66786,"No"
66787,"No"
66788,"No"
66789,"No"
66790,"No"
66791,"No"
66792,"No"
66793,"No"
66794,"No"
66795,"Yes"
66796,"Yes"
66797,"Yes"
66798,"No"
66799,"Yes"
66800,"No"
66801,"Yes"
66802,"Yes"
66803,"Yes"
66804,"No"
66805,"No"
66806,"No"
66807,"Yes"
66808,"No"
66809,"No"
66810,"No"
66811,"Yes"
66812,"No"
66813,"No"
66814,"No"
66815,"Yes"
66816,"No"
66817,"No"
66818,"Yes"
66819,"Yes"
66820,"No"
66821,"Yes"
66822,"No"
66823,"No"
66824,"No"
66825,"No"
66826,"No"
66827,"Yes"
66828,"No"
66829,"No"
66830,"No"
66831,"Yes"
66832,"No"
66833,"No"
66834,"No"
66835,"No"
66836,"No"
66837,"Yes"
66838,"No"
66839,"No"
66840,"No"
66841,"Yes"
66842,"No"
66843,"Yes"
66844,"No"
66845,"Yes"
66846,"No"
66847,"Yes"
66848,"No"
66849,"No"
66850,"No"
66851,"No"
66852,"No"
66853,"Yes"
66854,"No"
66855,"Yes"
66856,"No"
66857,"Yes"
66858,"No"
66859,"No"
66860,"Yes"
66861,"No"
66862,"No"
66863,"Yes"
66864,"Yes"
66865,"Yes"
66866,"No"
66867,"No"
66868,"No"
66869,"Yes"
66870,"Yes"
66871,"Yes"
66872,"No"
66873,"No"
66874,"No"
66875,"No"
66876,"No"
66877,"No"
66878,"No"
66879,"No"
66880,"No"
66881,"No"
66882,"No"
66883,"Yes"
66884,"No"
66885,"Yes"
66886,"No"
66887,"Yes"
66888,"No"
66889,"No"
66890,"No"
66891,"No"
66892,"Yes"
66893,"Yes"
66894,"Yes"
66895,"No"
66896,"Yes"
66897,"No"
66898,"Yes"
66899,"No"
66900,"Yes"
66901,"Yes"
66902,"No"
66903,"No"
66904,"No"
66905,"No"
66906,"No"
66907,"No"
66908,"No"
66909,"No"
66910,"No"
66911,"Yes"
66912,"No"
66913,"No"
66914,"Yes"
66915,"No"
66916,"Yes"
66917,"No"
66918,"Yes"
66919,"No"
66920,"No"
66921,"No"
66922,"No"
66923,"No"
66924,"No"
66925,"Yes"
66926,"Yes"
66927,"No"
66928,"No"
66929,"No"
66930,"Yes"
66931,"No"
66932,"No"
66933,"No"
66934,"No"
66935,"Yes"
66936,"No"
66937,"No"
66938,"No"
66939,"Yes"
66940,"Yes"
66941,"No"
66942,"No"
66943,"Yes"
66944,"No"
66945,"No"
66946,"Yes"
66947,"No"
66948,"Yes"
66949,"No"
66950,"No"
66951,"No"
66952,"No"
66953,"No"
66954,"No"
66955,"Yes"
66956,"No"
66957,"No"
66958,"No"
66959,"Yes"
66960,"Yes"
66961,"No"
66962,"No"
66963,"No"
66964,"Yes"
66965,"No"
66966,"No"
66967,"No"
66968,"Yes"
66969,"Yes"
66970,"No"
66971,"No"
66972,"No"
66973,"No"
66974,"No"
66975,"Yes"
66976,"Yes"
66977,"No"
66978,"No"
66979,"No"
66980,"No"
66981,"Yes"
66982,"No"
66983,"No"
66984,"No"
66985,"No"
66986,"No"
66987,"No"
66988,"No"
66989,"No"
66990,"No"
66991,"No"
66992,"No"
66993,"No"
66994,"No"
66995,"Yes"
66996,"No"
66997,"No"
66998,"Yes"
66999,"Yes"
67000,"Yes"
67001,"No"
67002,"No"
67003,"No"
67004,"No"
67005,"No"
67006,"Yes"
67007,"No"
67008,"No"
67009,"Yes"
67010,"No"
67011,"No"
67012,"No"
67013,"No"
67014,"No"
67015,"Yes"
67016,"No"
67017,"No"
67018,"Yes"
67019,"No"
67020,"No"
67021,"No"
67022,"No"
67023,"Yes"
67024,"No"
67025,"No"
67026,"No"
67027,"Yes"
67028,"Yes"
67029,"No"
67030,"No"
67031,"No"
67032,"No"
67033,"No"
67034,"No"
67035,"No"
67036,"No"
67037,"No"
67038,"No"
67039,"No"
67040,"No"
67041,"No"
67042,"No"
67043,"No"
67044,"No"
67045,"No"
67046,"No"
67047,"Yes"
67048,"No"
67049,"No"
67050,"No"
67051,"Yes"
67052,"No"
67053,"No"
67054,"Yes"
67055,"No"
67056,"No"
67057,"No"
67058,"Yes"
67059,"No"
67060,"No"
67061,"No"
67062,"Yes"
67063,"No"
67064,"No"
67065,"No"
67066,"No"
67067,"No"
67068,"No"
67069,"No"
67070,"Yes"
67071,"No"
67072,"No"
67073,"Yes"
67074,"No"
67075,"No"
67076,"No"
67077,"Yes"
67078,"No"
67079,"No"
67080,"Yes"
67081,"No"
67082,"Yes"
67083,"Yes"
67084,"No"
67085,"No"
67086,"No"
67087,"No"
67088,"No"
67089,"Yes"
67090,"Yes"
67091,"No"
67092,"Yes"
67093,"Yes"
67094,"No"
67095,"No"
67096,"Yes"
67097,"Yes"
67098,"No"
67099,"Yes"
67100,"No"
67101,"Yes"
67102,"No"
67103,"No"
67104,"No"
67105,"No"
67106,"No"
67107,"No"
67108,"No"
67109,"No"
67110,"No"
67111,"No"
67112,"No"
67113,"Yes"
67114,"Yes"
67115,"No"
67116,"No"
67117,"No"
67118,"No"
67119,"No"
67120,"Yes"
67121,"No"
67122,"No"
67123,"Yes"
67124,"No"
67125,"No"
67126,"No"
67127,"No"
67128,"Yes"
67129,"No"
67130,"No"
67131,"No"
67132,"No"
67133,"Yes"
67134,"No"
67135,"No"
67136,"No"
67137,"Yes"
67138,"Yes"
67139,"No"
67140,"No"
67141,"No"
67142,"No"
67143,"No"
67144,"No"
67145,"No"
67146,"No"
67147,"No"
67148,"No"
67149,"No"
67150,"No"
67151,"Yes"
67152,"No"
67153,"No"
67154,"Yes"
67155,"No"
67156,"No"
67157,"No"
67158,"No"
67159,"No"
67160,"No"
67161,"No"
67162,"No"
67163,"Yes"
67164,"No"
67165,"No"
67166,"No"
67167,"Yes"
67168,"Yes"
67169,"No"
67170,"No"
67171,"No"
67172,"No"
67173,"No"
67174,"Yes"
67175,"Yes"
67176,"No"
67177,"No"
67178,"Yes"
67179,"Yes"
67180,"No"
67181,"No"
67182,"Yes"
67183,"No"
67184,"Yes"
67185,"No"
67186,"No"
67187,"No"
67188,"No"
67189,"Yes"
67190,"No"
67191,"No"
67192,"No"
67193,"No"
67194,"No"
67195,"No"
67196,"No"
67197,"Yes"
67198,"Yes"
67199,"No"
67200,"Yes"
67201,"Yes"
67202,"No"
67203,"Yes"
67204,"No"
67205,"Yes"
67206,"No"
67207,"No"
67208,"No"
67209,"No"
67210,"No"
67211,"No"
67212,"Yes"
67213,"No"
67214,"No"
67215,"No"
67216,"No"
67217,"No"
67218,"No"
67219,"No"
67220,"Yes"
67221,"Yes"
67222,"No"
67223,"No"
67224,"No"
67225,"No"
67226,"Yes"
67227,"No"
67228,"Yes"
67229,"Yes"
67230,"No"
67231,"No"
67232,"No"
67233,"No"
67234,"Yes"
67235,"Yes"
67236,"No"
67237,"Yes"
67238,"No"
67239,"Yes"
67240,"No"
67241,"Yes"
67242,"No"
67243,"No"
67244,"Yes"
67245,"No"
67246,"Yes"
67247,"No"
67248,"No"
67249,"No"
67250,"No"
67251,"No"
67252,"No"
67253,"No"
67254,"No"
67255,"Yes"
67256,"No"
67257,"No"
67258,"Yes"
67259,"Yes"
67260,"No"
67261,"Yes"
67262,"No"
67263,"No"
67264,"Yes"
67265,"Yes"
67266,"No"
67267,"Yes"
67268,"No"
67269,"No"
67270,"Yes"
67271,"No"
67272,"No"
67273,"No"
67274,"Yes"
67275,"No"
67276,"Yes"
67277,"Yes"
67278,"No"
67279,"No"
67280,"Yes"
67281,"Yes"
67282,"No"
67283,"Yes"
67284,"No"
67285,"No"
67286,"Yes"
67287,"No"
67288,"Yes"
67289,"No"
67290,"No"
67291,"No"
67292,"No"
67293,"Yes"
67294,"Yes"
67295,"No"
67296,"No"
67297,"Yes"
67298,"No"
67299,"No"
67300,"Yes"
67301,"No"
67302,"Yes"
67303,"Yes"
67304,"No"
67305,"No"
67306,"No"
67307,"Yes"
67308,"No"
67309,"Yes"
67310,"Yes"
67311,"No"
67312,"No"
67313,"Yes"
67314,"Yes"
67315,"No"
67316,"No"
67317,"Yes"
67318,"No"
67319,"No"
67320,"No"
67321,"No"
67322,"No"
67323,"No"
67324,"No"
67325,"Yes"
67326,"No"
67327,"No"
67328,"Yes"
67329,"No"
67330,"No"
67331,"Yes"
67332,"No"
67333,"Yes"
67334,"Yes"
67335,"No"
67336,"No"
67337,"No"
67338,"No"
67339,"No"
67340,"Yes"
67341,"No"
67342,"No"
67343,"Yes"
67344,"No"
67345,"Yes"
67346,"No"
67347,"Yes"
67348,"No"
67349,"No"
67350,"Yes"
67351,"No"
67352,"Yes"
67353,"No"
67354,"No"
67355,"No"
67356,"No"
67357,"No"
67358,"No"
67359,"No"
67360,"No"
67361,"No"
67362,"No"
67363,"No"
67364,"Yes"
67365,"Yes"
67366,"No"
67367,"No"
67368,"No"
67369,"Yes"
67370,"No"
67371,"No"
67372,"No"
67373,"No"
67374,"No"
67375,"No"
67376,"Yes"
67377,"Yes"
67378,"No"
67379,"No"
67380,"No"
67381,"No"
67382,"No"
67383,"Yes"
67384,"No"
67385,"Yes"
67386,"Yes"
67387,"No"
67388,"No"
67389,"No"
67390,"Yes"
67391,"No"
67392,"Yes"
67393,"Yes"
67394,"No"
67395,"Yes"
67396,"No"
67397,"No"
67398,"No"
67399,"No"
67400,"No"
67401,"Yes"
67402,"No"
67403,"Yes"
67404,"Yes"
67405,"Yes"
67406,"No"
67407,"Yes"
67408,"Yes"
67409,"Yes"
67410,"Yes"
67411,"No"
67412,"No"
67413,"Yes"
67414,"No"
67415,"No"
67416,"No"
67417,"No"
67418,"No"
67419,"Yes"
67420,"No"
67421,"No"
67422,"Yes"
67423,"No"
67424,"Yes"
67425,"No"
67426,"No"
67427,"No"
67428,"No"
67429,"No"
67430,"No"
67431,"No"
67432,"No"
67433,"Yes"
67434,"No"
67435,"No"
67436,"Yes"
67437,"Yes"
67438,"Yes"
67439,"Yes"
67440,"Yes"
67441,"No"
67442,"No"
67443,"No"
67444,"No"
67445,"No"
67446,"No"
67447,"Yes"
67448,"No"
67449,"No"
67450,"No"
67451,"No"
67452,"No"
67453,"Yes"
67454,"No"
67455,"No"
67456,"No"
67457,"Yes"
67458,"Yes"
67459,"Yes"
67460,"No"
67461,"No"
67462,"No"
67463,"No"
67464,"No"
67465,"Yes"
67466,"No"
67467,"Yes"
67468,"No"
67469,"No"
67470,"No"
67471,"No"
67472,"Yes"
67473,"No"
67474,"Yes"
67475,"Yes"
67476,"No"
67477,"No"
67478,"No"
67479,"No"
67480,"Yes"
67481,"Yes"
67482,"No"
67483,"No"
67484,"Yes"
67485,"No"
67486,"Yes"
67487,"No"
67488,"No"
67489,"No"
67490,"Yes"
67491,"Yes"
67492,"No"
67493,"No"
67494,"No"
67495,"No"
67496,"No"
67497,"No"
67498,"No"
67499,"No"
67500,"Yes"
67501,"Yes"
67502,"Yes"
67503,"No"
67504,"No"
67505,"No"
67506,"No"
67507,"No"
67508,"No"
67509,"Yes"
67510,"Yes"
67511,"No"
67512,"Yes"
67513,"No"
67514,"Yes"
67515,"Yes"
67516,"Yes"
67517,"Yes"
67518,"No"
67519,"Yes"
67520,"Yes"
67521,"Yes"
67522,"Yes"
67523,"No"
67524,"No"
67525,"No"
67526,"No"
67527,"No"
67528,"No"
67529,"No"
67530,"No"
67531,"No"
67532,"Yes"
67533,"Yes"
67534,"No"
67535,"No"
67536,"No"
67537,"No"
67538,"No"
67539,"No"
67540,"Yes"
67541,"Yes"
67542,"Yes"
67543,"No"
67544,"No"
67545,"Yes"
67546,"No"
67547,"Yes"
67548,"No"
67549,"No"
67550,"Yes"
67551,"No"
67552,"Yes"
67553,"No"
67554,"No"
67555,"No"
67556,"No"
67557,"No"
67558,"Yes"
67559,"Yes"
67560,"No"
67561,"No"
67562,"Yes"
67563,"Yes"
67564,"No"
67565,"No"
67566,"Yes"
67567,"Yes"
67568,"Yes"
67569,"No"
67570,"No"
67571,"Yes"
67572,"Yes"
67573,"No"
67574,"No"
67575,"No"
67576,"No"
67577,"No"
67578,"No"
67579,"No"
67580,"Yes"
67581,"Yes"
67582,"Yes"
67583,"Yes"
67584,"Yes"
67585,"No"
67586,"No"
67587,"No"
67588,"No"
67589,"No"
67590,"Yes"
67591,"Yes"
67592,"Yes"
67593,"Yes"
67594,"No"
67595,"No"
67596,"Yes"
67597,"No"
67598,"No"
67599,"No"
67600,"Yes"
67601,"Yes"
67602,"No"
67603,"Yes"
67604,"No"
67605,"Yes"
67606,"No"
67607,"No"
67608,"No"
67609,"No"
67610,"Yes"
67611,"No"
67612,"Yes"
67613,"No"
67614,"No"
67615,"No"
67616,"Yes"
67617,"No"
67618,"Yes"
67619,"No"
67620,"Yes"
67621,"Yes"
67622,"No"
67623,"No"
67624,"No"
67625,"No"
67626,"No"
67627,"No"
67628,"Yes"
67629,"No"
67630,"Yes"
67631,"No"
67632,"No"
67633,"No"
67634,"No"
67635,"Yes"
67636,"Yes"
67637,"Yes"
67638,"No"
67639,"No"
67640,"No"
67641,"No"
67642,"No"
67643,"No"
67644,"No"
67645,"No"
67646,"No"
67647,"No"
67648,"No"
67649,"Yes"
67650,"No"
67651,"No"
67652,"Yes"
67653,"No"
67654,"Yes"
67655,"Yes"
67656,"No"
67657,"No"
67658,"No"
67659,"Yes"
67660,"No"
67661,"No"
67662,"No"
67663,"No"
67664,"Yes"
67665,"No"
67666,"No"
67667,"Yes"
67668,"No"
67669,"No"
67670,"Yes"
67671,"No"
67672,"Yes"
67673,"No"
67674,"No"
67675,"Yes"
67676,"No"
67677,"No"
67678,"Yes"
67679,"No"
67680,"No"
67681,"Yes"
67682,"No"
67683,"No"
67684,"Yes"
67685,"Yes"
67686,"No"
67687,"Yes"
67688,"Yes"
67689,"Yes"
67690,"No"
67691,"Yes"
67692,"Yes"
67693,"No"
67694,"No"
67695,"Yes"
67696,"Yes"
67697,"No"
67698,"No"
67699,"Yes"
67700,"No"
67701,"No"
67702,"Yes"
67703,"No"
67704,"No"
67705,"No"
67706,"Yes"
67707,"No"
67708,"No"
67709,"No"
67710,"Yes"
67711,"No"
67712,"No"
67713,"No"
67714,"Yes"
67715,"No"
67716,"No"
67717,"No"
67718,"No"
67719,"Yes"
67720,"No"
67721,"No"
67722,"No"
67723,"Yes"
67724,"Yes"
67725,"No"
67726,"Yes"
67727,"No"
67728,"No"
67729,"No"
67730,"No"
67731,"Yes"
67732,"Yes"
67733,"No"
67734,"Yes"
67735,"No"
67736,"No"
67737,"No"
67738,"No"
67739,"No"
67740,"No"
67741,"No"
67742,"Yes"
67743,"Yes"
67744,"No"
67745,"No"
67746,"No"
67747,"No"
67748,"No"
67749,"No"
67750,"No"
67751,"No"
67752,"No"
67753,"No"
67754,"Yes"
67755,"Yes"
67756,"Yes"
67757,"Yes"
67758,"Yes"
67759,"Yes"
67760,"No"
67761,"Yes"
67762,"No"
67763,"Yes"
67764,"No"
67765,"Yes"
67766,"No"
67767,"Yes"
67768,"No"
67769,"Yes"
67770,"No"
67771,"Yes"
67772,"Yes"
67773,"No"
67774,"No"
67775,"Yes"
67776,"Yes"
67777,"No"
67778,"No"
67779,"No"
67780,"No"
67781,"No"
67782,"No"
67783,"No"
67784,"Yes"
67785,"No"
67786,"No"
67787,"No"
67788,"Yes"
67789,"Yes"
67790,"Yes"
67791,"No"
67792,"No"
67793,"No"
67794,"No"
67795,"No"
67796,"No"
67797,"No"
67798,"No"
67799,"No"
67800,"No"
67801,"No"
67802,"Yes"
67803,"No"
67804,"No"
67805,"Yes"
67806,"No"
67807,"No"
67808,"No"
67809,"No"
67810,"No"
67811,"No"
67812,"No"
67813,"Yes"
67814,"No"
67815,"No"
67816,"No"
67817,"Yes"
67818,"No"
67819,"No"
67820,"No"
67821,"No"
67822,"No"
67823,"No"
67824,"No"
67825,"No"
67826,"No"
67827,"No"
67828,"No"
67829,"No"
67830,"Yes"
67831,"No"
67832,"No"
67833,"Yes"
67834,"Yes"
67835,"No"
67836,"Yes"
67837,"No"
67838,"No"
67839,"No"
67840,"Yes"
67841,"No"
67842,"No"
67843,"No"
67844,"No"
67845,"Yes"
67846,"Yes"
67847,"No"
67848,"Yes"
67849,"No"
67850,"No"
67851,"Yes"
67852,"No"
67853,"Yes"
67854,"No"
67855,"No"
67856,"Yes"
67857,"No"
67858,"Yes"
67859,"Yes"
67860,"No"
67861,"No"
67862,"No"
67863,"Yes"
67864,"Yes"
67865,"No"
67866,"No"
67867,"No"
67868,"No"
67869,"No"
67870,"Yes"
67871,"Yes"
67872,"No"
67873,"No"
67874,"No"
67875,"No"
67876,"No"
67877,"Yes"
67878,"Yes"
67879,"No"
67880,"No"
67881,"Yes"
67882,"Yes"
67883,"No"
67884,"No"
67885,"Yes"
67886,"No"
67887,"No"
67888,"No"
67889,"Yes"
67890,"No"
67891,"No"
67892,"Yes"
67893,"Yes"
67894,"No"
67895,"Yes"
67896,"No"
67897,"Yes"
67898,"No"
67899,"No"
67900,"No"
67901,"No"
67902,"Yes"
67903,"No"
67904,"No"
67905,"Yes"
67906,"No"
67907,"No"
67908,"No"
67909,"No"
67910,"No"
67911,"No"
67912,"No"
67913,"Yes"
67914,"No"
67915,"No"
67916,"Yes"
67917,"Yes"
67918,"No"
67919,"No"
67920,"No"
67921,"Yes"
67922,"No"
67923,"Yes"
67924,"No"
67925,"No"
67926,"Yes"
67927,"No"
67928,"No"
67929,"Yes"
67930,"No"
67931,"No"
67932,"No"
67933,"Yes"
67934,"No"
67935,"Yes"
67936,"No"
67937,"No"
67938,"Yes"
67939,"Yes"
67940,"No"
67941,"No"
67942,"No"
67943,"No"
67944,"No"
67945,"No"
67946,"Yes"
67947,"Yes"
67948,"No"
67949,"Yes"
67950,"No"
67951,"Yes"
67952,"Yes"
67953,"No"
67954,"Yes"
67955,"No"
67956,"Yes"
67957,"No"
67958,"Yes"
67959,"Yes"
67960,"Yes"
67961,"No"
67962,"Yes"
67963,"Yes"
67964,"No"
67965,"Yes"
67966,"No"
67967,"Yes"
67968,"No"
67969,"No"
67970,"Yes"
67971,"No"
67972,"Yes"
67973,"No"
67974,"No"
67975,"No"
67976,"No"
67977,"No"
67978,"No"
67979,"Yes"
67980,"No"
67981,"Yes"
67982,"No"
67983,"No"
67984,"No"
67985,"No"
67986,"No"
67987,"No"
67988,"No"
67989,"No"
67990,"No"
67991,"No"
67992,"Yes"
67993,"No"
67994,"Yes"
67995,"No"
67996,"No"
67997,"Yes"
67998,"No"
67999,"No"
68000,"No"
68001,"No"
68002,"Yes"
68003,"No"
68004,"No"
68005,"No"
68006,"No"
68007,"Yes"
68008,"Yes"
68009,"No"
68010,"No"
68011,"No"
68012,"No"
68013,"No"
68014,"No"
68015,"No"
68016,"No"
68017,"No"
68018,"No"
68019,"No"
68020,"Yes"
68021,"No"
68022,"No"
68023,"Yes"
68024,"No"
68025,"Yes"
68026,"Yes"
68027,"No"
68028,"No"
68029,"Yes"
68030,"No"
68031,"No"
68032,"No"
68033,"Yes"
68034,"Yes"
68035,"No"
68036,"No"
68037,"No"
68038,"No"
68039,"No"
68040,"No"
68041,"No"
68042,"Yes"
68043,"No"
68044,"No"
68045,"No"
68046,"No"
68047,"Yes"
68048,"No"
68049,"No"
68050,"Yes"
68051,"No"
68052,"No"
68053,"Yes"
68054,"No"
68055,"No"
68056,"Yes"
68057,"No"
68058,"Yes"
68059,"No"
68060,"No"
68061,"Yes"
68062,"No"
68063,"No"
68064,"No"
68065,"No"
68066,"No"
68067,"No"
68068,"Yes"
68069,"No"
68070,"No"
68071,"No"
68072,"No"
68073,"Yes"
68074,"No"
68075,"No"
68076,"No"
68077,"No"
68078,"Yes"
68079,"No"
68080,"Yes"
68081,"Yes"
68082,"Yes"
68083,"No"
68084,"Yes"
68085,"No"
68086,"No"
68087,"No"
68088,"Yes"
68089,"No"
68090,"Yes"
68091,"No"
68092,"No"
68093,"No"
68094,"Yes"
68095,"No"
68096,"Yes"
68097,"No"
68098,"Yes"
68099,"No"
68100,"No"
68101,"No"
68102,"No"
68103,"Yes"
68104,"Yes"
68105,"No"
68106,"No"
68107,"Yes"
68108,"Yes"
68109,"Yes"
68110,"Yes"
68111,"Yes"
68112,"Yes"
68113,"No"
68114,"No"
68115,"No"
68116,"Yes"
68117,"Yes"
68118,"No"
68119,"Yes"
68120,"Yes"
68121,"No"
68122,"Yes"
68123,"No"
68124,"No"
68125,"Yes"
68126,"No"
68127,"No"
68128,"Yes"
68129,"Yes"
68130,"Yes"
68131,"No"
68132,"No"
68133,"Yes"
68134,"Yes"
68135,"Yes"
68136,"No"
68137,"No"
68138,"Yes"
68139,"No"
68140,"Yes"
68141,"Yes"
68142,"No"
68143,"No"
68144,"Yes"
68145,"No"
68146,"No"
68147,"No"
68148,"No"
68149,"No"
68150,"No"
68151,"Yes"
68152,"No"
68153,"No"
68154,"No"
68155,"No"
68156,"No"
68157,"No"
68158,"No"
68159,"No"
68160,"No"
68161,"No"
68162,"Yes"
68163,"No"
68164,"Yes"
68165,"No"
68166,"No"
68167,"No"
68168,"No"
68169,"No"
68170,"Yes"
68171,"No"
68172,"Yes"
68173,"No"
68174,"Yes"
68175,"Yes"
68176,"No"
68177,"Yes"
68178,"Yes"
68179,"Yes"
68180,"No"
68181,"No"
68182,"No"
68183,"Yes"
68184,"No"
68185,"Yes"
68186,"No"
68187,"No"
68188,"No"
68189,"No"
68190,"Yes"
68191,"No"
68192,"No"
68193,"Yes"
68194,"No"
68195,"No"
68196,"No"
68197,"Yes"
68198,"Yes"
68199,"Yes"
68200,"Yes"
68201,"Yes"
68202,"Yes"
68203,"No"
68204,"No"
68205,"No"
68206,"Yes"
68207,"No"
68208,"No"
68209,"No"
68210,"No"
68211,"No"
68212,"No"
68213,"Yes"
68214,"No"
68215,"No"
68216,"Yes"
68217,"No"
68218,"Yes"
68219,"No"
68220,"No"
68221,"No"
68222,"No"
68223,"No"
68224,"No"
68225,"No"
68226,"No"
68227,"Yes"
68228,"No"
68229,"Yes"
68230,"No"
68231,"No"
68232,"Yes"
68233,"No"
68234,"No"
68235,"No"
68236,"No"
68237,"No"
68238,"No"
68239,"No"
68240,"No"
68241,"No"
68242,"No"
68243,"No"
68244,"No"
68245,"No"
68246,"No"
68247,"No"
68248,"No"
68249,"Yes"
68250,"Yes"
68251,"Yes"
68252,"No"
68253,"Yes"
68254,"No"
68255,"Yes"
68256,"No"
68257,"No"
68258,"Yes"
68259,"No"
68260,"Yes"
68261,"No"
68262,"No"
68263,"Yes"
68264,"Yes"
68265,"No"
68266,"Yes"
68267,"No"
68268,"No"
68269,"No"
68270,"No"
68271,"No"
68272,"No"
68273,"No"
68274,"No"
68275,"No"
68276,"No"
68277,"No"
68278,"No"
68279,"No"
68280,"Yes"
68281,"No"
68282,"No"
68283,"Yes"
68284,"No"
68285,"Yes"
68286,"Yes"
68287,"No"
68288,"No"
68289,"Yes"
68290,"No"
68291,"No"
68292,"No"
68293,"No"
68294,"No"
68295,"No"
68296,"No"
68297,"Yes"
68298,"Yes"
68299,"No"
68300,"Yes"
68301,"Yes"
68302,"No"
68303,"No"
68304,"No"
68305,"No"
68306,"Yes"
68307,"No"
68308,"No"
68309,"Yes"
68310,"No"
68311,"No"
68312,"No"
68313,"No"
68314,"No"
68315,"No"
68316,"Yes"
68317,"No"
68318,"No"
68319,"No"
68320,"No"
68321,"No"
68322,"Yes"
68323,"No"
68324,"No"
68325,"Yes"
68326,"No"
68327,"Yes"
68328,"Yes"
68329,"Yes"
68330,"No"
68331,"Yes"
68332,"No"
68333,"No"
68334,"No"
68335,"Yes"
68336,"No"
68337,"No"
68338,"No"
68339,"Yes"
68340,"No"
68341,"No"
68342,"No"
68343,"No"
68344,"Yes"
68345,"Yes"
68346,"No"
68347,"No"
68348,"Yes"
68349,"No"
68350,"No"
68351,"No"
68352,"No"
68353,"No"
68354,"No"
68355,"No"
68356,"Yes"
68357,"No"
68358,"No"
68359,"No"
68360,"No"
68361,"Yes"
68362,"Yes"
68363,"No"
68364,"No"
68365,"No"
68366,"Yes"
68367,"Yes"
68368,"No"
68369,"No"
68370,"No"
68371,"No"
68372,"No"
68373,"No"
68374,"No"
68375,"No"
68376,"No"
68377,"No"
68378,"No"
68379,"No"
68380,"No"
68381,"Yes"
68382,"No"
68383,"Yes"
68384,"No"
68385,"No"
68386,"No"
68387,"No"
68388,"Yes"
68389,"No"
68390,"No"
68391,"Yes"
68392,"No"
68393,"No"
68394,"Yes"
68395,"Yes"
68396,"Yes"
68397,"No"
68398,"Yes"
68399,"Yes"
68400,"No"
68401,"No"
68402,"No"
68403,"Yes"
68404,"No"
68405,"No"
68406,"No"
68407,"No"
68408,"No"
68409,"No"
68410,"Yes"
68411,"No"
68412,"No"
68413,"Yes"
68414,"No"
68415,"Yes"
68416,"No"
68417,"No"
68418,"No"
68419,"Yes"
68420,"No"
68421,"No"
68422,"No"
68423,"No"
68424,"Yes"
68425,"No"
68426,"No"
68427,"No"
68428,"No"
68429,"No"
68430,"Yes"
68431,"No"
68432,"Yes"
68433,"No"
68434,"Yes"
68435,"Yes"
68436,"Yes"
68437,"No"
68438,"No"
68439,"No"
68440,"No"
68441,"No"
68442,"Yes"
68443,"No"
68444,"No"
68445,"No"
68446,"No"
68447,"Yes"
68448,"No"
68449,"Yes"
68450,"Yes"
68451,"Yes"
68452,"No"
68453,"No"
68454,"Yes"
68455,"Yes"
68456,"No"
68457,"No"
68458,"No"
68459,"Yes"
68460,"No"
68461,"No"
68462,"Yes"
68463,"No"
68464,"Yes"
68465,"Yes"
68466,"No"
68467,"Yes"
68468,"No"
68469,"No"
68470,"No"
68471,"No"
68472,"Yes"
68473,"No"
68474,"No"
68475,"Yes"
68476,"Yes"
68477,"No"
68478,"No"
68479,"No"
68480,"Yes"
68481,"No"
68482,"No"
68483,"No"
68484,"No"
68485,"No"
68486,"Yes"
68487,"No"
68488,"No"
68489,"No"
68490,"No"
68491,"No"
68492,"No"
68493,"No"
68494,"No"
68495,"Yes"
68496,"No"
68497,"No"
68498,"No"
68499,"No"
68500,"Yes"
68501,"No"
68502,"Yes"
68503,"No"
68504,"No"
68505,"Yes"
68506,"Yes"
68507,"Yes"
68508,"Yes"
68509,"No"
68510,"Yes"
68511,"Yes"
68512,"No"
68513,"No"
68514,"No"
68515,"No"
68516,"Yes"
68517,"No"
68518,"No"
68519,"No"
68520,"Yes"
68521,"Yes"
68522,"No"
68523,"Yes"
68524,"No"
68525,"Yes"
68526,"No"
68527,"No"
68528,"No"
68529,"No"
68530,"No"
68531,"No"
68532,"No"
68533,"No"
68534,"Yes"
68535,"No"
68536,"No"
68537,"No"
68538,"No"
68539,"No"
68540,"Yes"
68541,"Yes"
68542,"No"
68543,"No"
68544,"No"
68545,"Yes"
68546,"No"
68547,"No"
68548,"No"
68549,"No"
68550,"No"
68551,"Yes"
68552,"Yes"
68553,"No"
68554,"Yes"
68555,"No"
68556,"No"
68557,"No"
68558,"No"
68559,"No"
68560,"No"
68561,"No"
68562,"No"
68563,"No"
68564,"No"
68565,"No"
68566,"No"
68567,"Yes"
68568,"Yes"
68569,"No"
68570,"No"
68571,"No"
68572,"No"
68573,"No"
68574,"No"
68575,"No"
68576,"Yes"
68577,"Yes"
68578,"No"
68579,"No"
68580,"No"
68581,"No"
68582,"No"
68583,"Yes"
68584,"Yes"
68585,"Yes"
68586,"Yes"
68587,"No"
68588,"No"
68589,"No"
68590,"No"
68591,"Yes"
68592,"Yes"
68593,"Yes"
68594,"No"
68595,"No"
68596,"Yes"
68597,"Yes"
68598,"Yes"
68599,"Yes"
68600,"Yes"
68601,"No"
68602,"Yes"
68603,"No"
68604,"No"
68605,"No"
68606,"Yes"
68607,"No"
68608,"Yes"
68609,"Yes"
68610,"No"
68611,"No"
68612,"No"
68613,"Yes"
68614,"No"
68615,"Yes"
68616,"No"
68617,"No"
68618,"No"
68619,"No"
68620,"No"
68621,"No"
68622,"Yes"
68623,"Yes"
68624,"No"
68625,"No"
68626,"Yes"
68627,"No"
68628,"Yes"
68629,"Yes"
68630,"No"
68631,"No"
68632,"No"
68633,"No"
68634,"No"
68635,"No"
68636,"Yes"
68637,"Yes"
68638,"Yes"
68639,"Yes"
68640,"No"
68641,"No"
68642,"No"
68643,"No"
68644,"No"
68645,"No"
68646,"Yes"
68647,"Yes"
68648,"No"
68649,"No"
68650,"No"
68651,"No"
68652,"No"
68653,"No"
68654,"No"
68655,"Yes"
68656,"No"
68657,"No"
68658,"Yes"
68659,"No"
68660,"Yes"
68661,"No"
68662,"Yes"
68663,"Yes"
68664,"Yes"
68665,"No"
68666,"No"
68667,"No"
68668,"No"
68669,"No"
68670,"Yes"
68671,"Yes"
68672,"No"
68673,"Yes"
68674,"No"
68675,"Yes"
68676,"Yes"
68677,"No"
68678,"No"
68679,"Yes"
68680,"Yes"
68681,"Yes"
68682,"No"
68683,"No"
68684,"Yes"
68685,"No"
68686,"No"
68687,"No"
68688,"Yes"
68689,"Yes"
68690,"No"
68691,"No"
68692,"Yes"
68693,"No"
68694,"No"
68695,"No"
68696,"No"
68697,"Yes"
68698,"Yes"
68699,"No"
68700,"No"
68701,"No"
68702,"No"
68703,"No"
68704,"Yes"
68705,"No"
68706,"No"
68707,"No"
68708,"No"
68709,"No"
68710,"No"
68711,"No"
68712,"No"
68713,"Yes"
68714,"No"
68715,"No"
68716,"Yes"
68717,"Yes"
68718,"Yes"
68719,"No"
68720,"Yes"
68721,"Yes"
68722,"No"
68723,"Yes"
68724,"No"
68725,"No"
68726,"No"
68727,"No"
68728,"No"
68729,"Yes"
68730,"No"
68731,"No"
68732,"Yes"
68733,"No"
68734,"Yes"
68735,"Yes"
68736,"No"
68737,"Yes"
68738,"No"
68739,"No"
68740,"No"
68741,"Yes"
68742,"No"
68743,"No"
68744,"Yes"
68745,"No"
68746,"No"
68747,"No"
68748,"No"
68749,"No"
68750,"No"
68751,"Yes"
68752,"No"
68753,"Yes"
68754,"Yes"
68755,"Yes"
68756,"No"
68757,"Yes"
68758,"No"
68759,"No"
68760,"No"
68761,"Yes"
68762,"No"
68763,"No"
68764,"No"
68765,"Yes"
68766,"Yes"
68767,"Yes"
68768,"Yes"
68769,"Yes"
68770,"No"
68771,"Yes"
68772,"Yes"
68773,"Yes"
68774,"No"
68775,"No"
68776,"Yes"
68777,"Yes"
68778,"No"
68779,"No"
68780,"No"
68781,"No"
68782,"Yes"
68783,"Yes"
68784,"Yes"
68785,"No"
68786,"No"
68787,"No"
68788,"No"
68789,"Yes"
68790,"No"
68791,"No"
68792,"No"
68793,"No"
68794,"No"
68795,"No"
68796,"No"
68797,"Yes"
68798,"No"
68799,"No"
68800,"No"
68801,"No"
68802,"No"
68803,"No"
68804,"No"
68805,"No"
68806,"Yes"
68807,"No"
68808,"No"
68809,"Yes"
68810,"No"
68811,"Yes"
68812,"No"
68813,"No"
68814,"Yes"
68815,"No"
68816,"No"
68817,"No"
68818,"No"
68819,"Yes"
68820,"No"
68821,"No"
68822,"No"
68823,"No"
68824,"Yes"
68825,"Yes"
68826,"Yes"
68827,"No"
68828,"No"
68829,"Yes"
68830,"Yes"
68831,"Yes"
68832,"Yes"
68833,"No"
68834,"No"
68835,"No"
68836,"No"
68837,"Yes"
68838,"Yes"
68839,"Yes"
68840,"Yes"
68841,"Yes"
68842,"Yes"
68843,"No"
68844,"No"
68845,"No"
68846,"No"
68847,"Yes"
68848,"No"
68849,"No"
68850,"No"
68851,"No"
68852,"Yes"
68853,"No"
68854,"No"
68855,"No"
68856,"No"
68857,"No"
68858,"Yes"
68859,"No"
68860,"No"
68861,"No"
68862,"Yes"
68863,"No"
68864,"No"
68865,"No"
68866,"Yes"
68867,"Yes"
68868,"Yes"
68869,"No"
68870,"Yes"
68871,"Yes"
68872,"No"
68873,"No"
68874,"No"
68875,"No"
68876,"Yes"
68877,"Yes"
68878,"Yes"
68879,"No"
68880,"Yes"
68881,"No"
68882,"No"
68883,"No"
68884,"Yes"
68885,"Yes"
68886,"No"
68887,"No"
68888,"Yes"
68889,"No"
68890,"No"
68891,"No"
68892,"No"
68893,"Yes"
68894,"No"
68895,"Yes"
68896,"No"
68897,"Yes"
68898,"No"
68899,"No"
68900,"No"
68901,"No"
68902,"Yes"
68903,"No"
68904,"No"
68905,"No"
68906,"Yes"
68907,"No"
68908,"No"
68909,"No"
68910,"Yes"
68911,"No"
68912,"Yes"
68913,"No"
68914,"No"
68915,"No"
68916,"No"
68917,"No"
68918,"No"
68919,"Yes"
68920,"No"
68921,"No"
68922,"No"
68923,"No"
68924,"No"
68925,"No"
68926,"No"
68927,"Yes"
68928,"No"
68929,"No"
68930,"No"
68931,"Yes"
68932,"No"
68933,"No"
68934,"Yes"
68935,"No"
68936,"Yes"
68937,"No"
68938,"Yes"
68939,"No"
68940,"No"
68941,"No"
68942,"No"
68943,"Yes"
68944,"No"
68945,"Yes"
68946,"No"
68947,"Yes"
68948,"No"
68949,"Yes"
68950,"Yes"
68951,"Yes"
68952,"No"
68953,"Yes"
68954,"No"
68955,"No"
68956,"No"
68957,"No"
68958,"No"
68959,"No"
68960,"No"
68961,"No"
68962,"No"
68963,"No"
68964,"No"
68965,"No"
68966,"No"
68967,"No"
68968,"No"
68969,"Yes"
68970,"Yes"
68971,"No"
68972,"No"
68973,"No"
68974,"Yes"
68975,"No"
68976,"Yes"
68977,"Yes"
68978,"Yes"
68979,"No"
68980,"No"
68981,"No"
68982,"No"
68983,"No"
68984,"No"
68985,"No"
68986,"No"
68987,"No"
68988,"No"
68989,"No"
68990,"No"
68991,"Yes"
68992,"No"
68993,"No"
68994,"No"
68995,"No"
68996,"No"
68997,"No"
68998,"No"
68999,"No"
69000,"Yes"
69001,"Yes"
69002,"No"
69003,"No"
69004,"Yes"
69005,"No"
69006,"No"
69007,"No"
69008,"No"
69009,"Yes"
69010,"No"
69011,"No"
69012,"No"
69013,"Yes"
69014,"No"
69015,"No"
69016,"No"
69017,"No"
69018,"No"
69019,"Yes"
69020,"No"
69021,"Yes"
69022,"Yes"
69023,"No"
69024,"Yes"
69025,"No"
69026,"Yes"
69027,"No"
69028,"No"
69029,"No"
69030,"No"
69031,"No"
69032,"Yes"
69033,"Yes"
69034,"No"
69035,"No"
69036,"No"
69037,"Yes"
69038,"Yes"
69039,"No"
69040,"Yes"
69041,"Yes"
69042,"No"
69043,"Yes"
69044,"No"
69045,"No"
69046,"No"
69047,"No"
69048,"Yes"
69049,"Yes"
69050,"Yes"
69051,"No"
69052,"No"
69053,"No"
69054,"Yes"
69055,"No"
69056,"Yes"
69057,"No"
69058,"No"
69059,"No"
69060,"No"
69061,"No"
69062,"No"
69063,"Yes"
69064,"No"
69065,"No"
69066,"No"
69067,"No"
69068,"No"
69069,"No"
69070,"No"
69071,"No"
69072,"No"
69073,"No"
69074,"No"
69075,"No"
69076,"No"
69077,"Yes"
69078,"Yes"
69079,"No"
69080,"No"
69081,"No"
69082,"Yes"
69083,"Yes"
69084,"Yes"
69085,"No"
69086,"Yes"
69087,"No"
69088,"No"
69089,"No"
69090,"No"
69091,"Yes"
69092,"No"
69093,"Yes"
69094,"No"
69095,"No"
69096,"No"
69097,"No"
69098,"Yes"
69099,"No"
69100,"Yes"
69101,"Yes"
69102,"Yes"
69103,"Yes"
69104,"Yes"
69105,"Yes"
69106,"Yes"
69107,"No"
69108,"No"
69109,"No"
69110,"No"
69111,"Yes"
69112,"No"
69113,"Yes"
69114,"No"
69115,"No"
69116,"No"
69117,"Yes"
69118,"No"
69119,"No"
69120,"No"
69121,"No"
69122,"No"
69123,"Yes"
69124,"Yes"
69125,"No"
69126,"No"
69127,"No"
69128,"No"
69129,"No"
69130,"No"
69131,"No"
69132,"Yes"
69133,"No"
69134,"Yes"
69135,"Yes"
69136,"No"
69137,"Yes"
69138,"No"
69139,"No"
69140,"No"
69141,"Yes"
69142,"No"
69143,"Yes"
69144,"No"
69145,"No"
69146,"Yes"
69147,"No"
69148,"Yes"
69149,"No"
69150,"No"
69151,"No"
69152,"Yes"
69153,"Yes"
69154,"Yes"
69155,"No"
69156,"No"
69157,"No"
69158,"Yes"
69159,"No"
69160,"No"
69161,"No"
69162,"No"
69163,"No"
69164,"No"
69165,"No"
69166,"No"
69167,"Yes"
69168,"Yes"
69169,"No"
69170,"No"
69171,"No"
69172,"Yes"
69173,"No"
69174,"Yes"
69175,"No"
69176,"No"
69177,"Yes"
69178,"No"
69179,"No"
69180,"No"
69181,"No"
69182,"Yes"
69183,"No"
69184,"No"
69185,"Yes"
69186,"No"
69187,"No"
69188,"Yes"
69189,"Yes"
69190,"No"
69191,"No"
69192,"No"
69193,"Yes"
69194,"No"
69195,"No"
69196,"No"
69197,"Yes"
69198,"No"
69199,"No"
69200,"No"
69201,"No"
69202,"Yes"
69203,"No"
69204,"No"
69205,"No"
69206,"Yes"
69207,"No"
69208,"No"
69209,"Yes"
69210,"No"
69211,"Yes"
69212,"Yes"
69213,"No"
69214,"No"
69215,"Yes"
69216,"No"
69217,"No"
69218,"No"
69219,"No"
69220,"Yes"
69221,"No"
69222,"Yes"
69223,"No"
69224,"No"
69225,"No"
69226,"No"
69227,"No"
69228,"No"
69229,"Yes"
69230,"Yes"
69231,"No"
69232,"No"
69233,"No"
69234,"Yes"
69235,"No"
69236,"No"
69237,"No"
69238,"No"
69239,"No"
69240,"No"
69241,"No"
69242,"No"
69243,"Yes"
69244,"No"
69245,"Yes"
69246,"No"
69247,"Yes"
69248,"No"
69249,"No"
69250,"Yes"
69251,"No"
69252,"No"
69253,"No"
69254,"Yes"
69255,"No"
69256,"No"
69257,"Yes"
69258,"No"
69259,"Yes"
69260,"No"
69261,"No"
69262,"No"
69263,"Yes"
69264,"Yes"
69265,"No"
69266,"Yes"
69267,"Yes"
69268,"Yes"
69269,"Yes"
69270,"Yes"
69271,"No"
69272,"No"
69273,"No"
69274,"No"
69275,"No"
69276,"Yes"
69277,"Yes"
69278,"No"
69279,"No"
69280,"No"
69281,"No"
69282,"No"
69283,"Yes"
69284,"No"
69285,"No"
69286,"No"
69287,"Yes"
69288,"No"
69289,"No"
69290,"No"
69291,"No"
69292,"No"
69293,"No"
69294,"No"
69295,"No"
69296,"No"
69297,"No"
69298,"No"
69299,"Yes"
69300,"No"
69301,"No"
69302,"Yes"
69303,"Yes"
69304,"Yes"
69305,"No"
69306,"No"
69307,"No"
69308,"No"
69309,"Yes"
69310,"No"
69311,"Yes"
69312,"No"
69313,"No"
69314,"Yes"
69315,"No"
69316,"No"
69317,"No"
69318,"Yes"
69319,"No"
69320,"Yes"
69321,"No"
69322,"No"
69323,"Yes"
69324,"No"
69325,"No"
69326,"No"
69327,"No"
69328,"No"
69329,"No"
69330,"No"
69331,"Yes"
69332,"Yes"
69333,"No"
69334,"Yes"
69335,"No"
69336,"No"
69337,"No"
69338,"No"
69339,"No"
69340,"No"
69341,"No"
69342,"No"
69343,"No"
69344,"No"
69345,"No"
69346,"No"
69347,"No"
69348,"Yes"
69349,"Yes"
69350,"Yes"
69351,"No"
69352,"No"
69353,"No"
69354,"No"
69355,"No"
69356,"No"
69357,"No"
69358,"No"
69359,"No"
69360,"No"
69361,"Yes"
69362,"No"
69363,"Yes"
69364,"No"
69365,"Yes"
69366,"No"
69367,"Yes"
69368,"No"
69369,"No"
69370,"Yes"
69371,"No"
69372,"No"
69373,"No"
69374,"Yes"
69375,"Yes"
69376,"Yes"
69377,"No"
69378,"No"
69379,"Yes"
69380,"Yes"
69381,"Yes"
69382,"No"
69383,"Yes"
69384,"No"
69385,"No"
69386,"No"
69387,"No"
69388,"Yes"
69389,"No"
69390,"No"
69391,"No"
69392,"No"
69393,"No"
69394,"No"
69395,"No"
69396,"Yes"
69397,"No"
69398,"Yes"
69399,"Yes"
69400,"No"
69401,"Yes"
69402,"No"
69403,"No"
69404,"Yes"
69405,"No"
69406,"Yes"
69407,"Yes"
69408,"No"
69409,"No"
69410,"No"
69411,"Yes"
69412,"No"
69413,"No"
69414,"No"
69415,"No"
69416,"Yes"
69417,"No"
69418,"No"
69419,"Yes"
69420,"No"
69421,"No"
69422,"No"
69423,"No"
69424,"Yes"
69425,"No"
69426,"No"
69427,"No"
69428,"No"
69429,"No"
69430,"Yes"
69431,"No"
69432,"No"
69433,"No"
69434,"No"
69435,"No"
69436,"No"
69437,"No"
69438,"No"
69439,"No"
69440,"No"
69441,"No"
69442,"Yes"
69443,"Yes"
69444,"Yes"
69445,"Yes"
69446,"No"
69447,"No"
69448,"Yes"
69449,"No"
69450,"No"
69451,"No"
69452,"No"
69453,"Yes"
69454,"No"
69455,"No"
69456,"Yes"
69457,"No"
69458,"Yes"
69459,"Yes"
69460,"Yes"
69461,"No"
69462,"Yes"
69463,"No"
69464,"No"
69465,"Yes"
69466,"No"
69467,"No"
69468,"No"
69469,"Yes"
69470,"No"
69471,"Yes"
69472,"No"
69473,"No"
69474,"Yes"
69475,"Yes"
69476,"No"
69477,"No"
69478,"Yes"
69479,"Yes"
69480,"No"
69481,"No"
69482,"No"
69483,"Yes"
69484,"Yes"
69485,"Yes"
69486,"Yes"
69487,"No"
69488,"No"
69489,"No"
69490,"Yes"
69491,"Yes"
69492,"No"
69493,"Yes"
69494,"No"
69495,"No"
69496,"No"
69497,"No"
69498,"No"
69499,"Yes"
69500,"No"
69501,"No"
69502,"No"
69503,"No"
69504,"No"
69505,"No"
69506,"No"
69507,"No"
69508,"Yes"
69509,"No"
69510,"No"
69511,"Yes"
69512,"No"
69513,"Yes"
69514,"No"
69515,"No"
69516,"Yes"
69517,"No"
69518,"Yes"
69519,"No"
69520,"Yes"
69521,"Yes"
69522,"No"
69523,"No"
69524,"No"
69525,"Yes"
69526,"No"
69527,"No"
69528,"No"
69529,"Yes"
69530,"No"
69531,"No"
69532,"No"
69533,"No"
69534,"Yes"
69535,"No"
69536,"No"
69537,"No"
69538,"No"
69539,"Yes"
69540,"No"
69541,"No"
69542,"No"
69543,"No"
69544,"No"
69545,"No"
69546,"Yes"
69547,"No"
69548,"Yes"
69549,"No"
69550,"Yes"
69551,"No"
69552,"No"
69553,"No"
69554,"Yes"
69555,"No"
69556,"No"
69557,"Yes"
69558,"Yes"
69559,"No"
69560,"No"
69561,"No"
69562,"Yes"
69563,"Yes"
69564,"No"
69565,"Yes"
69566,"Yes"
69567,"No"
69568,"No"
69569,"No"
69570,"Yes"
69571,"No"
69572,"No"
69573,"No"
69574,"No"
69575,"Yes"
69576,"No"
69577,"Yes"
69578,"No"
69579,"No"
69580,"No"
69581,"Yes"
69582,"No"
69583,"No"
69584,"No"
69585,"No"
69586,"No"
69587,"No"
69588,"No"
69589,"No"
69590,"Yes"
69591,"Yes"
69592,"No"
69593,"No"
69594,"Yes"
69595,"No"
69596,"Yes"
69597,"No"
69598,"No"
69599,"No"
69600,"Yes"
69601,"No"
69602,"No"
69603,"No"
69604,"Yes"
69605,"No"
69606,"Yes"
69607,"Yes"
69608,"No"
69609,"No"
69610,"Yes"
69611,"No"
69612,"Yes"
69613,"No"
69614,"Yes"
69615,"No"
69616,"Yes"
69617,"No"
69618,"No"
69619,"Yes"
69620,"No"
69621,"No"
69622,"No"
69623,"No"
69624,"No"
69625,"No"
69626,"Yes"
69627,"No"
69628,"No"
69629,"Yes"
69630,"No"
69631,"No"
69632,"Yes"
69633,"No"
69634,"Yes"
69635,"No"
69636,"Yes"
69637,"No"
69638,"Yes"
69639,"Yes"
69640,"No"
69641,"Yes"
69642,"Yes"
69643,"Yes"
69644,"No"
69645,"Yes"
69646,"Yes"
69647,"No"
69648,"Yes"
69649,"No"
69650,"Yes"
69651,"Yes"
69652,"Yes"
69653,"No"
69654,"No"
69655,"No"
69656,"No"
69657,"No"
69658,"No"
69659,"No"
69660,"No"
69661,"Yes"
69662,"No"
69663,"No"
69664,"No"
69665,"No"
69666,"No"
69667,"Yes"
69668,"No"
69669,"No"
69670,"Yes"
69671,"Yes"
69672,"Yes"
69673,"No"
69674,"No"
69675,"No"
69676,"No"
69677,"No"
69678,"No"
69679,"Yes"
69680,"Yes"
69681,"No"
69682,"No"
69683,"No"
69684,"No"
69685,"Yes"
69686,"No"
69687,"Yes"
69688,"No"
69689,"Yes"
69690,"Yes"
69691,"No"
69692,"Yes"
69693,"No"
69694,"No"
69695,"No"
69696,"Yes"
69697,"No"
69698,"No"
69699,"Yes"
69700,"No"
69701,"No"
69702,"No"
69703,"No"
69704,"No"
69705,"No"
69706,"No"
69707,"No"
69708,"No"
69709,"Yes"
69710,"Yes"
69711,"No"
69712,"Yes"
69713,"No"
69714,"No"
69715,"Yes"
69716,"No"
69717,"Yes"
69718,"Yes"
69719,"Yes"
69720,"No"
69721,"No"
69722,"Yes"
69723,"No"
69724,"No"
69725,"Yes"
69726,"Yes"
69727,"No"
69728,"No"
69729,"No"
69730,"Yes"
69731,"No"
69732,"Yes"
69733,"No"
69734,"Yes"
69735,"No"
69736,"Yes"
69737,"Yes"
69738,"No"
69739,"No"
69740,"No"
69741,"Yes"
69742,"No"
69743,"No"
69744,"Yes"
69745,"No"
69746,"No"
69747,"No"
69748,"No"
69749,"No"
69750,"Yes"
69751,"No"
69752,"No"
69753,"No"
69754,"Yes"
69755,"Yes"
69756,"No"
69757,"No"
69758,"Yes"
69759,"No"
69760,"No"
69761,"No"
69762,"No"
69763,"No"
69764,"Yes"
69765,"No"
69766,"No"
69767,"No"
69768,"Yes"
69769,"Yes"
69770,"No"
69771,"No"
69772,"No"
69773,"Yes"
69774,"No"
69775,"No"
69776,"Yes"
69777,"No"
69778,"No"
69779,"No"
69780,"Yes"
69781,"No"
69782,"No"
69783,"Yes"
69784,"No"
69785,"No"
69786,"No"
69787,"No"
69788,"No"
69789,"Yes"
69790,"No"
69791,"Yes"
69792,"Yes"
69793,"Yes"
69794,"No"
69795,"No"
69796,"No"
69797,"No"
69798,"No"
69799,"Yes"
69800,"No"
69801,"No"
69802,"Yes"
69803,"Yes"
69804,"Yes"
69805,"No"
69806,"No"
69807,"No"
69808,"No"
69809,"No"
69810,"No"
69811,"Yes"
69812,"No"
69813,"No"
69814,"No"
69815,"No"
69816,"No"
69817,"No"
69818,"No"
69819,"No"
69820,"No"
69821,"Yes"
69822,"No"
69823,"No"
69824,"No"
69825,"No"
69826,"No"
69827,"No"
69828,"No"
69829,"No"
69830,"Yes"
69831,"No"
69832,"Yes"
69833,"No"
69834,"Yes"
69835,"No"
69836,"Yes"
69837,"No"
69838,"No"
69839,"Yes"
69840,"No"
69841,"No"
69842,"Yes"
69843,"Yes"
69844,"No"
69845,"No"
69846,"No"
69847,"No"
69848,"Yes"
69849,"No"
69850,"No"
69851,"No"
69852,"Yes"
69853,"No"
69854,"Yes"
69855,"No"
69856,"No"
69857,"No"
69858,"Yes"
69859,"Yes"
69860,"No"
69861,"No"
69862,"Yes"
69863,"No"
69864,"Yes"
69865,"No"
69866,"No"
69867,"Yes"
69868,"Yes"
69869,"No"
69870,"Yes"
69871,"No"
69872,"Yes"
69873,"Yes"
69874,"Yes"
69875,"No"
69876,"No"
69877,"No"
69878,"Yes"
69879,"No"
69880,"No"
69881,"No"
69882,"No"
69883,"No"
69884,"No"
69885,"Yes"
69886,"No"
69887,"No"
69888,"No"
69889,"Yes"
69890,"Yes"
69891,"Yes"
69892,"No"
69893,"No"
69894,"Yes"
69895,"Yes"
69896,"No"
69897,"No"
69898,"No"
69899,"No"
69900,"Yes"
69901,"Yes"
69902,"No"
69903,"No"
69904,"No"
69905,"No"
69906,"No"
69907,"No"
69908,"No"
69909,"No"
69910,"Yes"
69911,"Yes"
69912,"Yes"
69913,"No"
69914,"No"
69915,"Yes"
69916,"No"
69917,"Yes"
69918,"No"
69919,"Yes"
69920,"Yes"
69921,"No"
69922,"Yes"
69923,"No"
69924,"Yes"
69925,"Yes"
69926,"No"
69927,"Yes"
69928,"No"
69929,"Yes"
69930,"No"
69931,"Yes"
69932,"No"
69933,"No"
69934,"No"
69935,"No"
69936,"Yes"
69937,"No"
69938,"No"
69939,"No"
69940,"No"
69941,"No"
69942,"No"
69943,"No"
69944,"No"
69945,"No"
69946,"No"
69947,"No"
69948,"No"
69949,"No"
69950,"No"
69951,"No"
69952,"No"
69953,"No"
69954,"No"
69955,"Yes"
69956,"No"
69957,"No"
69958,"No"
69959,"Yes"
69960,"No"
69961,"Yes"
69962,"Yes"
69963,"No"
69964,"No"
69965,"Yes"
69966,"No"
69967,"No"
69968,"No"
69969,"No"
69970,"No"
69971,"Yes"
69972,"No"
69973,"No"
69974,"No"
69975,"No"
69976,"No"
69977,"No"
69978,"No"
69979,"No"
69980,"No"
69981,"No"
69982,"No"
69983,"Yes"
69984,"Yes"
69985,"Yes"
69986,"No"
69987,"No"
69988,"Yes"
69989,"No"
69990,"No"
69991,"No"
69992,"Yes"
69993,"Yes"
69994,"No"
69995,"No"
69996,"No"
69997,"No"
69998,"Yes"
69999,"No"
70000,"No"
70001,"Yes"
70002,"No"
70003,"No"
70004,"No"
70005,"No"
70006,"Yes"
70007,"No"
70008,"Yes"
70009,"Yes"
70010,"No"
70011,"Yes"
70012,"No"
70013,"Yes"
70014,"No"
70015,"Yes"
70016,"No"
70017,"Yes"
70018,"Yes"
70019,"Yes"
70020,"Yes"
70021,"No"
70022,"No"
70023,"Yes"
70024,"Yes"
70025,"No"
70026,"No"
70027,"No"
70028,"No"
70029,"No"
70030,"No"
70031,"No"
70032,"Yes"
70033,"Yes"
70034,"Yes"
70035,"Yes"
70036,"Yes"
70037,"No"
70038,"No"
70039,"No"
70040,"No"
70041,"No"
70042,"Yes"
70043,"No"
70044,"Yes"
70045,"No"
70046,"Yes"
70047,"No"
70048,"No"
70049,"No"
70050,"No"
70051,"No"
70052,"No"
70053,"No"
70054,"No"
70055,"No"
70056,"No"
70057,"No"
70058,"Yes"
70059,"No"
70060,"Yes"
70061,"No"
70062,"No"
70063,"No"
70064,"Yes"
70065,"No"
70066,"No"
70067,"No"
70068,"No"
70069,"No"
70070,"No"
70071,"Yes"
70072,"No"
70073,"No"
70074,"Yes"
70075,"Yes"
70076,"No"
70077,"No"
70078,"Yes"
70079,"No"
70080,"No"
70081,"No"
70082,"Yes"
70083,"No"
70084,"No"
70085,"No"
70086,"Yes"
70087,"No"
70088,"No"
70089,"No"
70090,"No"
70091,"No"
70092,"No"
70093,"No"
70094,"No"
70095,"No"
70096,"Yes"
70097,"No"
70098,"No"
70099,"Yes"
70100,"No"
70101,"No"
70102,"No"
70103,"No"
70104,"No"
70105,"No"
70106,"No"
70107,"No"
70108,"No"
70109,"Yes"
70110,"No"
70111,"Yes"
70112,"No"
70113,"No"
70114,"No"
70115,"No"
70116,"No"
70117,"No"
70118,"No"
70119,"No"
70120,"No"
70121,"No"
70122,"No"
70123,"Yes"
70124,"Yes"
70125,"Yes"
70126,"Yes"
70127,"Yes"
70128,"Yes"
70129,"No"
70130,"Yes"
70131,"No"
70132,"Yes"
70133,"No"
70134,"Yes"
70135,"Yes"
70136,"Yes"
70137,"Yes"
70138,"No"
70139,"Yes"
70140,"Yes"
70141,"Yes"
70142,"Yes"
70143,"Yes"
70144,"No"
70145,"No"
70146,"No"
70147,"No"
70148,"No"
70149,"No"
70150,"Yes"
70151,"No"
70152,"Yes"
70153,"Yes"
70154,"Yes"
70155,"No"
70156,"Yes"
70157,"Yes"
70158,"No"
70159,"No"
70160,"No"
70161,"No"
70162,"No"
70163,"No"
70164,"No"
70165,"No"
70166,"Yes"
70167,"Yes"
70168,"No"
70169,"No"
70170,"No"
70171,"Yes"
70172,"No"
70173,"No"
70174,"Yes"
70175,"No"
70176,"Yes"
70177,"No"
70178,"No"
70179,"Yes"
70180,"No"
70181,"No"
70182,"Yes"
70183,"No"
70184,"No"
70185,"Yes"
70186,"Yes"
70187,"Yes"
70188,"Yes"
70189,"Yes"
70190,"No"
70191,"Yes"
70192,"No"
70193,"No"
70194,"No"
70195,"Yes"
70196,"No"
70197,"No"
70198,"No"
70199,"No"
70200,"Yes"
70201,"No"
70202,"Yes"
70203,"No"
70204,"Yes"
70205,"No"
70206,"Yes"
70207,"No"
70208,"No"
70209,"Yes"
70210,"Yes"
70211,"Yes"
70212,"Yes"
70213,"No"
70214,"No"
70215,"Yes"
70216,"No"
70217,"No"
70218,"No"
70219,"Yes"
70220,"Yes"
70221,"No"
70222,"No"
70223,"Yes"
70224,"No"
70225,"No"
70226,"No"
70227,"No"
70228,"No"
70229,"No"
70230,"Yes"
70231,"Yes"
70232,"No"
70233,"No"
70234,"No"
70235,"Yes"
70236,"Yes"
70237,"Yes"
70238,"Yes"
70239,"No"
70240,"No"
70241,"No"
70242,"No"
70243,"Yes"
70244,"Yes"
70245,"Yes"
70246,"Yes"
70247,"Yes"
70248,"No"
70249,"No"
70250,"No"
70251,"Yes"
70252,"Yes"
70253,"Yes"
70254,"No"
70255,"Yes"
70256,"No"
70257,"Yes"
70258,"No"
70259,"No"
70260,"No"
70261,"No"
70262,"No"
70263,"No"
70264,"No"
70265,"No"
70266,"Yes"
70267,"No"
70268,"No"
70269,"No"
70270,"No"
70271,"No"
70272,"No"
70273,"No"
70274,"No"
70275,"No"
70276,"No"
70277,"No"
70278,"Yes"
70279,"Yes"
70280,"Yes"
70281,"Yes"
70282,"Yes"
70283,"No"
70284,"No"
70285,"No"
70286,"No"
70287,"No"
70288,"No"
70289,"No"
70290,"Yes"
70291,"No"
70292,"No"
70293,"No"
70294,"No"
70295,"No"
70296,"No"
70297,"No"
70298,"No"
70299,"No"
70300,"No"
70301,"No"
70302,"No"
70303,"No"
70304,"No"
70305,"No"
70306,"Yes"
70307,"No"
70308,"Yes"
70309,"No"
70310,"No"
70311,"No"
70312,"No"
70313,"No"
70314,"No"
70315,"No"
70316,"Yes"
70317,"Yes"
70318,"No"
70319,"No"
70320,"No"
70321,"Yes"
70322,"No"
70323,"No"
70324,"No"
70325,"Yes"
70326,"No"
70327,"No"
70328,"Yes"
70329,"Yes"
70330,"Yes"
70331,"No"
70332,"No"
70333,"No"
70334,"No"
70335,"Yes"
70336,"No"
70337,"No"
70338,"No"
70339,"No"
70340,"No"
70341,"Yes"
70342,"No"
70343,"No"
70344,"Yes"
70345,"No"
70346,"No"
70347,"No"
70348,"No"
70349,"Yes"
70350,"Yes"
70351,"Yes"
70352,"No"
70353,"No"
70354,"No"
70355,"No"
70356,"Yes"
70357,"Yes"
70358,"No"
70359,"Yes"
70360,"No"
70361,"No"
70362,"Yes"
70363,"No"
70364,"No"
70365,"No"
70366,"No"
70367,"No"
70368,"No"
70369,"Yes"
70370,"No"
70371,"No"
70372,"No"
70373,"No"
70374,"No"
70375,"No"
70376,"No"
70377,"No"
70378,"No"
70379,"Yes"
70380,"No"
70381,"No"
70382,"No"
70383,"No"
70384,"No"
70385,"No"
70386,"No"
70387,"Yes"
70388,"No"
70389,"No"
70390,"No"
70391,"No"
70392,"Yes"
70393,"No"
70394,"Yes"
70395,"Yes"
70396,"No"
70397,"No"
70398,"Yes"
70399,"No"
70400,"No"
70401,"No"
70402,"Yes"
70403,"Yes"
70404,"No"
70405,"No"
70406,"Yes"
70407,"Yes"
70408,"No"
70409,"No"
70410,"Yes"
70411,"No"
70412,"No"
70413,"Yes"
70414,"No"
70415,"Yes"
70416,"No"
70417,"No"
70418,"No"
70419,"No"
70420,"Yes"
70421,"No"
70422,"No"
70423,"No"
70424,"No"
70425,"No"
70426,"No"
70427,"No"
70428,"No"
70429,"No"
70430,"No"
70431,"No"
70432,"No"
70433,"No"
70434,"No"
70435,"No"
70436,"No"
70437,"Yes"
70438,"No"
70439,"No"
70440,"No"
70441,"No"
70442,"Yes"
70443,"Yes"
70444,"Yes"
70445,"No"
70446,"Yes"
70447,"Yes"
70448,"Yes"
70449,"No"
70450,"Yes"
70451,"No"
70452,"No"
70453,"Yes"
70454,"Yes"
70455,"Yes"
70456,"No"
70457,"No"
70458,"Yes"
70459,"No"
70460,"Yes"
70461,"No"
70462,"Yes"
70463,"No"
70464,"No"
70465,"Yes"
70466,"No"
70467,"Yes"
70468,"No"
70469,"Yes"
70470,"No"
70471,"No"
70472,"No"
70473,"Yes"
70474,"No"
70475,"No"
70476,"No"
70477,"No"
70478,"No"
70479,"No"
70480,"No"
70481,"Yes"
70482,"No"
70483,"Yes"
70484,"Yes"
70485,"Yes"
70486,"No"
70487,"Yes"
70488,"No"
70489,"No"
70490,"No"
70491,"No"
70492,"No"
70493,"No"
70494,"No"
70495,"Yes"
70496,"No"
70497,"No"
70498,"No"
70499,"No"
70500,"Yes"
70501,"No"
70502,"No"
70503,"No"
70504,"No"
70505,"No"
70506,"No"
70507,"No"
70508,"No"
70509,"No"
70510,"No"
70511,"No"
70512,"No"
70513,"No"
70514,"Yes"
70515,"No"
70516,"Yes"
70517,"Yes"
70518,"Yes"
70519,"No"
70520,"No"
70521,"No"
70522,"No"
70523,"Yes"
70524,"Yes"
70525,"No"
70526,"No"
70527,"No"
70528,"Yes"
70529,"Yes"
70530,"Yes"
70531,"No"
70532,"No"
70533,"No"
70534,"Yes"
70535,"No"
70536,"Yes"
70537,"No"
70538,"No"
70539,"Yes"
70540,"No"
70541,"Yes"
70542,"Yes"
70543,"Yes"
70544,"No"
70545,"Yes"
70546,"Yes"
70547,"No"
70548,"No"
70549,"No"
70550,"No"
70551,"Yes"
70552,"Yes"
70553,"No"
70554,"No"
70555,"No"
70556,"No"
70557,"No"
70558,"No"
70559,"No"
70560,"No"
70561,"No"
70562,"No"
70563,"Yes"
70564,"No"
70565,"No"
70566,"No"
70567,"No"
70568,"No"
70569,"No"
70570,"No"
70571,"No"
70572,"Yes"
70573,"Yes"
70574,"No"
70575,"Yes"
70576,"No"
70577,"No"
70578,"No"
70579,"No"
70580,"No"
70581,"No"
70582,"No"
70583,"No"
70584,"No"
70585,"No"
70586,"No"
70587,"No"
70588,"No"
70589,"No"
70590,"No"
70591,"No"
70592,"Yes"
70593,"No"
70594,"Yes"
70595,"Yes"
70596,"No"
70597,"Yes"
70598,"Yes"
70599,"No"
70600,"No"
70601,"Yes"
70602,"No"
70603,"No"
70604,"No"
70605,"Yes"
70606,"Yes"
70607,"Yes"
70608,"Yes"
70609,"No"
70610,"No"
70611,"Yes"
70612,"Yes"
70613,"No"
70614,"Yes"
70615,"Yes"
70616,"No"
70617,"Yes"
70618,"No"
70619,"No"
70620,"No"
70621,"Yes"
70622,"Yes"
70623,"No"
70624,"No"
70625,"Yes"
70626,"No"
70627,"No"
70628,"No"
70629,"No"
70630,"Yes"
70631,"Yes"
70632,"No"
70633,"Yes"
70634,"No"
70635,"No"
70636,"No"
70637,"No"
70638,"No"
70639,"No"
70640,"Yes"
70641,"No"
70642,"No"
70643,"No"
70644,"No"
70645,"No"
70646,"No"
70647,"Yes"
70648,"Yes"
70649,"No"
70650,"Yes"
70651,"No"
70652,"No"
70653,"No"
70654,"Yes"
70655,"Yes"
70656,"No"
70657,"Yes"
70658,"No"
70659,"Yes"
70660,"No"
70661,"Yes"
70662,"No"
70663,"No"
70664,"Yes"
70665,"No"
70666,"Yes"
70667,"Yes"
70668,"No"
70669,"No"
70670,"No"
70671,"No"
70672,"No"
70673,"Yes"
70674,"Yes"
70675,"No"
70676,"No"
70677,"No"
70678,"Yes"
70679,"No"
70680,"No"
70681,"No"
70682,"No"
70683,"Yes"
70684,"No"
70685,"No"
70686,"No"
70687,"No"
70688,"No"
70689,"No"
70690,"No"
70691,"Yes"
70692,"Yes"
70693,"No"
70694,"Yes"
70695,"No"
70696,"No"
70697,"No"
70698,"No"
70699,"No"
70700,"Yes"
70701,"Yes"
70702,"Yes"
70703,"Yes"
70704,"No"
70705,"No"
70706,"Yes"
70707,"No"
70708,"No"
70709,"Yes"
70710,"No"
70711,"No"
70712,"No"
70713,"Yes"
70714,"No"
70715,"No"
70716,"No"
70717,"Yes"
70718,"Yes"
70719,"No"
70720,"No"
70721,"Yes"
70722,"Yes"
70723,"No"
70724,"No"
70725,"No"
70726,"No"
70727,"Yes"
70728,"Yes"
70729,"Yes"
70730,"Yes"
70731,"Yes"
70732,"No"
70733,"No"
70734,"Yes"
70735,"No"
70736,"No"
70737,"No"
70738,"No"
70739,"No"
70740,"No"
70741,"Yes"
70742,"No"
70743,"No"
70744,"Yes"
70745,"No"
70746,"Yes"
70747,"No"
70748,"No"
70749,"No"
70750,"No"
70751,"No"
70752,"Yes"
70753,"No"
70754,"Yes"
70755,"No"
70756,"Yes"
70757,"No"
70758,"No"
70759,"No"
70760,"Yes"
70761,"Yes"
70762,"No"
70763,"Yes"
70764,"No"
70765,"No"
70766,"Yes"
70767,"No"
70768,"No"
70769,"Yes"
70770,"Yes"
70771,"No"
70772,"No"
70773,"No"
70774,"No"
70775,"No"
70776,"Yes"
70777,"Yes"
70778,"No"
70779,"No"
70780,"Yes"
70781,"No"
70782,"No"
70783,"No"
70784,"Yes"
70785,"No"
70786,"No"
70787,"Yes"
70788,"No"
70789,"No"
70790,"No"
70791,"No"
70792,"Yes"
70793,"Yes"
70794,"No"
70795,"Yes"
70796,"Yes"
70797,"No"
70798,"No"
70799,"Yes"
70800,"No"
70801,"No"
70802,"No"
70803,"No"
70804,"No"
70805,"No"
70806,"Yes"
70807,"No"
70808,"No"
70809,"No"
70810,"Yes"
70811,"No"
70812,"Yes"
70813,"No"
70814,"Yes"
70815,"No"
70816,"Yes"
70817,"Yes"
70818,"No"
70819,"Yes"
70820,"Yes"
70821,"No"
70822,"No"
70823,"No"
70824,"No"
70825,"No"
70826,"Yes"
70827,"No"
70828,"No"
70829,"Yes"
70830,"No"
70831,"No"
70832,"Yes"
70833,"No"
70834,"Yes"
70835,"Yes"
70836,"No"
70837,"No"
70838,"No"
70839,"Yes"
70840,"No"
70841,"No"
70842,"Yes"
70843,"No"
70844,"Yes"
70845,"No"
70846,"Yes"
70847,"Yes"
70848,"No"
70849,"Yes"
70850,"No"
70851,"Yes"
70852,"Yes"
70853,"Yes"
70854,"No"
70855,"No"
70856,"No"
70857,"No"
70858,"No"
70859,"Yes"
70860,"Yes"
70861,"Yes"
70862,"No"
70863,"No"
70864,"No"
70865,"Yes"
70866,"Yes"
70867,"Yes"
70868,"Yes"
70869,"Yes"
70870,"No"
70871,"No"
70872,"No"
70873,"No"
70874,"No"
70875,"No"
70876,"No"
70877,"Yes"
70878,"No"
70879,"No"
70880,"No"
70881,"No"
70882,"No"
70883,"Yes"
70884,"Yes"
70885,"Yes"
70886,"No"
70887,"No"
70888,"Yes"
70889,"Yes"
70890,"No"
70891,"Yes"
70892,"No"
70893,"No"
70894,"Yes"
70895,"No"
70896,"No"
70897,"Yes"
70898,"Yes"
70899,"No"
70900,"No"
70901,"No"
70902,"No"
70903,"No"
70904,"No"
70905,"Yes"
70906,"No"
70907,"No"
70908,"Yes"
70909,"No"
70910,"Yes"
70911,"No"
70912,"No"
70913,"No"
70914,"No"
70915,"No"
70916,"Yes"
70917,"Yes"
70918,"No"
70919,"No"
70920,"No"
70921,"No"
70922,"Yes"
70923,"No"
70924,"Yes"
70925,"Yes"
70926,"No"
70927,"Yes"
70928,"No"
70929,"No"
70930,"No"
70931,"No"
70932,"No"
70933,"No"
70934,"No"
70935,"Yes"
70936,"No"
70937,"Yes"
70938,"No"
70939,"No"
70940,"No"
70941,"Yes"
70942,"No"
70943,"No"
70944,"No"
70945,"No"
70946,"Yes"
70947,"Yes"
70948,"No"
70949,"No"
70950,"No"
70951,"No"
70952,"No"
70953,"No"
70954,"No"
70955,"Yes"
70956,"Yes"
70957,"No"
70958,"No"
70959,"Yes"
70960,"No"
70961,"No"
70962,"No"
70963,"No"
70964,"Yes"
70965,"Yes"
70966,"No"
70967,"No"
70968,"Yes"
70969,"Yes"
70970,"No"
70971,"No"
70972,"Yes"
70973,"No"
70974,"Yes"
70975,"No"
70976,"No"
70977,"Yes"
70978,"Yes"
70979,"Yes"
70980,"No"
70981,"Yes"
70982,"No"
70983,"Yes"
70984,"Yes"
70985,"No"
70986,"Yes"
70987,"No"
70988,"No"
70989,"No"
70990,"No"
70991,"No"
70992,"No"
70993,"Yes"
70994,"No"
70995,"No"
70996,"Yes"
70997,"Yes"
70998,"Yes"
70999,"Yes"
71000,"Yes"
71001,"No"
71002,"No"
71003,"No"
71004,"Yes"
71005,"No"
71006,"No"
71007,"No"
71008,"No"
71009,"No"
71010,"No"
71011,"No"
71012,"No"
71013,"Yes"
71014,"Yes"
71015,"Yes"
71016,"No"
71017,"Yes"
71018,"Yes"
71019,"No"
71020,"Yes"
71021,"Yes"
71022,"No"
71023,"No"
71024,"Yes"
71025,"Yes"
71026,"No"
71027,"No"
71028,"No"
71029,"No"
71030,"No"
71031,"Yes"
71032,"No"
71033,"Yes"
71034,"No"
71035,"No"
71036,"No"
71037,"No"
71038,"No"
71039,"No"
71040,"No"
71041,"Yes"
71042,"Yes"
71043,"Yes"
71044,"No"
71045,"No"
71046,"No"
71047,"No"
71048,"Yes"
71049,"No"
71050,"No"
71051,"No"
71052,"No"
71053,"No"
71054,"No"
71055,"Yes"
71056,"No"
71057,"No"
71058,"No"
71059,"Yes"
71060,"No"
71061,"No"
71062,"No"
71063,"No"
71064,"No"
71065,"No"
71066,"Yes"
71067,"No"
71068,"No"
71069,"No"
71070,"No"
71071,"No"
71072,"No"
71073,"No"
71074,"Yes"
71075,"Yes"
71076,"No"
71077,"No"
71078,"No"
71079,"No"
71080,"No"
71081,"No"
71082,"No"
71083,"No"
71084,"Yes"
71085,"No"
71086,"Yes"
71087,"No"
71088,"No"
71089,"No"
71090,"Yes"
71091,"No"
71092,"Yes"
71093,"Yes"
71094,"No"
71095,"Yes"
71096,"No"
71097,"Yes"
71098,"No"
71099,"No"
71100,"No"
71101,"No"
71102,"No"
71103,"Yes"
71104,"No"
71105,"No"
71106,"Yes"
71107,"No"
71108,"No"
71109,"No"
71110,"Yes"
71111,"Yes"
71112,"No"
71113,"Yes"
71114,"Yes"
71115,"Yes"
71116,"No"
71117,"No"
71118,"No"
71119,"No"
71120,"No"
71121,"No"
71122,"No"
71123,"Yes"
71124,"No"
71125,"No"
71126,"Yes"
71127,"No"
71128,"No"
71129,"No"
71130,"Yes"
71131,"Yes"
71132,"No"
71133,"No"
71134,"No"
71135,"No"
71136,"No"
71137,"No"
71138,"No"
71139,"Yes"
71140,"No"
71141,"No"
71142,"Yes"
71143,"Yes"
71144,"Yes"
71145,"No"
71146,"No"
71147,"No"
71148,"No"
71149,"No"
71150,"No"
71151,"No"
71152,"No"
71153,"No"
71154,"No"
71155,"No"
71156,"No"
71157,"No"
71158,"Yes"
71159,"No"
71160,"No"
71161,"Yes"
71162,"No"
71163,"No"
71164,"No"
71165,"No"
71166,"No"
71167,"No"
71168,"No"
71169,"No"
71170,"No"
71171,"No"
71172,"No"
71173,"Yes"
71174,"Yes"
71175,"Yes"
71176,"No"
71177,"No"
71178,"Yes"
71179,"Yes"
71180,"No"
71181,"Yes"
71182,"Yes"
71183,"No"
71184,"No"
71185,"No"
71186,"No"
71187,"Yes"
71188,"Yes"
71189,"No"
71190,"Yes"
71191,"No"
71192,"No"
71193,"No"
71194,"No"
71195,"No"
71196,"Yes"
71197,"No"
71198,"No"
71199,"Yes"
71200,"No"
71201,"Yes"
71202,"No"
71203,"No"
71204,"No"
71205,"Yes"
71206,"No"
71207,"No"
71208,"No"
71209,"No"
71210,"No"
71211,"No"
71212,"Yes"
71213,"No"
71214,"No"
71215,"No"
71216,"No"
71217,"No"
71218,"No"
71219,"No"
71220,"Yes"
71221,"Yes"
71222,"Yes"
71223,"No"
71224,"No"
71225,"Yes"
71226,"Yes"
71227,"No"
71228,"Yes"
71229,"No"
71230,"Yes"
71231,"Yes"
71232,"No"
71233,"No"
71234,"Yes"
71235,"Yes"
71236,"Yes"
71237,"No"
71238,"No"
71239,"No"
71240,"No"
71241,"Yes"
71242,"No"
71243,"No"
71244,"No"
71245,"Yes"
71246,"No"
71247,"Yes"
71248,"No"
71249,"Yes"
71250,"No"
71251,"No"
71252,"Yes"
71253,"Yes"
71254,"No"
71255,"Yes"
71256,"No"
71257,"No"
71258,"Yes"
71259,"No"
71260,"No"
71261,"Yes"
71262,"Yes"
71263,"No"
71264,"No"
71265,"No"
71266,"No"
71267,"Yes"
71268,"No"
71269,"No"
71270,"No"
71271,"Yes"
71272,"No"
71273,"Yes"
71274,"Yes"
71275,"Yes"
71276,"No"
71277,"Yes"
71278,"No"
71279,"Yes"
71280,"No"
71281,"No"
71282,"Yes"
71283,"No"
71284,"Yes"
71285,"No"
71286,"No"
71287,"No"
71288,"No"
71289,"No"
71290,"No"
71291,"No"
71292,"No"
71293,"No"
71294,"No"
71295,"Yes"
71296,"Yes"
71297,"No"
71298,"No"
71299,"No"
71300,"No"
71301,"Yes"
71302,"Yes"
71303,"No"
71304,"No"
71305,"No"
71306,"No"
71307,"No"
71308,"Yes"
71309,"No"
71310,"No"
71311,"No"
71312,"No"
71313,"Yes"
71314,"No"
71315,"No"
71316,"No"
71317,"Yes"
71318,"No"
71319,"Yes"
71320,"Yes"
71321,"No"
71322,"No"
71323,"No"
71324,"No"
71325,"No"
71326,"No"
71327,"No"
71328,"Yes"
71329,"No"
71330,"Yes"
71331,"Yes"
71332,"No"
71333,"No"
71334,"No"
71335,"No"
71336,"No"
71337,"Yes"
71338,"No"
71339,"No"
71340,"No"
71341,"No"
71342,"No"
71343,"No"
71344,"Yes"
71345,"Yes"
71346,"No"
71347,"Yes"
71348,"No"
71349,"No"
71350,"Yes"
71351,"No"
71352,"No"
71353,"Yes"
71354,"No"
71355,"Yes"
71356,"No"
71357,"Yes"
71358,"No"
71359,"Yes"
71360,"No"
71361,"No"
71362,"No"
71363,"Yes"
71364,"No"
71365,"Yes"
71366,"No"
71367,"Yes"
71368,"No"
71369,"No"
71370,"Yes"
71371,"No"
71372,"Yes"
71373,"No"
71374,"No"
71375,"No"
71376,"No"
71377,"No"
71378,"No"
71379,"No"
71380,"Yes"
71381,"No"
71382,"No"
71383,"No"
71384,"No"
71385,"No"
71386,"Yes"
71387,"Yes"
71388,"Yes"
71389,"Yes"
71390,"No"
71391,"No"
71392,"No"
71393,"No"
71394,"Yes"
71395,"No"
71396,"No"
71397,"Yes"
71398,"No"
71399,"Yes"
71400,"Yes"
71401,"No"
71402,"No"
71403,"No"
71404,"No"
71405,"No"
71406,"No"
71407,"No"
71408,"No"
71409,"Yes"
71410,"Yes"
71411,"No"
71412,"Yes"
71413,"Yes"
71414,"No"
71415,"Yes"
71416,"No"
71417,"Yes"
71418,"No"
71419,"No"
71420,"Yes"
71421,"No"
71422,"No"
71423,"No"
71424,"No"
71425,"No"
71426,"No"
71427,"No"
71428,"No"
71429,"No"
71430,"No"
71431,"No"
71432,"No"
71433,"No"
71434,"No"
71435,"No"
71436,"No"
71437,"No"
71438,"No"
71439,"No"
71440,"No"
71441,"Yes"
71442,"No"
71443,"Yes"
71444,"No"
71445,"Yes"
71446,"No"
71447,"No"
71448,"No"
71449,"No"
71450,"No"
71451,"Yes"
71452,"No"
71453,"No"
71454,"No"
71455,"No"
71456,"No"
71457,"No"
71458,"No"
71459,"Yes"
71460,"No"
71461,"No"
71462,"Yes"
71463,"Yes"
71464,"No"
71465,"No"
71466,"No"
71467,"Yes"
71468,"Yes"
71469,"No"
71470,"No"
71471,"No"
71472,"No"
71473,"Yes"
71474,"Yes"
71475,"No"
71476,"Yes"
71477,"No"
71478,"Yes"
71479,"Yes"
71480,"No"
71481,"No"
71482,"Yes"
71483,"Yes"
71484,"No"
71485,"Yes"
71486,"No"
71487,"No"
71488,"Yes"
71489,"No"
71490,"No"
71491,"No"
71492,"No"
71493,"No"
71494,"No"
71495,"No"
71496,"No"
71497,"No"
71498,"Yes"
71499,"No"
71500,"No"
71501,"Yes"
71502,"Yes"
71503,"No"
71504,"No"
71505,"No"
71506,"No"
71507,"No"
71508,"Yes"
71509,"No"
71510,"Yes"
71511,"No"
71512,"No"
71513,"Yes"
71514,"Yes"
71515,"Yes"
71516,"No"
71517,"Yes"
71518,"No"
71519,"No"
71520,"Yes"
71521,"No"
71522,"No"
71523,"No"
71524,"No"
71525,"No"
71526,"No"
71527,"No"
71528,"No"
71529,"No"
71530,"No"
71531,"Yes"
71532,"No"
71533,"Yes"
71534,"No"
71535,"No"
71536,"No"
71537,"Yes"
71538,"No"
71539,"No"
71540,"No"
71541,"Yes"
71542,"No"
71543,"No"
71544,"No"
71545,"No"
71546,"No"
71547,"Yes"
71548,"Yes"
71549,"No"
71550,"Yes"
71551,"Yes"
71552,"Yes"
71553,"Yes"
71554,"Yes"
71555,"No"
71556,"No"
71557,"No"
71558,"No"
71559,"Yes"
71560,"No"
71561,"Yes"
71562,"No"
71563,"No"
71564,"No"
71565,"No"
71566,"Yes"
71567,"No"
71568,"No"
71569,"Yes"
71570,"No"
71571,"No"
71572,"Yes"
71573,"Yes"
71574,"No"
71575,"Yes"
71576,"No"
71577,"No"
71578,"No"
71579,"Yes"
71580,"No"
71581,"Yes"
71582,"No"
71583,"Yes"
71584,"No"
71585,"No"
71586,"No"
71587,"Yes"
71588,"No"
71589,"Yes"
71590,"Yes"
71591,"Yes"
71592,"No"
71593,"No"
71594,"No"
71595,"No"
71596,"No"
71597,"Yes"
71598,"No"
71599,"No"
71600,"No"
71601,"No"
71602,"Yes"
71603,"No"
71604,"Yes"
71605,"Yes"
71606,"No"
71607,"No"
71608,"No"
71609,"No"
71610,"No"
71611,"No"
71612,"No"
71613,"Yes"
71614,"No"
71615,"No"
71616,"No"
71617,"No"
71618,"Yes"
71619,"No"
71620,"No"
71621,"No"
71622,"Yes"
71623,"No"
71624,"Yes"
71625,"Yes"
71626,"No"
71627,"No"
71628,"No"
71629,"No"
71630,"No"
71631,"Yes"
71632,"Yes"
71633,"No"
71634,"Yes"
71635,"No"
71636,"No"
71637,"No"
71638,"No"
71639,"No"
71640,"No"
71641,"Yes"
71642,"No"
71643,"No"
71644,"No"
71645,"No"
71646,"No"
71647,"No"
71648,"Yes"
71649,"No"
71650,"No"
71651,"No"
71652,"Yes"
71653,"No"
71654,"No"
71655,"No"
71656,"No"
71657,"No"
71658,"Yes"
71659,"No"
71660,"No"
71661,"No"
71662,"No"
71663,"No"
71664,"No"
71665,"No"
71666,"Yes"
71667,"No"
71668,"No"
71669,"No"
71670,"No"
71671,"No"
71672,"Yes"
71673,"Yes"
71674,"No"
71675,"Yes"
71676,"Yes"
71677,"No"
71678,"Yes"
71679,"No"
71680,"No"
71681,"No"
71682,"No"
71683,"Yes"
71684,"No"
71685,"No"
71686,"No"
71687,"Yes"
71688,"No"
71689,"No"
71690,"Yes"
71691,"No"
71692,"No"
71693,"No"
71694,"Yes"
71695,"No"
71696,"No"
71697,"No"
71698,"Yes"
71699,"No"
71700,"Yes"
71701,"No"
71702,"No"
71703,"Yes"
71704,"No"
71705,"No"
71706,"No"
71707,"No"
71708,"Yes"
71709,"No"
71710,"No"
71711,"Yes"
71712,"Yes"
71713,"No"
71714,"No"
71715,"No"
71716,"Yes"
71717,"No"
71718,"No"
71719,"No"
71720,"Yes"
71721,"Yes"
71722,"No"
71723,"No"
71724,"No"
71725,"No"
71726,"No"
71727,"No"
71728,"No"
71729,"Yes"
71730,"No"
71731,"No"
71732,"No"
71733,"Yes"
71734,"No"
71735,"No"
71736,"No"
71737,"Yes"
71738,"No"
71739,"Yes"
71740,"Yes"
71741,"No"
71742,"No"
71743,"Yes"
71744,"No"
71745,"No"
71746,"Yes"
71747,"No"
71748,"No"
71749,"Yes"
71750,"Yes"
71751,"No"
71752,"No"
71753,"No"
71754,"No"
71755,"No"
71756,"No"
71757,"No"
71758,"No"
71759,"Yes"
71760,"No"
71761,"No"
71762,"Yes"
71763,"No"
71764,"No"
71765,"Yes"
71766,"Yes"
71767,"Yes"
71768,"Yes"
71769,"Yes"
71770,"No"
71771,"Yes"
71772,"No"
71773,"No"
71774,"Yes"
71775,"No"
71776,"No"
71777,"Yes"
71778,"No"
71779,"No"
71780,"No"
71781,"Yes"
71782,"No"
71783,"No"
71784,"No"
71785,"No"
71786,"Yes"
71787,"No"
71788,"Yes"
71789,"Yes"
71790,"No"
71791,"No"
71792,"No"
71793,"Yes"
71794,"Yes"
71795,"No"
71796,"No"
71797,"No"
71798,"No"
71799,"Yes"
71800,"No"
71801,"Yes"
71802,"Yes"
71803,"No"
71804,"No"
71805,"No"
71806,"Yes"
71807,"No"
71808,"Yes"
71809,"No"
71810,"No"
71811,"No"
71812,"No"
71813,"No"
71814,"Yes"
71815,"No"
71816,"No"
71817,"No"
71818,"No"
71819,"No"
71820,"No"
71821,"Yes"
71822,"Yes"
71823,"No"
71824,"No"
71825,"No"
71826,"No"
71827,"No"
71828,"No"
71829,"No"
71830,"Yes"
71831,"No"
71832,"No"
71833,"No"
71834,"Yes"
71835,"Yes"
71836,"No"
71837,"No"
71838,"Yes"
71839,"Yes"
71840,"No"
71841,"No"
71842,"No"
71843,"No"
71844,"Yes"
71845,"No"
71846,"No"
71847,"Yes"
71848,"Yes"
71849,"Yes"
71850,"No"
71851,"No"
71852,"Yes"
71853,"No"
71854,"No"
71855,"No"
71856,"No"
71857,"No"
71858,"Yes"
71859,"No"
71860,"No"
71861,"No"
71862,"Yes"
71863,"No"
71864,"No"
71865,"Yes"
71866,"Yes"
71867,"No"
71868,"No"
71869,"No"
71870,"No"
71871,"No"
71872,"No"
71873,"No"
71874,"No"
71875,"No"
71876,"No"
71877,"Yes"
71878,"No"
71879,"No"
71880,"No"
71881,"No"
71882,"No"
71883,"No"
71884,"No"
71885,"No"
71886,"No"
71887,"No"
71888,"No"
71889,"No"
71890,"No"
71891,"Yes"
71892,"No"
71893,"No"
71894,"No"
71895,"No"
71896,"No"
71897,"No"
71898,"No"
71899,"No"
71900,"No"
71901,"No"
71902,"Yes"
71903,"No"
71904,"Yes"
71905,"No"
71906,"No"
71907,"No"
71908,"No"
71909,"No"
71910,"Yes"
71911,"Yes"
71912,"No"
71913,"No"
71914,"No"
71915,"No"
71916,"No"
71917,"Yes"
71918,"No"
71919,"Yes"
71920,"No"
71921,"No"
71922,"No"
71923,"No"
71924,"No"
71925,"No"
71926,"No"
71927,"No"
71928,"Yes"
71929,"No"
71930,"Yes"
71931,"No"
71932,"Yes"
71933,"Yes"
71934,"No"
71935,"No"
71936,"No"
71937,"No"
71938,"No"
71939,"No"
71940,"No"
71941,"No"
71942,"No"
71943,"No"
71944,"Yes"
71945,"No"
71946,"Yes"
71947,"Yes"
71948,"No"
71949,"No"
71950,"Yes"
71951,"No"
71952,"Yes"
71953,"No"
71954,"No"
71955,"No"
71956,"No"
71957,"No"
71958,"No"
71959,"Yes"
71960,"No"
71961,"No"
71962,"Yes"
71963,"No"
71964,"No"
71965,"Yes"
71966,"Yes"
71967,"No"
71968,"Yes"
71969,"No"
71970,"No"
71971,"Yes"
71972,"No"
71973,"No"
71974,"Yes"
71975,"No"
71976,"No"
71977,"No"
71978,"Yes"
71979,"No"
71980,"No"
71981,"Yes"
71982,"Yes"
71983,"No"
71984,"No"
71985,"Yes"
71986,"Yes"
71987,"No"
71988,"Yes"
71989,"No"
71990,"Yes"
71991,"No"
71992,"No"
71993,"No"
71994,"Yes"
71995,"No"
71996,"No"
71997,"No"
71998,"No"
71999,"Yes"
72000,"No"
72001,"No"
72002,"Yes"
72003,"Yes"
72004,"Yes"
72005,"No"
72006,"No"
72007,"No"
72008,"No"
72009,"Yes"
72010,"Yes"
72011,"Yes"
72012,"No"
72013,"No"
72014,"Yes"
72015,"Yes"
72016,"No"
72017,"No"
72018,"No"
72019,"Yes"
72020,"Yes"
72021,"No"
72022,"Yes"
72023,"No"
72024,"No"
72025,"Yes"
72026,"No"
72027,"No"
72028,"No"
72029,"No"
72030,"No"
72031,"Yes"
72032,"No"
72033,"No"
72034,"No"
72035,"No"
72036,"No"
72037,"No"
72038,"No"
72039,"No"
72040,"Yes"
72041,"Yes"
72042,"No"
72043,"No"
72044,"Yes"
72045,"No"
72046,"Yes"
72047,"Yes"
72048,"No"
72049,"Yes"
72050,"Yes"
72051,"No"
72052,"No"
72053,"No"
72054,"No"
72055,"Yes"
72056,"Yes"
72057,"No"
72058,"No"
72059,"No"
72060,"No"
72061,"Yes"
72062,"No"
72063,"Yes"
72064,"Yes"
72065,"Yes"
72066,"Yes"
72067,"No"
72068,"No"
72069,"Yes"
72070,"No"
72071,"No"
72072,"No"
72073,"No"
72074,"No"
72075,"No"
72076,"No"
72077,"Yes"
72078,"Yes"
72079,"No"
72080,"No"
72081,"Yes"
72082,"No"
72083,"No"
72084,"No"
72085,"No"
72086,"Yes"
72087,"No"
72088,"Yes"
72089,"No"
72090,"No"
72091,"Yes"
72092,"No"
72093,"No"
72094,"No"
72095,"No"
72096,"No"
72097,"No"
72098,"No"
72099,"No"
72100,"No"
72101,"No"
72102,"No"
72103,"No"
72104,"No"
72105,"Yes"
72106,"No"
72107,"No"
72108,"No"
72109,"No"
72110,"No"
72111,"No"
72112,"No"
72113,"Yes"
72114,"No"
72115,"No"
72116,"No"
72117,"Yes"
72118,"No"
72119,"No"
72120,"No"
72121,"No"
72122,"No"
72123,"No"
72124,"No"
72125,"No"
72126,"Yes"
72127,"Yes"
72128,"Yes"
72129,"No"
72130,"No"
72131,"No"
72132,"No"
72133,"Yes"
72134,"Yes"
72135,"No"
72136,"No"
72137,"Yes"
72138,"No"
72139,"No"
72140,"No"
72141,"Yes"
72142,"No"
72143,"Yes"
72144,"Yes"
72145,"Yes"
72146,"Yes"
72147,"Yes"
72148,"No"
72149,"No"
72150,"No"
72151,"Yes"
72152,"No"
72153,"Yes"
72154,"No"
72155,"Yes"
72156,"Yes"
72157,"Yes"
72158,"No"
72159,"No"
72160,"Yes"
72161,"No"
72162,"No"
72163,"No"
72164,"No"
72165,"No"
72166,"Yes"
72167,"No"
72168,"Yes"
72169,"No"
72170,"Yes"
72171,"No"
72172,"No"
72173,"No"
72174,"Yes"
72175,"Yes"
72176,"No"
72177,"No"
72178,"No"
72179,"No"
72180,"No"
72181,"No"
72182,"Yes"
72183,"No"
72184,"Yes"
72185,"Yes"
72186,"Yes"
72187,"No"
72188,"No"
72189,"No"
72190,"Yes"
72191,"No"
72192,"Yes"
72193,"No"
72194,"Yes"
72195,"Yes"
72196,"No"
72197,"Yes"
72198,"No"
72199,"No"
72200,"Yes"
72201,"No"
72202,"Yes"
72203,"Yes"
72204,"No"
72205,"No"
72206,"Yes"
72207,"No"
72208,"Yes"
72209,"No"
72210,"No"
72211,"Yes"
72212,"No"
72213,"Yes"
72214,"No"
72215,"No"
72216,"Yes"
72217,"No"
72218,"No"
72219,"Yes"
72220,"No"
72221,"No"
72222,"No"
72223,"No"
72224,"No"
72225,"No"
72226,"Yes"
72227,"No"
72228,"Yes"
72229,"No"
72230,"No"
72231,"Yes"
72232,"No"
72233,"No"
72234,"Yes"
72235,"No"
72236,"No"
72237,"No"
72238,"Yes"
72239,"No"
72240,"No"
72241,"Yes"
72242,"No"
72243,"Yes"
72244,"No"
72245,"No"
72246,"Yes"
72247,"No"
72248,"No"
72249,"Yes"
72250,"No"
72251,"Yes"
72252,"Yes"
72253,"Yes"
72254,"Yes"
72255,"Yes"
72256,"Yes"
72257,"Yes"
72258,"Yes"
72259,"No"
72260,"No"
72261,"Yes"
72262,"No"
72263,"No"
72264,"Yes"
72265,"Yes"
72266,"No"
72267,"No"
72268,"No"
72269,"No"
72270,"No"
72271,"No"
72272,"No"
72273,"No"
72274,"No"
72275,"No"
72276,"Yes"
72277,"Yes"
72278,"Yes"
72279,"No"
72280,"No"
72281,"No"
72282,"No"
72283,"No"
72284,"Yes"
72285,"No"
72286,"No"
72287,"Yes"
72288,"Yes"
72289,"Yes"
72290,"Yes"
72291,"Yes"
72292,"No"
72293,"Yes"
72294,"No"
72295,"No"
72296,"Yes"
72297,"No"
72298,"No"
72299,"No"
72300,"Yes"
72301,"No"
72302,"No"
72303,"No"
72304,"Yes"
72305,"Yes"
72306,"Yes"
72307,"No"
72308,"No"
72309,"No"
72310,"No"
72311,"No"
72312,"Yes"
72313,"Yes"
72314,"No"
72315,"No"
72316,"Yes"
72317,"No"
72318,"No"
72319,"No"
72320,"No"
72321,"No"
72322,"Yes"
72323,"Yes"
72324,"Yes"
72325,"No"
72326,"No"
72327,"No"
72328,"No"
72329,"No"
72330,"No"
72331,"No"
72332,"No"
72333,"No"
72334,"No"
72335,"No"
72336,"Yes"
72337,"No"
72338,"Yes"
72339,"No"
72340,"No"
72341,"No"
72342,"No"
72343,"Yes"
72344,"Yes"
72345,"Yes"
72346,"Yes"
72347,"No"
72348,"No"
72349,"No"
72350,"No"
72351,"No"
72352,"No"
72353,"Yes"
72354,"No"
72355,"Yes"
72356,"Yes"
72357,"No"
72358,"No"
72359,"Yes"
72360,"No"
72361,"No"
72362,"No"
72363,"No"
72364,"No"
72365,"Yes"
72366,"No"
72367,"No"
72368,"Yes"
72369,"No"
72370,"No"
72371,"Yes"
72372,"No"
72373,"Yes"
72374,"No"
72375,"Yes"
72376,"Yes"
72377,"No"
72378,"Yes"
72379,"Yes"
72380,"Yes"
72381,"No"
72382,"No"
72383,"Yes"
72384,"Yes"
72385,"No"
72386,"No"
72387,"Yes"
72388,"Yes"
72389,"No"
72390,"Yes"
72391,"No"
72392,"No"
72393,"Yes"
72394,"No"
72395,"Yes"
72396,"No"
72397,"No"
72398,"No"
72399,"Yes"
72400,"No"
72401,"No"
72402,"No"
72403,"No"
72404,"No"
72405,"No"
72406,"No"
72407,"No"
72408,"Yes"
72409,"Yes"
72410,"No"
72411,"No"
72412,"No"
72413,"No"
72414,"No"
72415,"No"
72416,"No"
72417,"No"
72418,"No"
72419,"No"
72420,"No"
72421,"Yes"
72422,"Yes"
72423,"No"
72424,"No"
72425,"No"
72426,"No"
72427,"No"
72428,"Yes"
72429,"No"
72430,"No"
72431,"Yes"
72432,"Yes"
72433,"Yes"
72434,"No"
72435,"No"
72436,"No"
72437,"No"
72438,"No"
72439,"No"
72440,"No"
72441,"No"
72442,"Yes"
72443,"Yes"
72444,"No"
72445,"No"
72446,"Yes"
72447,"Yes"
72448,"No"
72449,"Yes"
72450,"Yes"
72451,"No"
72452,"No"
72453,"No"
72454,"Yes"
72455,"No"
72456,"No"
72457,"No"
72458,"No"
72459,"No"
72460,"No"
72461,"No"
72462,"No"
72463,"No"
72464,"No"
72465,"No"
72466,"No"
72467,"Yes"
72468,"No"
72469,"No"
72470,"Yes"
72471,"No"
72472,"No"
72473,"Yes"
72474,"No"
72475,"No"
72476,"Yes"
72477,"No"
72478,"No"
72479,"No"
72480,"Yes"
72481,"No"
72482,"No"
72483,"No"
72484,"No"
72485,"No"
72486,"No"
72487,"No"
72488,"No"
72489,"No"
72490,"No"
72491,"Yes"
72492,"No"
72493,"No"
72494,"Yes"
72495,"No"
72496,"No"
72497,"No"
72498,"No"
72499,"No"
72500,"Yes"
72501,"Yes"
72502,"No"
72503,"No"
72504,"No"
72505,"Yes"
72506,"Yes"
72507,"No"
72508,"No"
72509,"No"
72510,"No"
72511,"No"
72512,"Yes"
72513,"No"
72514,"Yes"
72515,"No"
72516,"Yes"
72517,"Yes"
72518,"No"
72519,"No"
72520,"No"
72521,"No"
72522,"No"
72523,"Yes"
72524,"No"
72525,"No"
72526,"No"
72527,"No"
72528,"Yes"
72529,"No"
72530,"No"
72531,"Yes"
72532,"No"
72533,"No"
72534,"No"
72535,"No"
72536,"No"
72537,"No"
72538,"No"
72539,"No"
72540,"No"
72541,"No"
72542,"No"
72543,"No"
72544,"No"
72545,"Yes"
72546,"No"
72547,"No"
72548,"No"
72549,"No"
72550,"Yes"
72551,"No"
72552,"No"
72553,"Yes"
72554,"Yes"
72555,"No"
72556,"Yes"
72557,"No"
72558,"No"
72559,"Yes"
72560,"No"
72561,"Yes"
72562,"Yes"
72563,"No"
72564,"No"
72565,"No"
72566,"No"
72567,"No"
72568,"No"
72569,"No"
72570,"No"
72571,"Yes"
72572,"Yes"
72573,"No"
72574,"No"
72575,"No"
72576,"No"
72577,"Yes"
72578,"No"
72579,"No"
72580,"No"
72581,"No"
72582,"No"
72583,"No"
72584,"No"
72585,"Yes"
72586,"No"
72587,"No"
72588,"No"
72589,"No"
72590,"No"
72591,"No"
72592,"Yes"
72593,"No"
72594,"No"
72595,"Yes"
72596,"Yes"
72597,"Yes"
72598,"No"
72599,"No"
72600,"No"
72601,"No"
72602,"No"
72603,"No"
72604,"No"
72605,"No"
72606,"Yes"
72607,"No"
72608,"Yes"
72609,"No"
72610,"No"
72611,"No"
72612,"No"
72613,"Yes"
72614,"No"
72615,"No"
72616,"No"
72617,"Yes"
72618,"No"
72619,"No"
72620,"No"
72621,"Yes"
72622,"Yes"
72623,"No"
72624,"Yes"
72625,"Yes"
72626,"Yes"
72627,"Yes"
72628,"No"
72629,"Yes"
72630,"Yes"
72631,"No"
72632,"No"
72633,"Yes"
72634,"No"
72635,"Yes"
72636,"No"
72637,"No"
72638,"No"
72639,"No"
72640,"No"
72641,"No"
72642,"Yes"
72643,"No"
72644,"Yes"
72645,"No"
72646,"Yes"
72647,"No"
72648,"Yes"
72649,"Yes"
72650,"No"
72651,"No"
72652,"No"
72653,"Yes"
72654,"No"
72655,"No"
72656,"Yes"
72657,"No"
72658,"No"
72659,"No"
72660,"Yes"
72661,"No"
72662,"Yes"
72663,"No"
72664,"Yes"
72665,"Yes"
72666,"No"
72667,"Yes"
72668,"No"
72669,"No"
72670,"Yes"
72671,"Yes"
72672,"No"
72673,"No"
72674,"No"
72675,"No"
72676,"No"
72677,"No"
72678,"No"
72679,"No"
72680,"No"
72681,"No"
72682,"Yes"
72683,"No"
72684,"No"
72685,"No"
72686,"No"
72687,"No"
72688,"No"
72689,"Yes"
72690,"No"
72691,"No"
72692,"Yes"
72693,"No"
72694,"No"
72695,"No"
72696,"No"
72697,"No"
72698,"Yes"
72699,"No"
72700,"No"
72701,"No"
72702,"No"
72703,"Yes"
72704,"Yes"
72705,"No"
72706,"No"
72707,"No"
72708,"No"
72709,"Yes"
72710,"No"
72711,"No"
72712,"Yes"
72713,"Yes"
72714,"No"
72715,"No"
72716,"No"
72717,"No"
72718,"No"
72719,"Yes"
72720,"No"
72721,"No"
72722,"No"
72723,"No"
72724,"No"
72725,"Yes"
72726,"No"
72727,"No"
72728,"No"
72729,"Yes"
72730,"Yes"
72731,"No"
72732,"No"
72733,"No"
72734,"No"
72735,"Yes"
72736,"No"
72737,"No"
72738,"No"
72739,"Yes"
72740,"No"
72741,"No"
72742,"No"
72743,"No"
72744,"No"
72745,"Yes"
72746,"No"
72747,"No"
72748,"No"
72749,"No"
72750,"No"
72751,"Yes"
72752,"Yes"
72753,"Yes"
72754,"No"
72755,"No"
72756,"No"
72757,"No"
72758,"No"
72759,"No"
72760,"Yes"
72761,"No"
72762,"No"
72763,"Yes"
72764,"No"
72765,"No"
72766,"No"
72767,"No"
72768,"No"
72769,"Yes"
72770,"No"
72771,"No"
72772,"No"
72773,"Yes"
72774,"No"
72775,"No"
72776,"No"
72777,"Yes"
72778,"No"
72779,"No"
72780,"No"
72781,"No"
72782,"Yes"
72783,"No"
72784,"Yes"
72785,"No"
72786,"Yes"
72787,"No"
72788,"No"
72789,"Yes"
72790,"No"
72791,"No"
72792,"No"
72793,"Yes"
72794,"No"
72795,"Yes"
72796,"No"
72797,"No"
72798,"No"
72799,"No"
72800,"No"
72801,"Yes"
72802,"Yes"
72803,"Yes"
72804,"No"
72805,"No"
72806,"Yes"
72807,"Yes"
72808,"No"
72809,"No"
72810,"Yes"
72811,"No"
72812,"No"
72813,"No"
72814,"No"
72815,"Yes"
72816,"Yes"
72817,"Yes"
72818,"No"
72819,"No"
72820,"Yes"
72821,"No"
72822,"No"
72823,"No"
72824,"No"
72825,"Yes"
72826,"Yes"
72827,"No"
72828,"No"
72829,"No"
72830,"Yes"
72831,"Yes"
72832,"Yes"
72833,"No"
72834,"No"
72835,"No"
72836,"No"
72837,"No"
72838,"No"
72839,"No"
72840,"No"
72841,"Yes"
72842,"No"
72843,"No"
72844,"No"
72845,"No"
72846,"Yes"
72847,"Yes"
72848,"No"
72849,"Yes"
72850,"No"
72851,"No"
72852,"No"
72853,"No"
72854,"No"
72855,"No"
72856,"No"
72857,"No"
72858,"No"
72859,"No"
72860,"No"
72861,"No"
72862,"Yes"
72863,"No"
72864,"No"
72865,"No"
72866,"No"
72867,"Yes"
72868,"Yes"
72869,"Yes"
72870,"Yes"
72871,"No"
72872,"Yes"
72873,"Yes"
72874,"No"
72875,"Yes"
72876,"Yes"
72877,"No"
72878,"No"
72879,"Yes"
72880,"No"
72881,"Yes"
72882,"Yes"
72883,"No"
72884,"No"
72885,"Yes"
72886,"No"
72887,"No"
72888,"No"
72889,"No"
72890,"Yes"
72891,"Yes"
72892,"No"
72893,"No"
72894,"No"
72895,"No"
72896,"No"
72897,"No"
72898,"No"
72899,"No"
72900,"Yes"
72901,"Yes"
72902,"No"
72903,"No"
72904,"No"
72905,"No"
72906,"No"
72907,"Yes"
72908,"No"
72909,"No"
72910,"Yes"
72911,"No"
72912,"Yes"
72913,"No"
72914,"No"
72915,"Yes"
72916,"No"
72917,"Yes"
72918,"No"
72919,"No"
72920,"No"
72921,"Yes"
72922,"No"
72923,"Yes"
72924,"No"
72925,"No"
72926,"Yes"
72927,"No"
72928,"No"
72929,"Yes"
72930,"Yes"
72931,"No"
72932,"No"
72933,"No"
72934,"Yes"
72935,"No"
72936,"No"
72937,"Yes"
72938,"No"
72939,"No"
72940,"No"
72941,"Yes"
72942,"No"
72943,"No"
72944,"No"
72945,"Yes"
72946,"Yes"
72947,"No"
72948,"No"
72949,"No"
72950,"Yes"
72951,"Yes"
72952,"No"
72953,"No"
72954,"Yes"
72955,"No"
72956,"No"
72957,"No"
72958,"No"
72959,"No"
72960,"Yes"
72961,"No"
72962,"Yes"
72963,"Yes"
72964,"No"
72965,"No"
72966,"No"
72967,"Yes"
72968,"Yes"
72969,"Yes"
72970,"Yes"
72971,"No"
72972,"Yes"
72973,"Yes"
72974,"Yes"
72975,"No"
72976,"No"
72977,"Yes"
72978,"Yes"
72979,"Yes"
72980,"Yes"
72981,"No"
72982,"No"
72983,"No"
72984,"Yes"
72985,"No"
72986,"Yes"
72987,"Yes"
72988,"No"
72989,"No"
72990,"No"
72991,"Yes"
72992,"No"
72993,"No"
72994,"No"
72995,"No"
72996,"No"
72997,"No"
72998,"Yes"
72999,"Yes"
73000,"No"
73001,"No"
73002,"No"
73003,"Yes"
73004,"No"
73005,"No"
73006,"No"
73007,"No"
73008,"No"
73009,"Yes"
73010,"No"
73011,"No"
73012,"Yes"
73013,"No"
73014,"No"
73015,"No"
73016,"No"
73017,"No"
73018,"No"
73019,"No"
73020,"Yes"
73021,"No"
73022,"No"
73023,"No"
73024,"Yes"
73025,"No"
73026,"No"
73027,"Yes"
73028,"No"
73029,"No"
73030,"Yes"
73031,"No"
73032,"No"
73033,"Yes"
73034,"No"
73035,"No"
73036,"No"
73037,"No"
73038,"No"
73039,"No"
73040,"No"
73041,"Yes"
73042,"No"
73043,"Yes"
73044,"Yes"
73045,"No"
73046,"Yes"
73047,"Yes"
73048,"No"
73049,"No"
73050,"No"
73051,"No"
73052,"Yes"
73053,"No"
73054,"No"
73055,"No"
73056,"No"
73057,"No"
73058,"No"
73059,"No"
73060,"Yes"
73061,"Yes"
73062,"No"
73063,"No"
73064,"No"
73065,"No"
73066,"No"
73067,"No"
73068,"Yes"
73069,"Yes"
73070,"No"
73071,"Yes"
73072,"No"
73073,"No"
73074,"No"
73075,"Yes"
73076,"Yes"
73077,"No"
73078,"No"
73079,"No"
73080,"Yes"
73081,"No"
73082,"Yes"
73083,"No"
73084,"Yes"
73085,"No"
73086,"No"
73087,"No"
73088,"No"
73089,"No"
73090,"No"
73091,"No"
73092,"Yes"
73093,"Yes"
73094,"No"
73095,"No"
73096,"Yes"
73097,"Yes"
73098,"No"
73099,"No"
73100,"No"
73101,"No"
73102,"No"
73103,"Yes"
73104,"No"
73105,"No"
73106,"No"
73107,"Yes"
73108,"No"
73109,"No"
73110,"No"
73111,"Yes"
73112,"Yes"
73113,"Yes"
73114,"No"
73115,"Yes"
73116,"No"
73117,"Yes"
73118,"No"
73119,"Yes"
73120,"Yes"
73121,"No"
73122,"No"
73123,"No"
73124,"No"
73125,"Yes"
73126,"No"
73127,"No"
73128,"No"
73129,"Yes"
73130,"No"
73131,"Yes"
73132,"No"
73133,"Yes"
73134,"Yes"
73135,"No"
73136,"No"
73137,"No"
73138,"No"
73139,"Yes"
73140,"No"
73141,"No"
73142,"No"
73143,"Yes"
73144,"No"
73145,"No"
73146,"Yes"
73147,"No"
73148,"Yes"
73149,"No"
73150,"No"
73151,"Yes"
73152,"No"
73153,"No"
73154,"No"
73155,"No"
73156,"No"
73157,"No"
73158,"Yes"
73159,"No"
73160,"No"
73161,"Yes"
73162,"No"
73163,"No"
73164,"Yes"
73165,"No"
73166,"No"
73167,"No"
73168,"No"
73169,"No"
73170,"Yes"
73171,"Yes"
73172,"No"
73173,"No"
73174,"Yes"
73175,"Yes"
73176,"No"
73177,"No"
73178,"No"
73179,"No"
73180,"No"
73181,"No"
73182,"No"
73183,"No"
73184,"No"
73185,"Yes"
73186,"Yes"
73187,"No"
73188,"No"
73189,"No"
73190,"No"
73191,"No"
73192,"No"
73193,"No"
73194,"Yes"
73195,"Yes"
73196,"Yes"
73197,"No"
73198,"No"
73199,"No"
73200,"No"
73201,"Yes"
73202,"No"
73203,"No"
73204,"No"
73205,"Yes"
73206,"No"
73207,"No"
73208,"No"
73209,"Yes"
73210,"Yes"
73211,"Yes"
73212,"No"
73213,"Yes"
73214,"No"
73215,"Yes"
73216,"No"
73217,"No"
73218,"Yes"
73219,"No"
73220,"No"
73221,"No"
73222,"No"
73223,"No"
73224,"Yes"
73225,"No"
73226,"Yes"
73227,"Yes"
73228,"Yes"
73229,"No"
73230,"No"
73231,"Yes"
73232,"Yes"
73233,"No"
73234,"Yes"
73235,"No"
73236,"Yes"
73237,"Yes"
73238,"No"
73239,"No"
73240,"Yes"
73241,"No"
73242,"No"
73243,"No"
73244,"No"
73245,"No"
73246,"No"
73247,"No"
73248,"No"
73249,"Yes"
73250,"No"
73251,"No"
73252,"Yes"
73253,"No"
73254,"No"
73255,"Yes"
73256,"Yes"
73257,"Yes"
73258,"Yes"
73259,"No"
73260,"Yes"
73261,"No"
73262,"No"
73263,"No"
73264,"No"
73265,"Yes"
73266,"No"
73267,"No"
73268,"No"
73269,"No"
73270,"No"
73271,"No"
73272,"No"
73273,"No"
73274,"Yes"
73275,"No"
73276,"Yes"
73277,"No"
73278,"Yes"
73279,"Yes"
73280,"No"
73281,"No"
73282,"Yes"
73283,"No"
73284,"No"
73285,"Yes"
73286,"No"
73287,"No"
73288,"No"
73289,"No"
73290,"No"
73291,"No"
73292,"No"
73293,"No"
73294,"No"
73295,"No"
73296,"No"
73297,"No"
73298,"No"
73299,"No"
73300,"Yes"
73301,"No"
73302,"No"
73303,"No"
73304,"No"
73305,"No"
73306,"No"
73307,"Yes"
73308,"No"
73309,"Yes"
73310,"Yes"
73311,"No"
73312,"Yes"
73313,"No"
73314,"No"
73315,"Yes"
73316,"No"
73317,"No"
73318,"No"
73319,"Yes"
73320,"Yes"
73321,"Yes"
73322,"No"
73323,"No"
73324,"No"
73325,"No"
73326,"No"
73327,"No"
73328,"No"
73329,"No"
73330,"No"
73331,"No"
73332,"No"
73333,"No"
73334,"Yes"
73335,"No"
73336,"No"
73337,"No"
73338,"No"
73339,"No"
73340,"No"
73341,"No"
73342,"No"
73343,"Yes"
73344,"No"
73345,"No"
73346,"No"
73347,"No"
73348,"Yes"
73349,"Yes"
73350,"No"
73351,"No"
73352,"No"
73353,"Yes"
73354,"No"
73355,"No"
73356,"No"
73357,"No"
73358,"Yes"
73359,"No"
73360,"No"
73361,"No"
73362,"No"
73363,"No"
73364,"No"
73365,"No"
73366,"No"
73367,"No"
73368,"No"
73369,"No"
73370,"No"
73371,"Yes"
73372,"No"
73373,"Yes"
73374,"No"
73375,"No"
73376,"No"
73377,"No"
73378,"No"
73379,"No"
73380,"Yes"
73381,"No"
73382,"Yes"
73383,"No"
73384,"Yes"
73385,"No"
73386,"No"
73387,"No"
73388,"No"
73389,"No"
73390,"No"
73391,"No"
73392,"No"
73393,"Yes"
73394,"Yes"
73395,"No"
73396,"No"
73397,"No"
73398,"No"
73399,"No"
73400,"Yes"
73401,"No"
73402,"No"
73403,"Yes"
73404,"No"
73405,"Yes"
73406,"No"
73407,"No"
73408,"No"
73409,"No"
73410,"No"
73411,"Yes"
73412,"Yes"
73413,"No"
73414,"No"
73415,"No"
73416,"No"
73417,"Yes"
73418,"Yes"
73419,"Yes"
73420,"Yes"
73421,"No"
73422,"Yes"
73423,"No"
73424,"Yes"
73425,"No"
73426,"No"
73427,"Yes"
73428,"No"
73429,"No"
73430,"No"
73431,"No"
73432,"No"
73433,"No"
73434,"No"
73435,"No"
73436,"Yes"
73437,"Yes"
73438,"Yes"
73439,"No"
73440,"No"
73441,"Yes"
73442,"Yes"
73443,"No"
73444,"Yes"
73445,"No"
73446,"No"
73447,"Yes"
73448,"No"
73449,"Yes"
73450,"No"
73451,"No"
73452,"No"
73453,"No"
73454,"Yes"
73455,"No"
73456,"No"
73457,"No"
73458,"No"
73459,"Yes"
73460,"Yes"
73461,"Yes"
73462,"Yes"
73463,"No"
73464,"No"
73465,"No"
73466,"No"
73467,"No"
73468,"Yes"
73469,"No"
73470,"No"
73471,"No"
73472,"Yes"
73473,"No"
73474,"Yes"
73475,"No"
73476,"Yes"
73477,"No"
73478,"No"
73479,"No"
73480,"Yes"
73481,"Yes"
73482,"No"
73483,"No"
73484,"Yes"
73485,"Yes"
73486,"Yes"
73487,"No"
73488,"Yes"
73489,"Yes"
73490,"Yes"
73491,"No"
73492,"Yes"
73493,"Yes"
73494,"No"
73495,"No"
73496,"No"
73497,"No"
73498,"Yes"
73499,"No"
73500,"No"
73501,"No"
73502,"No"
73503,"Yes"
73504,"Yes"
73505,"No"
73506,"No"
73507,"Yes"
73508,"Yes"
73509,"Yes"
73510,"No"
73511,"No"
73512,"Yes"
73513,"No"
73514,"No"
73515,"Yes"
73516,"No"
73517,"Yes"
73518,"No"
73519,"No"
73520,"No"
73521,"No"
73522,"No"
73523,"No"
73524,"No"
73525,"No"
73526,"Yes"
73527,"No"
73528,"Yes"
73529,"No"
73530,"No"
73531,"Yes"
73532,"No"
73533,"No"
73534,"Yes"
73535,"No"
73536,"No"
73537,"No"
73538,"No"
73539,"No"
73540,"No"
73541,"No"
73542,"Yes"
73543,"No"
73544,"No"
73545,"Yes"
73546,"No"
73547,"No"
73548,"No"
73549,"No"
73550,"Yes"
73551,"No"
73552,"No"
73553,"No"
73554,"No"
73555,"No"
73556,"No"
73557,"No"
73558,"Yes"
73559,"No"
73560,"Yes"
73561,"No"
73562,"Yes"
73563,"Yes"
73564,"No"
73565,"No"
73566,"No"
73567,"No"
73568,"Yes"
73569,"No"
73570,"No"
73571,"No"
73572,"No"
73573,"No"
73574,"No"
73575,"No"
73576,"No"
73577,"No"
73578,"Yes"
73579,"Yes"
73580,"No"
73581,"No"
73582,"Yes"
73583,"No"
73584,"No"
73585,"No"
73586,"No"
73587,"Yes"
73588,"No"
73589,"Yes"
73590,"Yes"
73591,"No"
73592,"No"
73593,"No"
73594,"No"
73595,"No"
73596,"Yes"
73597,"No"
73598,"No"
73599,"No"
73600,"Yes"
73601,"No"
73602,"No"
73603,"No"
73604,"No"
73605,"No"
73606,"No"
73607,"Yes"
73608,"No"
73609,"No"
73610,"No"
73611,"No"
73612,"No"
73613,"Yes"
73614,"No"
73615,"Yes"
73616,"No"
73617,"No"
73618,"Yes"
73619,"No"
73620,"No"
73621,"No"
73622,"No"
73623,"Yes"
73624,"No"
73625,"No"
73626,"No"
73627,"Yes"
73628,"Yes"
73629,"No"
73630,"Yes"
73631,"No"
73632,"No"
73633,"Yes"
73634,"No"
73635,"Yes"
73636,"Yes"
73637,"Yes"
73638,"No"
73639,"Yes"
73640,"No"
73641,"Yes"
73642,"No"
73643,"Yes"
73644,"No"
73645,"No"
73646,"No"
73647,"No"
73648,"No"
73649,"No"
73650,"No"
73651,"No"
73652,"Yes"
73653,"No"
73654,"No"
73655,"No"
73656,"No"
73657,"No"
73658,"Yes"
73659,"Yes"
73660,"No"
73661,"No"
73662,"No"
73663,"No"
73664,"Yes"
73665,"No"
73666,"No"
73667,"Yes"
73668,"No"
73669,"No"
73670,"No"
73671,"No"
73672,"Yes"
73673,"No"
73674,"No"
73675,"No"
73676,"No"
73677,"Yes"
73678,"Yes"
73679,"No"
73680,"Yes"
73681,"No"
73682,"Yes"
73683,"No"
73684,"Yes"
73685,"No"
73686,"No"
73687,"Yes"
73688,"Yes"
73689,"Yes"
73690,"No"
73691,"Yes"
73692,"No"
73693,"Yes"
73694,"Yes"
73695,"No"
73696,"No"
73697,"No"
73698,"No"
73699,"No"
73700,"No"
73701,"Yes"
73702,"No"
73703,"No"
73704,"Yes"
73705,"No"
73706,"No"
73707,"No"
73708,"Yes"
73709,"No"
73710,"No"
73711,"No"
73712,"Yes"
73713,"No"
73714,"No"
73715,"No"
73716,"Yes"
73717,"Yes"
73718,"Yes"
73719,"Yes"
73720,"No"
73721,"Yes"
73722,"No"
73723,"No"
73724,"No"
73725,"No"
73726,"Yes"
73727,"No"
73728,"No"
73729,"Yes"
73730,"No"
73731,"Yes"
73732,"Yes"
73733,"No"
73734,"Yes"
73735,"No"
73736,"No"
73737,"No"
73738,"No"
73739,"No"
73740,"Yes"
73741,"No"
73742,"Yes"
73743,"No"
73744,"No"
73745,"No"
73746,"No"
73747,"Yes"
73748,"Yes"
73749,"No"
73750,"No"
73751,"Yes"
73752,"No"
73753,"No"
73754,"No"
73755,"No"
73756,"No"
73757,"Yes"
73758,"Yes"
73759,"Yes"
73760,"No"
73761,"No"
73762,"Yes"
73763,"Yes"
73764,"No"
73765,"Yes"
73766,"No"
73767,"No"
73768,"No"
73769,"Yes"
73770,"No"
73771,"No"
73772,"No"
73773,"No"
73774,"Yes"
73775,"Yes"
73776,"No"
73777,"No"
73778,"No"
73779,"No"
73780,"Yes"
73781,"Yes"
73782,"No"
73783,"No"
73784,"Yes"
73785,"No"
73786,"Yes"
73787,"No"
73788,"Yes"
73789,"Yes"
73790,"No"
73791,"Yes"
73792,"No"
73793,"No"
73794,"No"
73795,"No"
73796,"No"
73797,"No"
73798,"Yes"
73799,"No"
73800,"No"
73801,"No"
73802,"No"
73803,"No"
73804,"No"
73805,"No"
73806,"No"
73807,"Yes"
73808,"No"
73809,"Yes"
73810,"No"
73811,"Yes"
73812,"No"
73813,"No"
73814,"No"
73815,"No"
73816,"No"
73817,"No"
73818,"Yes"
73819,"No"
73820,"No"
73821,"No"
73822,"Yes"
73823,"No"
73824,"Yes"
73825,"Yes"
73826,"Yes"
73827,"No"
73828,"No"
73829,"No"
73830,"No"
73831,"No"
73832,"No"
73833,"Yes"
73834,"No"
73835,"Yes"
73836,"Yes"
73837,"Yes"
73838,"No"
73839,"No"
73840,"No"
73841,"No"
73842,"Yes"
73843,"No"
73844,"No"
73845,"No"
73846,"No"
73847,"No"
73848,"No"
73849,"No"
73850,"Yes"
73851,"No"
73852,"No"
73853,"No"
73854,"No"
73855,"No"
73856,"No"
73857,"No"
73858,"No"
73859,"No"
73860,"Yes"
73861,"No"
73862,"No"
73863,"No"
73864,"Yes"
73865,"Yes"
73866,"No"
73867,"No"
73868,"No"
73869,"No"
73870,"Yes"
73871,"No"
73872,"No"
73873,"No"
73874,"No"
73875,"No"
73876,"No"
73877,"No"
73878,"No"
73879,"No"
73880,"No"
73881,"No"
73882,"Yes"
73883,"No"
73884,"No"
73885,"Yes"
73886,"No"
73887,"No"
73888,"No"
73889,"Yes"
73890,"Yes"
73891,"Yes"
73892,"Yes"
73893,"Yes"
73894,"Yes"
73895,"Yes"
73896,"Yes"
73897,"No"
73898,"No"
73899,"Yes"
73900,"No"
73901,"No"
73902,"Yes"
73903,"No"
73904,"No"
73905,"No"
73906,"Yes"
73907,"No"
73908,"Yes"
73909,"No"
73910,"No"
73911,"Yes"
73912,"No"
73913,"No"
73914,"No"
73915,"Yes"
73916,"No"
73917,"Yes"
73918,"No"
73919,"No"
73920,"Yes"
73921,"No"
73922,"No"
73923,"No"
73924,"Yes"
73925,"No"
73926,"No"
73927,"No"
73928,"No"
73929,"No"
73930,"Yes"
73931,"No"
73932,"No"
73933,"No"
73934,"No"
73935,"Yes"
73936,"Yes"
73937,"No"
73938,"Yes"
73939,"No"
73940,"No"
73941,"No"
73942,"Yes"
73943,"No"
73944,"No"
73945,"No"
73946,"No"
73947,"Yes"
73948,"No"
73949,"No"
73950,"No"
73951,"No"
73952,"Yes"
73953,"Yes"
73954,"Yes"
73955,"No"
73956,"No"
73957,"No"
73958,"Yes"
73959,"Yes"
73960,"No"
73961,"No"
73962,"No"
73963,"Yes"
73964,"No"
73965,"No"
73966,"No"
73967,"Yes"
73968,"Yes"
73969,"Yes"
73970,"No"
73971,"No"
73972,"No"
73973,"No"
73974,"Yes"
73975,"No"
73976,"No"
73977,"No"
73978,"Yes"
73979,"No"
73980,"No"
73981,"Yes"
73982,"No"
73983,"No"
73984,"No"
73985,"No"
73986,"No"
73987,"No"
73988,"Yes"
73989,"No"
73990,"No"
73991,"Yes"
73992,"Yes"
73993,"Yes"
73994,"Yes"
73995,"Yes"
73996,"Yes"
73997,"Yes"
73998,"No"
73999,"No"
74000,"No"
74001,"No"
74002,"Yes"
74003,"No"
74004,"Yes"
74005,"No"
74006,"Yes"
74007,"No"
74008,"No"
74009,"No"
74010,"No"
74011,"No"
74012,"Yes"
74013,"No"
74014,"Yes"
74015,"No"
74016,"No"
74017,"Yes"
74018,"Yes"
74019,"Yes"
74020,"Yes"
74021,"No"
74022,"No"
74023,"No"
74024,"No"
74025,"No"
74026,"No"
74027,"Yes"
74028,"No"
74029,"No"
74030,"Yes"
74031,"No"
74032,"Yes"
74033,"No"
74034,"No"
74035,"No"
74036,"No"
74037,"No"
74038,"Yes"
74039,"No"
74040,"No"
74041,"No"
74042,"No"
74043,"No"
74044,"No"
74045,"No"
74046,"No"
74047,"Yes"
74048,"No"
74049,"Yes"
74050,"Yes"
74051,"No"
74052,"Yes"
74053,"Yes"
74054,"No"
74055,"No"
74056,"No"
74057,"Yes"
74058,"No"
74059,"No"
74060,"No"
74061,"No"
74062,"Yes"
74063,"No"
74064,"Yes"
74065,"Yes"
74066,"No"
74067,"Yes"
74068,"Yes"
74069,"No"
74070,"No"
74071,"No"
74072,"No"
74073,"No"
74074,"No"
74075,"No"
74076,"No"
74077,"No"
74078,"No"
74079,"Yes"
74080,"No"
74081,"Yes"
74082,"No"
74083,"No"
74084,"No"
74085,"No"
74086,"Yes"
74087,"No"
74088,"No"
74089,"Yes"
74090,"Yes"
74091,"No"
74092,"No"
74093,"Yes"
74094,"Yes"
74095,"No"
74096,"No"
74097,"Yes"
74098,"Yes"
74099,"No"
74100,"Yes"
74101,"No"
74102,"No"
74103,"Yes"
74104,"No"
74105,"No"
74106,"Yes"
74107,"No"
74108,"Yes"
74109,"Yes"
74110,"No"
74111,"No"
74112,"Yes"
74113,"No"
74114,"Yes"
74115,"Yes"
74116,"No"
74117,"Yes"
74118,"No"
74119,"No"
74120,"No"
74121,"No"
74122,"No"
74123,"No"
74124,"No"
74125,"No"
74126,"Yes"
74127,"No"
74128,"No"
74129,"No"
74130,"Yes"
74131,"No"
74132,"No"
74133,"No"
74134,"No"
74135,"No"
74136,"No"
74137,"No"
74138,"Yes"
74139,"No"
74140,"No"
74141,"Yes"
74142,"Yes"
74143,"No"
74144,"No"
74145,"No"
74146,"Yes"
74147,"Yes"
74148,"No"
74149,"No"
74150,"Yes"
74151,"No"
74152,"No"
74153,"Yes"
74154,"No"
74155,"No"
74156,"Yes"
74157,"Yes"
74158,"No"
74159,"Yes"
74160,"Yes"
74161,"No"
74162,"No"
74163,"Yes"
74164,"Yes"
74165,"No"
74166,"Yes"
74167,"No"
74168,"Yes"
74169,"No"
74170,"No"
74171,"Yes"
74172,"No"
74173,"No"
74174,"No"
74175,"Yes"
74176,"No"
74177,"No"
74178,"Yes"
74179,"No"
74180,"No"
74181,"No"
74182,"Yes"
74183,"No"
74184,"Yes"
74185,"No"
74186,"No"
74187,"No"
74188,"No"
74189,"No"
74190,"Yes"
74191,"No"
74192,"Yes"
74193,"No"
74194,"No"
74195,"No"
74196,"Yes"
74197,"No"
74198,"No"
74199,"Yes"
74200,"No"
74201,"No"
74202,"No"
74203,"No"
74204,"No"
74205,"Yes"
74206,"No"
74207,"No"
74208,"No"
74209,"No"
74210,"No"
74211,"Yes"
74212,"No"
74213,"No"
74214,"No"
74215,"No"
74216,"Yes"
74217,"Yes"
74218,"Yes"
74219,"No"
74220,"No"
74221,"Yes"
74222,"Yes"
74223,"No"
74224,"No"
74225,"No"
74226,"No"
74227,"No"
74228,"No"
74229,"No"
74230,"No"
74231,"Yes"
74232,"No"
74233,"No"
74234,"No"
74235,"No"
74236,"No"
74237,"Yes"
74238,"No"
74239,"No"
74240,"Yes"
74241,"No"
74242,"No"
74243,"No"
74244,"No"
74245,"Yes"
74246,"No"
74247,"No"
74248,"No"
74249,"Yes"
74250,"No"
74251,"No"
74252,"Yes"
74253,"Yes"
74254,"No"
74255,"Yes"
74256,"No"
74257,"No"
74258,"No"
74259,"No"
74260,"No"
74261,"No"
74262,"No"
74263,"No"
74264,"No"
74265,"No"
74266,"No"
74267,"No"
74268,"No"
74269,"Yes"
74270,"Yes"
74271,"Yes"
74272,"No"
74273,"No"
74274,"No"
74275,"No"
74276,"Yes"
74277,"Yes"
74278,"No"
74279,"Yes"
74280,"No"
74281,"Yes"
74282,"No"
74283,"No"
74284,"No"
74285,"Yes"
74286,"No"
74287,"No"
74288,"Yes"
74289,"Yes"
74290,"No"
74291,"No"
74292,"Yes"
74293,"No"
74294,"No"
74295,"Yes"
74296,"No"
74297,"No"
74298,"No"
74299,"No"
74300,"No"
74301,"No"
74302,"No"
74303,"Yes"
74304,"No"
74305,"No"
74306,"Yes"
74307,"No"
74308,"No"
74309,"Yes"
74310,"No"
74311,"No"
74312,"No"
74313,"Yes"
74314,"No"
74315,"No"
74316,"Yes"
74317,"No"
74318,"No"
74319,"No"
74320,"Yes"
74321,"No"
74322,"No"
74323,"Yes"
74324,"Yes"
74325,"No"
74326,"No"
74327,"Yes"
74328,"No"
74329,"Yes"
74330,"No"
74331,"No"
74332,"No"
74333,"Yes"
74334,"No"
74335,"No"
74336,"Yes"
74337,"No"
74338,"Yes"
74339,"No"
74340,"No"
74341,"No"
74342,"No"
74343,"No"
74344,"Yes"
74345,"No"
74346,"No"
74347,"Yes"
74348,"Yes"
74349,"Yes"
74350,"No"
74351,"No"
74352,"No"
74353,"No"
74354,"No"
74355,"Yes"
74356,"No"
74357,"Yes"
74358,"No"
74359,"No"
74360,"No"
74361,"No"
74362,"Yes"
74363,"Yes"
74364,"No"
74365,"Yes"
74366,"No"
74367,"No"
74368,"No"
74369,"No"
74370,"Yes"
74371,"Yes"
74372,"No"
74373,"No"
74374,"No"
74375,"No"
74376,"No"
74377,"No"
74378,"No"
74379,"No"
74380,"No"
74381,"No"
74382,"Yes"
74383,"No"
74384,"No"
74385,"No"
74386,"Yes"
74387,"Yes"
74388,"Yes"
74389,"Yes"
74390,"No"
74391,"No"
74392,"No"
74393,"No"
74394,"No"
74395,"Yes"
74396,"Yes"
74397,"No"
74398,"No"
74399,"No"
74400,"Yes"
74401,"No"
74402,"No"
74403,"Yes"
74404,"No"
74405,"No"
74406,"No"
74407,"No"
74408,"Yes"
74409,"No"
74410,"No"
74411,"Yes"
74412,"No"
74413,"No"
74414,"No"
74415,"Yes"
74416,"No"
74417,"Yes"
74418,"No"
74419,"Yes"
74420,"Yes"
74421,"Yes"
74422,"No"
74423,"No"
74424,"No"
74425,"Yes"
74426,"Yes"
74427,"No"
74428,"Yes"
74429,"Yes"
74430,"No"
74431,"No"
74432,"No"
74433,"Yes"
74434,"No"
74435,"Yes"
74436,"No"
74437,"No"
74438,"Yes"
74439,"No"
74440,"No"
74441,"Yes"
74442,"No"
74443,"No"
74444,"No"
74445,"Yes"
74446,"Yes"
74447,"Yes"
74448,"No"
74449,"No"
74450,"No"
74451,"No"
74452,"Yes"
74453,"No"
74454,"No"
74455,"No"
74456,"No"
74457,"No"
74458,"No"
74459,"No"
74460,"No"
74461,"Yes"
74462,"No"
74463,"No"
74464,"No"
74465,"Yes"
74466,"No"
74467,"Yes"
74468,"No"
74469,"No"
74470,"No"
74471,"Yes"
74472,"No"
74473,"No"
74474,"No"
74475,"Yes"
74476,"No"
74477,"No"
74478,"No"
74479,"No"
74480,"Yes"
74481,"Yes"
74482,"Yes"
74483,"Yes"
74484,"Yes"
74485,"Yes"
74486,"No"
74487,"Yes"
74488,"No"
74489,"Yes"
74490,"No"
74491,"No"
74492,"No"
74493,"No"
74494,"No"
74495,"Yes"
74496,"No"
74497,"No"
74498,"No"
74499,"No"
74500,"No"
74501,"No"
74502,"No"
74503,"No"
74504,"No"
74505,"No"
74506,"No"
74507,"No"
74508,"No"
74509,"No"
74510,"Yes"
74511,"No"
74512,"No"
74513,"No"
74514,"Yes"
74515,"No"
74516,"No"
74517,"No"
74518,"Yes"
74519,"No"
74520,"Yes"
74521,"Yes"
74522,"Yes"
74523,"No"
74524,"No"
74525,"No"
74526,"No"
74527,"Yes"
74528,"No"
74529,"Yes"
74530,"Yes"
74531,"Yes"
74532,"No"
74533,"No"
74534,"No"
74535,"No"
74536,"No"
74537,"No"
74538,"No"
74539,"No"
74540,"No"
74541,"Yes"
74542,"No"
74543,"No"
74544,"No"
74545,"No"
74546,"No"
74547,"Yes"
74548,"No"
74549,"No"
74550,"No"
74551,"No"
74552,"Yes"
74553,"No"
74554,"No"
74555,"Yes"
74556,"No"
74557,"No"
74558,"No"
74559,"No"
74560,"No"
74561,"No"
74562,"No"
74563,"No"
74564,"Yes"
74565,"No"
74566,"No"
74567,"No"
74568,"No"
74569,"No"
74570,"Yes"
74571,"Yes"
74572,"No"
74573,"No"
74574,"Yes"
74575,"No"
74576,"No"
74577,"Yes"
74578,"No"
74579,"No"
74580,"No"
74581,"Yes"
74582,"Yes"
74583,"No"
74584,"No"
74585,"No"
74586,"No"
74587,"Yes"
74588,"Yes"
74589,"No"
74590,"No"
74591,"No"
74592,"Yes"
74593,"No"
74594,"Yes"
74595,"No"
74596,"No"
74597,"No"
74598,"No"
74599,"No"
74600,"No"
74601,"No"
74602,"No"
74603,"Yes"
74604,"Yes"
74605,"No"
74606,"Yes"
74607,"No"
74608,"No"
74609,"No"
74610,"No"
74611,"Yes"
74612,"No"
74613,"No"
74614,"Yes"
74615,"No"
74616,"No"
74617,"Yes"
74618,"Yes"
74619,"Yes"
74620,"No"
74621,"Yes"
74622,"Yes"
74623,"No"
74624,"No"
74625,"No"
74626,"Yes"
74627,"No"
74628,"No"
74629,"No"
74630,"Yes"
74631,"No"
74632,"No"
74633,"Yes"
74634,"Yes"
74635,"No"
74636,"No"
74637,"No"
74638,"Yes"
74639,"No"
74640,"No"
74641,"No"
74642,"No"
74643,"No"
74644,"No"
74645,"Yes"
74646,"Yes"
74647,"No"
74648,"No"
74649,"No"
74650,"No"
74651,"No"
74652,"No"
74653,"No"
74654,"No"
74655,"Yes"
74656,"No"
74657,"Yes"
74658,"No"
74659,"Yes"
74660,"No"
74661,"No"
74662,"No"
74663,"Yes"
74664,"Yes"
74665,"No"
74666,"No"
74667,"Yes"
74668,"No"
74669,"No"
74670,"No"
74671,"No"
74672,"No"
74673,"Yes"
74674,"Yes"
74675,"Yes"
74676,"No"
74677,"Yes"
74678,"No"
74679,"Yes"
74680,"No"
74681,"Yes"
74682,"No"
74683,"No"
74684,"No"
74685,"No"
74686,"No"
74687,"No"
74688,"No"
74689,"Yes"
74690,"No"
74691,"No"
74692,"No"
74693,"No"
74694,"No"
74695,"No"
74696,"No"
74697,"No"
74698,"No"
74699,"No"
74700,"Yes"
74701,"No"
74702,"No"
74703,"Yes"
74704,"No"
74705,"No"
74706,"No"
74707,"No"
74708,"No"
74709,"Yes"
74710,"No"
74711,"Yes"
74712,"Yes"
74713,"No"
74714,"No"
74715,"Yes"
74716,"Yes"
74717,"No"
74718,"Yes"
74719,"No"
74720,"No"
74721,"Yes"
74722,"No"
74723,"No"
74724,"No"
74725,"Yes"
74726,"Yes"
74727,"Yes"
74728,"Yes"
74729,"No"
74730,"No"
74731,"No"
74732,"No"
74733,"No"
74734,"No"
74735,"Yes"
74736,"Yes"
74737,"No"
74738,"Yes"
74739,"Yes"
74740,"Yes"
74741,"No"
74742,"No"
74743,"No"
74744,"No"
74745,"No"
74746,"Yes"
74747,"No"
74748,"Yes"
74749,"No"
74750,"No"
74751,"No"
74752,"No"
74753,"No"
74754,"No"
74755,"No"
74756,"No"
74757,"No"
74758,"No"
74759,"No"
74760,"No"
74761,"No"
74762,"No"
74763,"Yes"
74764,"No"
74765,"No"
74766,"No"
74767,"No"
74768,"Yes"
74769,"Yes"
74770,"No"
74771,"Yes"
74772,"Yes"
74773,"Yes"
74774,"No"
74775,"No"
74776,"No"
74777,"Yes"
74778,"No"
74779,"No"
74780,"No"
74781,"No"
74782,"No"
74783,"No"
74784,"No"
74785,"No"
74786,"Yes"
74787,"Yes"
74788,"No"
74789,"No"
74790,"Yes"
74791,"Yes"
74792,"No"
74793,"Yes"
74794,"No"
74795,"No"
74796,"Yes"
74797,"Yes"
74798,"No"
74799,"No"
74800,"No"
74801,"No"
74802,"Yes"
74803,"No"
74804,"No"
74805,"No"
74806,"No"
74807,"No"
74808,"Yes"
74809,"No"
74810,"No"
74811,"Yes"
74812,"No"
74813,"No"
74814,"No"
74815,"No"
74816,"No"
74817,"No"
74818,"No"
74819,"Yes"
74820,"No"
74821,"No"
74822,"No"
74823,"No"
74824,"Yes"
74825,"No"
74826,"Yes"
74827,"No"
74828,"No"
74829,"Yes"
74830,"No"
74831,"Yes"
74832,"No"
74833,"No"
74834,"Yes"
74835,"No"
74836,"Yes"
74837,"Yes"
74838,"No"
74839,"No"
74840,"No"
74841,"Yes"
74842,"No"
74843,"Yes"
74844,"No"
74845,"No"
74846,"No"
74847,"Yes"
74848,"No"
74849,"No"
74850,"Yes"
74851,"No"
74852,"No"
74853,"No"
74854,"Yes"
74855,"No"
74856,"Yes"
74857,"No"
74858,"Yes"
74859,"No"
74860,"No"
74861,"Yes"
74862,"No"
74863,"Yes"
74864,"No"
74865,"No"
74866,"No"
74867,"No"
74868,"No"
74869,"Yes"
74870,"No"
74871,"No"
74872,"Yes"
74873,"No"
74874,"Yes"
74875,"No"
74876,"No"
74877,"No"
74878,"Yes"
74879,"Yes"
74880,"Yes"
74881,"No"
74882,"No"
74883,"No"
74884,"No"
74885,"No"
74886,"No"
74887,"No"
74888,"Yes"
74889,"No"
74890,"Yes"
74891,"No"
74892,"No"
74893,"Yes"
74894,"No"
74895,"No"
74896,"No"
74897,"No"
74898,"No"
74899,"No"
74900,"No"
74901,"Yes"
74902,"Yes"
74903,"Yes"
74904,"Yes"
74905,"No"
74906,"No"
74907,"Yes"
74908,"No"
74909,"Yes"
74910,"No"
74911,"Yes"
74912,"Yes"
74913,"Yes"
74914,"No"
74915,"No"
74916,"No"
74917,"No"
74918,"No"
74919,"Yes"
74920,"No"
74921,"No"
74922,"No"
74923,"No"
74924,"No"
74925,"No"
74926,"No"
74927,"Yes"
74928,"No"
74929,"No"
74930,"No"
74931,"No"
74932,"Yes"
74933,"No"
74934,"No"
74935,"No"
74936,"No"
74937,"No"
74938,"No"
74939,"No"
74940,"No"
74941,"No"
74942,"No"
74943,"No"
74944,"Yes"
74945,"No"
74946,"No"
74947,"No"
74948,"No"
74949,"No"
74950,"No"
74951,"No"
74952,"Yes"
74953,"No"
74954,"No"
74955,"No"
74956,"No"
74957,"No"
74958,"No"
74959,"No"
74960,"Yes"
74961,"No"
74962,"No"
74963,"No"
74964,"Yes"
74965,"Yes"
74966,"No"
74967,"No"
74968,"No"
74969,"Yes"
74971,"No"
74972,"No"
74973,"Yes"
74974,"No"
74975,"Yes"
74976,"No"
74977,"Yes"
74978,"No"
74979,"Yes"
74980,"No"
74981,"Yes"
74982,"Yes"
74983,"Yes"
74984,"No"
74985,"No"
74986,"Yes"
74987,"No"
74988,"No"
74989,"No"
74990,"Yes"
74991,"Yes"
74992,"No"
74993,"No"
74994,"Yes"
74995,"No"
74996,"No"
74997,"No"
74998,"No"
74999,"Yes"
75000,"No"
75001,"No"
75002,"Yes"
75003,"No"
75004,"Yes"
75005,"Yes"
75006,"Yes"
75007,"No"
75008,"Yes"
75009,"No"
75010,"Yes"
75011,"Yes"
75012,"No"
75013,"No"
75014,"No"
75015,"No"
75016,"No"
75017,"No"
75018,"Yes"
75019,"Yes"
75020,"No"
75021,"No"
75022,"No"
75023,"No"
75024,"No"
75025,"Yes"
75026,"Yes"
75027,"No"
75028,"Yes"
75029,"No"
75030,"Yes"
75031,"No"
75032,"No"
75033,"Yes"
75034,"No"
75035,"Yes"
75036,"No"
75037,"No"
75038,"Yes"
75039,"Yes"
75040,"Yes"
75041,"Yes"
75042,"Yes"
75043,"No"
75044,"Yes"
75045,"Yes"
75046,"No"
75047,"Yes"
75048,"Yes"
75049,"No"
75050,"Yes"
75051,"Yes"
75052,"No"
75053,"Yes"
75054,"No"
75055,"No"
75056,"No"
75057,"No"
75058,"No"
75059,"No"
75060,"Yes"
75061,"No"
75062,"No"
75063,"No"
75064,"No"
75065,"Yes"
75066,"No"
75067,"No"
75068,"No"
75069,"No"
75070,"Yes"
75071,"No"
75072,"No"
75073,"No"
75074,"Yes"
75075,"No"
75076,"Yes"
75077,"No"
75078,"No"
75079,"No"
75080,"No"
75081,"Yes"
75082,"No"
75083,"No"
75084,"No"
75085,"No"
75086,"No"
75087,"No"
75088,"Yes"
75089,"No"
75090,"No"
75091,"Yes"
75092,"No"
75093,"No"
75094,"No"
75095,"Yes"
75096,"No"
75097,"Yes"
75098,"Yes"
75099,"No"
75100,"Yes"
75101,"No"
75102,"No"
75103,"No"
75104,"No"
75105,"No"
75106,"No"
75107,"Yes"
75108,"No"
75109,"No"
75110,"No"
75111,"No"
75112,"Yes"
75113,"No"
75114,"Yes"
75115,"No"
75116,"No"
75117,"Yes"
75118,"No"
75119,"No"
75120,"No"
75121,"No"
75122,"No"
75123,"No"
75124,"Yes"
75125,"No"
75126,"No"
75127,"Yes"
75128,"No"
75129,"No"
75130,"No"
75131,"Yes"
75132,"No"
75133,"Yes"
75134,"No"
75135,"Yes"
75136,"No"
75137,"Yes"
75138,"No"
75139,"No"
75140,"No"
75141,"Yes"
75142,"No"
75143,"No"
75144,"Yes"
75145,"Yes"
75146,"No"
75147,"No"
75148,"No"
75149,"No"
75150,"No"
75151,"No"
75152,"No"
75153,"No"
75154,"No"
75155,"No"
75156,"No"
75157,"No"
75158,"No"
75159,"No"
75160,"Yes"
75161,"No"
75162,"Yes"
75163,"No"
75164,"No"
75165,"No"
75166,"No"
75167,"No"
75168,"No"
75169,"Yes"
75170,"Yes"
75171,"No"
75172,"No"
75173,"Yes"
75174,"Yes"
75175,"Yes"
75176,"Yes"
75177,"No"
75178,"Yes"
75179,"No"
75180,"No"
75181,"Yes"
75182,"No"
75183,"Yes"
75184,"No"
75185,"No"
75186,"No"
75187,"No"
75188,"No"
75189,"No"
75190,"No"
75191,"No"
75192,"Yes"
75193,"Yes"
75194,"No"
75195,"Yes"
75196,"No"
75197,"Yes"
75198,"Yes"
75199,"Yes"
75200,"No"
75201,"No"
75202,"Yes"
75203,"No"
75204,"No"
75205,"No"
75206,"No"
75207,"No"
75208,"Yes"
75209,"No"
75210,"No"
75211,"No"
75212,"Yes"
75213,"No"
75214,"No"
75215,"No"
75216,"Yes"
75217,"No"
75218,"Yes"
75219,"Yes"
75220,"No"
75221,"No"
75222,"No"
75223,"No"
75224,"Yes"
75225,"Yes"
75226,"Yes"
75227,"Yes"
75228,"Yes"
75229,"Yes"
75230,"No"
75231,"No"
75232,"No"
75233,"No"
75234,"No"
75235,"No"
75236,"No"
75237,"Yes"
75238,"Yes"
75239,"No"
75240,"No"
75241,"Yes"
75242,"No"
75243,"No"
75244,"No"
75245,"Yes"
75246,"No"
75247,"No"
75248,"No"
75249,"Yes"
75250,"No"
75251,"No"
75252,"Yes"
75253,"Yes"
75254,"No"
75255,"No"
75256,"No"
75257,"Yes"
75258,"No"
75259,"No"
75260,"No"
75261,"No"
75262,"Yes"
75263,"No"
75264,"No"
75265,"Yes"
75266,"Yes"
75267,"No"
75268,"Yes"
75269,"Yes"
75270,"No"
75271,"No"
75272,"Yes"
75273,"Yes"
75274,"No"
75275,"No"
75276,"No"
75277,"Yes"
75278,"No"
75279,"Yes"
75280,"No"
75281,"Yes"
75282,"Yes"
75283,"No"
75284,"Yes"
75285,"Yes"
75286,"No"
75287,"No"
75288,"No"
75289,"No"
75290,"No"
75291,"Yes"
75292,"Yes"
75293,"No"
75294,"No"
75295,"No"
75296,"No"
75297,"No"
75298,"Yes"
75299,"No"
75300,"No"
75301,"No"
75302,"No"
75303,"Yes"
75304,"Yes"
75305,"No"
75306,"No"
75307,"No"
75308,"No"
75309,"No"
75310,"No"
75311,"No"
75312,"No"
75313,"Yes"
75314,"No"
75315,"No"
75316,"No"
75317,"No"
75318,"No"
75319,"Yes"
75320,"Yes"
75321,"No"
75322,"No"
75323,"No"
75324,"No"
75325,"Yes"
75326,"Yes"
75327,"No"
75328,"No"
75329,"No"
75330,"Yes"
75331,"Yes"
75332,"Yes"
75333,"No"
75334,"Yes"
75335,"No"
75336,"Yes"
75337,"No"
75338,"No"
75339,"No"
75340,"No"
75341,"Yes"
75342,"Yes"
75343,"No"
75344,"No"
75345,"Yes"
75346,"Yes"
75347,"Yes"
75348,"No"
75349,"No"
75350,"No"
75351,"Yes"
75352,"No"
75353,"Yes"
75354,"Yes"
75355,"No"
75356,"No"
75357,"Yes"
75358,"Yes"
75359,"No"
75360,"Yes"
75361,"Yes"
75362,"Yes"
75363,"No"
75364,"No"
75365,"No"
75366,"Yes"
75367,"No"
75368,"No"
75369,"No"
75370,"No"
75371,"No"
75372,"No"
75373,"No"
75374,"Yes"
75375,"No"
75376,"No"
75377,"No"
75378,"No"
75379,"No"
75380,"No"
75381,"No"
75382,"No"
75383,"No"
75384,"No"
75385,"No"
75386,"Yes"
75387,"No"
75388,"No"
75389,"No"
75390,"No"
75391,"No"
75392,"No"
75393,"Yes"
75394,"Yes"
75395,"No"
75396,"Yes"
75397,"No"
75398,"No"
75399,"No"
75400,"No"
75401,"No"
75402,"Yes"
75403,"Yes"
75404,"No"
75405,"No"
75406,"Yes"
75407,"No"
75408,"No"
75409,"No"
75410,"No"
75411,"Yes"
75412,"No"
75413,"No"
75414,"No"
75415,"No"
75416,"No"
75417,"Yes"
75418,"Yes"
75419,"Yes"
75420,"No"
75421,"Yes"
75422,"No"
75423,"Yes"
75424,"No"
75425,"Yes"
75426,"No"
75427,"No"
75428,"No"
75429,"No"
75430,"No"
75431,"Yes"
75432,"No"
75433,"No"
75434,"No"
75435,"No"
75436,"No"
75437,"No"
75438,"No"
75439,"No"
75440,"Yes"
75441,"No"
75442,"No"
75443,"No"
75444,"No"
75445,"No"
75446,"No"
75447,"No"
75448,"No"
75449,"No"
75450,"No"
75451,"Yes"
75452,"Yes"
75453,"Yes"
75454,"No"
75455,"No"
75456,"No"
75457,"No"
75458,"Yes"
75459,"Yes"
75460,"Yes"
75461,"No"
75462,"No"
75463,"No"
75464,"No"
75465,"Yes"
75466,"No"
75467,"No"
75468,"No"
75469,"No"
75470,"No"
75471,"Yes"
75472,"No"
75473,"No"
75474,"No"
75475,"No"
75476,"No"
75477,"Yes"
75478,"No"
75479,"No"
75480,"Yes"
75481,"No"
75482,"No"
75483,"No"
75484,"No"
75485,"No"
75486,"Yes"
75487,"Yes"
75488,"Yes"
75489,"No"
75490,"No"
75491,"Yes"
75492,"No"
75493,"No"
75494,"No"
75495,"No"
75496,"No"
75497,"Yes"
75498,"No"
75499,"No"
75500,"No"
75501,"Yes"
75502,"Yes"
75503,"No"
75504,"Yes"
75505,"Yes"
75506,"Yes"
75507,"No"
75508,"No"
75509,"No"
75510,"Yes"
75511,"No"
75512,"Yes"
75513,"No"
75514,"No"
75515,"No"
75516,"No"
75517,"No"
75518,"Yes"
75519,"Yes"
75520,"Yes"
75521,"No"
75522,"Yes"
75523,"No"
75524,"No"
75525,"No"
75526,"No"
75527,"No"
75528,"No"
75529,"No"
75530,"Yes"
75531,"No"
75532,"No"
75533,"No"
75534,"Yes"
75535,"No"
75536,"Yes"
75537,"No"
75538,"Yes"
75539,"No"
75540,"Yes"
75541,"No"
75542,"No"
75543,"No"
75544,"No"
75545,"No"
75546,"No"
75547,"No"
75548,"Yes"
75549,"No"
75550,"No"
75551,"No"
75552,"No"
75553,"No"
75554,"No"
75555,"No"
75556,"No"
75557,"Yes"
75558,"Yes"
75559,"No"
75560,"Yes"
75561,"Yes"
75562,"No"
75563,"Yes"
75564,"No"
75565,"No"
75566,"No"
75567,"Yes"
75568,"Yes"
75569,"No"
75570,"No"
75571,"No"
75572,"No"
75573,"No"
75574,"Yes"
75575,"Yes"
75576,"No"
75577,"No"
75578,"No"
75579,"Yes"
75580,"No"
75581,"Yes"
75582,"Yes"
75583,"No"
75584,"Yes"
75585,"No"
75586,"Yes"
75587,"No"
75588,"No"
75589,"No"
75590,"Yes"
75591,"No"
75592,"No"
75593,"Yes"
75594,"Yes"
75595,"Yes"
75596,"No"
75597,"No"
75598,"No"
75599,"No"
75600,"No"
75601,"No"
75602,"No"
75603,"No"
75604,"No"
75605,"No"
75606,"No"
75607,"No"
75608,"Yes"
75609,"No"
75610,"No"
75611,"No"
75612,"No"
75613,"No"
75614,"Yes"
75615,"No"
75616,"No"
75617,"No"
75618,"Yes"
75619,"No"
75620,"No"
75621,"Yes"
75622,"No"
75623,"Yes"
75624,"No"
75625,"No"
75626,"No"
75627,"No"
75628,"No"
75629,"No"
75630,"No"
75631,"No"
75632,"Yes"
75633,"No"
75634,"Yes"
75635,"Yes"
75636,"No"
75637,"No"
75638,"No"
75639,"Yes"
75640,"No"
75641,"No"
75642,"Yes"
75643,"No"
75644,"No"
75645,"Yes"
75646,"Yes"
75647,"No"
75648,"No"
75649,"Yes"
75650,"No"
75651,"No"
75652,"No"
75653,"No"
75654,"No"
75655,"No"
75656,"Yes"
75657,"Yes"
75658,"No"
75659,"Yes"
75660,"No"
75661,"No"
75662,"No"
75663,"No"
75664,"No"
75665,"No"
75666,"No"
75667,"Yes"
75668,"Yes"
75669,"No"
75670,"Yes"
75671,"Yes"
75672,"Yes"
75673,"Yes"
75674,"Yes"
75675,"Yes"
75676,"Yes"
75677,"No"
75678,"No"
75679,"Yes"
75680,"No"
75681,"No"
75682,"Yes"
75683,"No"
75684,"Yes"
75685,"No"
75686,"No"
75687,"No"
75688,"No"
75689,"No"
75690,"No"
75691,"No"
75692,"No"
75693,"Yes"
75694,"No"
75695,"No"
75696,"No"
75697,"No"
75698,"Yes"
75699,"No"
75700,"Yes"
75701,"No"
75702,"No"
75703,"Yes"
75704,"No"
75705,"No"
75706,"Yes"
75707,"No"
75708,"Yes"
75709,"No"
75710,"No"
75711,"Yes"
75712,"Yes"
75713,"No"
75714,"No"
75715,"Yes"
75716,"No"
75717,"No"
75718,"No"
75719,"No"
75720,"No"
75721,"Yes"
75722,"No"
75723,"No"
75724,"No"
75725,"No"
75726,"Yes"
75727,"Yes"
75728,"No"
75729,"No"
75730,"No"
75731,"Yes"
75732,"No"
75733,"No"
75734,"No"
75735,"No"
75736,"Yes"
75737,"No"
75738,"No"
75739,"No"
75740,"No"
75741,"No"
75742,"No"
75743,"No"
75744,"No"
75745,"No"
75746,"No"
75747,"No"
75748,"Yes"
75749,"Yes"
75750,"No"
75751,"Yes"
75752,"No"
75753,"No"
75754,"No"
75755,"No"
75756,"Yes"
75757,"No"
75758,"No"
75759,"Yes"
75760,"Yes"
75761,"No"
75762,"Yes"
75763,"No"
75764,"No"
75765,"Yes"
75766,"No"
75767,"No"
75768,"No"
75769,"No"
75770,"No"
75771,"No"
75772,"No"
75773,"No"
75774,"Yes"
75775,"No"
75776,"No"
75777,"No"
75778,"Yes"
75779,"Yes"
75780,"Yes"
75781,"No"
75782,"Yes"
75783,"Yes"
75784,"No"
75785,"Yes"
75786,"Yes"
75787,"No"
75788,"No"
75789,"No"
75790,"No"
75791,"No"
75792,"No"
75793,"No"
75794,"No"
75795,"No"
75796,"No"
75797,"No"
75798,"No"
75799,"No"
75800,"No"
75801,"Yes"
75802,"Yes"
75803,"No"
75804,"No"
75805,"No"
75806,"No"
75807,"No"
75808,"No"
75809,"No"
75810,"No"
75811,"No"
75812,"No"
75813,"Yes"
75814,"No"
75815,"Yes"
75816,"No"
75817,"No"
75818,"No"
75819,"No"
75820,"Yes"
75821,"Yes"
75822,"No"
75823,"No"
75824,"Yes"
75825,"No"
75826,"No"
75827,"Yes"
75828,"No"
75829,"No"
75830,"No"
75831,"No"
75832,"No"
75833,"No"
75834,"No"
75835,"No"
75836,"No"
75837,"Yes"
75838,"No"
75839,"No"
75840,"No"
75841,"No"
75842,"No"
75843,"Yes"
75844,"Yes"
75845,"No"
75846,"Yes"
75847,"No"
75848,"No"
75849,"No"
75850,"No"
75851,"No"
75852,"No"
75853,"No"
75854,"No"
75855,"No"
75856,"Yes"
75857,"No"
75858,"No"
75859,"No"
75860,"No"
75861,"No"
75862,"No"
75863,"Yes"
75864,"No"
75865,"Yes"
75866,"No"
75867,"No"
75868,"Yes"
75869,"No"
75870,"No"
75871,"No"
75872,"No"
75873,"No"
75874,"Yes"
75875,"No"
75876,"Yes"
75877,"No"
75878,"No"
75879,"No"
75880,"No"
75881,"No"
75882,"Yes"
75883,"No"
75884,"No"
75885,"Yes"
75886,"No"
75887,"Yes"
75888,"No"
75889,"No"
75890,"Yes"
75891,"No"
75892,"No"
75893,"No"
75894,"No"
75895,"No"
75896,"No"
75897,"No"
75898,"No"
75899,"No"
75900,"Yes"
75901,"Yes"
75902,"Yes"
75903,"No"
75904,"No"
75905,"No"
75906,"Yes"
75907,"Yes"
75908,"Yes"
75909,"No"
75910,"Yes"
75911,"Yes"
75912,"No"
75913,"Yes"
75914,"Yes"
75915,"No"
75916,"No"
75917,"No"
75918,"Yes"
75919,"Yes"
75920,"No"
75921,"Yes"
75922,"No"
75923,"No"
75924,"No"
75925,"Yes"
75926,"Yes"
75927,"No"
75928,"No"
75929,"Yes"
75930,"Yes"
75931,"No"
75932,"No"
75933,"Yes"
75934,"No"
75935,"No"
75936,"No"
75937,"No"
75938,"No"
75939,"No"
75940,"No"
75941,"No"
75942,"No"
75943,"No"
75944,"Yes"
75945,"No"
75946,"No"
75947,"No"
75948,"No"
75949,"No"
75950,"No"
75951,"Yes"
75952,"No"
75953,"No"
75954,"Yes"
75955,"No"
75956,"Yes"
75957,"No"
75958,"No"
75959,"No"
75960,"No"
75961,"No"
75962,"No"
75963,"Yes"
75964,"Yes"
75965,"No"
75966,"No"
75967,"No"
75968,"No"
75969,"Yes"
75970,"Yes"
75971,"No"
75972,"Yes"
75973,"No"
75974,"No"
75975,"No"
75976,"No"
75977,"No"
75978,"No"
75979,"No"
75980,"Yes"
75981,"No"
75982,"Yes"
75983,"No"
75984,"Yes"
75985,"No"
75986,"Yes"
75987,"Yes"
75988,"Yes"
75989,"Yes"
75990,"No"
75991,"No"
75992,"No"
75993,"No"
75994,"No"
75995,"No"
75996,"No"
75997,"No"
75998,"Yes"
75999,"No"
76000,"Yes"
76001,"No"
76002,"No"
76003,"No"
76004,"No"
76005,"Yes"
76006,"No"
76007,"Yes"
76008,"No"
76009,"No"
76010,"No"
76011,"No"
76012,"No"
76013,"No"
76014,"Yes"
76015,"No"
76016,"No"
76017,"No"
76018,"No"
76019,"No"
76020,"Yes"
76021,"Yes"
76022,"No"
76023,"Yes"
76024,"No"
76025,"No"
76026,"Yes"
76027,"No"
76028,"No"
76029,"Yes"
76030,"No"
76031,"No"
76032,"No"
76033,"No"
76034,"Yes"
76035,"No"
76036,"No"
76037,"No"
76038,"Yes"
76039,"No"
76040,"Yes"
76041,"No"
76042,"No"
76043,"Yes"
76044,"Yes"
76045,"No"
76046,"No"
76047,"No"
76048,"No"
76049,"No"
76050,"No"
76051,"No"
76052,"No"
76053,"No"
76054,"Yes"
76055,"Yes"
76056,"No"
76057,"Yes"
76058,"No"
76059,"No"
76060,"No"
76061,"No"
76062,"No"
76063,"No"
76064,"No"
76065,"No"
76066,"No"
76067,"Yes"
76068,"Yes"
76069,"Yes"
76070,"No"
76071,"No"
76072,"Yes"
76073,"No"
76074,"No"
76075,"Yes"
76076,"No"
76077,"No"
76078,"No"
76079,"No"
76080,"No"
76081,"No"
76082,"Yes"
76083,"Yes"
76084,"No"
76085,"No"
76086,"No"
76087,"Yes"
76088,"No"
76089,"No"
76090,"No"
76091,"No"
76092,"No"
76093,"Yes"
76094,"No"
76095,"No"
76096,"No"
76097,"Yes"
76098,"No"
76099,"No"
76100,"No"
76101,"No"
76102,"No"
76103,"No"
76104,"Yes"
76105,"No"
76106,"No"
76107,"Yes"
76108,"No"
76109,"No"
76110,"No"
76111,"No"
76112,"No"
76113,"No"
76114,"Yes"
76115,"Yes"
76116,"Yes"
76117,"Yes"
76118,"No"
76119,"No"
76120,"Yes"
76121,"No"
76122,"No"
76123,"No"
76124,"Yes"
76125,"Yes"
76126,"Yes"
76127,"No"
76128,"No"
76129,"Yes"
76130,"No"
76131,"No"
76132,"No"
76133,"No"
76134,"Yes"
76135,"No"
76136,"No"
76137,"No"
76138,"No"
76139,"No"
76140,"No"
76141,"No"
76142,"No"
76143,"No"
76144,"No"
76145,"Yes"
76146,"No"
76147,"No"
76148,"Yes"
76149,"Yes"
76150,"No"
76151,"No"
76152,"No"
76153,"Yes"
76154,"No"
76155,"No"
76156,"Yes"
76157,"No"
76158,"No"
76159,"No"
76160,"No"
76161,"No"
76162,"No"
76163,"No"
76164,"No"
76165,"No"
76166,"Yes"
76167,"Yes"
76168,"No"
76169,"Yes"
76170,"No"
76171,"No"
76172,"No"
76173,"No"
76174,"Yes"
76175,"Yes"
76176,"No"
76177,"No"
76178,"No"
76179,"Yes"
76180,"Yes"
76181,"No"
76182,"No"
76183,"No"
76184,"Yes"
76185,"No"
76186,"No"
76187,"No"
76188,"No"
76189,"No"
76190,"No"
76191,"No"
76192,"Yes"
76193,"Yes"
76194,"Yes"
76195,"No"
76196,"No"
76197,"Yes"
76198,"No"
76199,"Yes"
76200,"Yes"
76201,"Yes"
76202,"No"
76203,"No"
76204,"No"
76205,"No"
76206,"Yes"
76207,"No"
76208,"Yes"
76209,"Yes"
76210,"Yes"
76211,"No"
76212,"Yes"
76213,"No"
76214,"Yes"
76215,"Yes"
76216,"No"
76217,"Yes"
76218,"No"
76219,"No"
76220,"No"
76221,"No"
76222,"No"
76223,"No"
76224,"No"
76225,"No"
76226,"Yes"
76227,"No"
76228,"Yes"
76229,"No"
76230,"No"
76231,"No"
76232,"Yes"
76233,"No"
76234,"No"
76235,"No"
76236,"Yes"
76237,"No"
76238,"No"
76239,"No"
76240,"No"
76241,"No"
76242,"No"
76243,"No"
76244,"Yes"
76245,"No"
76246,"No"
76247,"No"
76248,"Yes"
76249,"No"
76250,"No"
76251,"No"
76252,"Yes"
76253,"No"
76254,"Yes"
76255,"No"
76256,"No"
76257,"No"
76258,"Yes"
76259,"Yes"
76260,"Yes"
76261,"Yes"
76262,"No"
76263,"No"
76264,"No"
76265,"No"
76266,"Yes"
76267,"Yes"
76268,"No"
76269,"Yes"
76270,"Yes"
76271,"Yes"
76272,"Yes"
76273,"Yes"
76274,"No"
76275,"Yes"
76276,"No"
76277,"No"
76278,"Yes"
76279,"No"
76280,"No"
76281,"No"
76282,"No"
76283,"No"
76284,"No"
76285,"No"
76286,"No"
76287,"Yes"
76288,"No"
76289,"No"
76290,"No"
76291,"Yes"
76292,"No"
76293,"No"
76294,"No"
76295,"No"
76296,"Yes"
76297,"Yes"
76298,"No"
76299,"No"
76300,"No"
76301,"Yes"
76302,"No"
76303,"No"
76304,"No"
76305,"Yes"
76306,"No"
76307,"No"
76308,"No"
76309,"No"
76310,"Yes"
76311,"No"
76312,"Yes"
76313,"No"
76314,"No"
76315,"No"
76316,"No"
76317,"Yes"
76318,"Yes"
76319,"No"
76320,"No"
76321,"Yes"
76322,"No"
76323,"No"
76324,"No"
76325,"No"
76326,"Yes"
76327,"Yes"
76328,"No"
76329,"No"
76330,"No"
76331,"No"
76332,"No"
76333,"Yes"
76334,"Yes"
76335,"Yes"
76336,"No"
76337,"No"
76338,"No"
76339,"No"
76340,"Yes"
76341,"No"
76342,"No"
76343,"No"
76344,"Yes"
76345,"No"
76346,"No"
76347,"No"
76348,"Yes"
76349,"No"
76350,"No"
76351,"Yes"
76352,"No"
76353,"Yes"
76354,"No"
76355,"No"
76356,"No"
76357,"No"
76358,"No"
76359,"Yes"
76360,"No"
76361,"No"
76362,"No"
76363,"Yes"
76364,"No"
76365,"No"
76366,"No"
76367,"No"
76368,"No"
76369,"Yes"
76370,"No"
76371,"No"
76372,"No"
76373,"No"
76374,"Yes"
76375,"Yes"
76376,"No"
76377,"No"
76378,"No"
76379,"No"
76380,"Yes"
76381,"No"
76382,"No"
76383,"Yes"
76384,"No"
76385,"No"
76386,"No"
76387,"Yes"
76388,"Yes"
76389,"No"
76390,"Yes"
76391,"No"
76392,"No"
76393,"No"
76394,"Yes"
76395,"No"
76396,"No"
76397,"Yes"
76398,"No"
76399,"No"
76400,"No"
76401,"Yes"
76402,"No"
76403,"No"
76404,"No"
76405,"No"
76406,"No"
76407,"No"
76408,"No"
76409,"No"
76410,"No"
76411,"No"
76412,"No"
76413,"No"
76414,"No"
76415,"Yes"
76416,"Yes"
76417,"No"
76418,"Yes"
76419,"Yes"
76420,"No"
76421,"No"
76422,"No"
76423,"No"
76424,"No"
76425,"No"
76426,"No"
76427,"Yes"
76428,"Yes"
76429,"Yes"
76430,"No"
76431,"No"
76432,"No"
76433,"Yes"
76434,"Yes"
76435,"Yes"
76436,"Yes"
76437,"No"
76438,"No"
76439,"No"
76440,"No"
76441,"No"
76442,"No"
76443,"No"
76444,"No"
76445,"No"
76446,"No"
76447,"No"
76448,"No"
76449,"No"
76450,"No"
76451,"Yes"
76452,"No"
76453,"Yes"
76454,"No"
76455,"Yes"
76456,"No"
76457,"No"
76458,"Yes"
76459,"No"
76460,"No"
76461,"Yes"
76462,"No"
76463,"No"
76464,"No"
76465,"No"
76466,"Yes"
76467,"No"
76468,"No"
76469,"Yes"
76470,"No"
76471,"No"
76472,"No"
76473,"No"
76474,"Yes"
76475,"No"
76476,"No"
76477,"No"
76478,"No"
76479,"No"
76480,"No"
76481,"Yes"
76482,"No"
76483,"No"
76484,"No"
76485,"Yes"
76486,"No"
76487,"No"
76488,"Yes"
76489,"No"
76490,"No"
76491,"Yes"
76492,"No"
76493,"Yes"
76494,"No"
76495,"Yes"
76496,"Yes"
76497,"No"
76498,"Yes"
76499,"No"
76500,"No"
76501,"No"
76502,"No"
76503,"No"
76504,"No"
76505,"No"
76506,"No"
76507,"No"
76508,"No"
76509,"Yes"
76510,"No"
76511,"No"
76512,"Yes"
76513,"No"
76514,"No"
76515,"Yes"
76516,"No"
76517,"No"
76518,"Yes"
76519,"No"
76520,"No"
76521,"Yes"
76522,"No"
76523,"Yes"
76524,"No"
76525,"Yes"
76526,"Yes"
76527,"No"
76528,"No"
76529,"No"
76530,"Yes"
76531,"No"
76532,"No"
76533,"No"
76534,"No"
76535,"No"
76536,"No"
76537,"No"
76538,"Yes"
76539,"No"
76540,"No"
76541,"No"
76542,"No"
76543,"Yes"
76544,"No"
76545,"No"
76546,"No"
76547,"No"
76548,"No"
76549,"No"
76550,"No"
76551,"No"
76552,"Yes"
76553,"No"
76554,"No"
76555,"No"
76556,"Yes"
76557,"Yes"
76558,"No"
76559,"No"
76560,"No"
76561,"No"
76562,"No"
76563,"Yes"
76564,"No"
76565,"No"
76566,"No"
76567,"Yes"
76568,"Yes"
76569,"No"
76570,"Yes"
76571,"No"
76572,"No"
76573,"No"
76574,"No"
76575,"Yes"
76576,"No"
76577,"No"
76578,"No"
76579,"No"
76580,"No"
76581,"No"
76582,"No"
76583,"No"
76584,"Yes"
76585,"No"
76586,"No"
76587,"Yes"
76588,"No"
76589,"No"
76590,"No"
76591,"No"
76592,"Yes"
76593,"No"
76594,"No"
76595,"No"
76596,"No"
76597,"No"
76598,"No"
76599,"No"
76600,"Yes"
76601,"No"
76602,"No"
76603,"Yes"
76604,"Yes"
76605,"No"
76606,"No"
76607,"No"
76608,"No"
76609,"No"
76610,"Yes"
76611,"No"
76612,"No"
76613,"No"
76614,"Yes"
76615,"No"
76616,"No"
76617,"No"
76618,"Yes"
76619,"Yes"
76620,"Yes"
76621,"Yes"
76622,"Yes"
76623,"No"
76624,"Yes"
76625,"Yes"
76626,"Yes"
76627,"No"
76628,"No"
76629,"No"
76630,"No"
76631,"No"
76632,"No"
76633,"Yes"
76634,"No"
76635,"No"
76636,"No"
76637,"No"
76638,"Yes"
76639,"No"
76640,"No"
76641,"Yes"
76642,"No"
76643,"No"
76644,"No"
76645,"No"
76646,"Yes"
76647,"Yes"
76648,"No"
76649,"Yes"
76650,"No"
76651,"No"
76652,"Yes"
76653,"No"
76654,"No"
76655,"No"
76656,"No"
76657,"Yes"
76658,"No"
76659,"No"
76660,"No"
76661,"No"
76662,"No"
76663,"No"
76664,"No"
76665,"No"
76666,"Yes"
76667,"Yes"
76668,"No"
76669,"No"
76670,"Yes"
76671,"No"
76672,"No"
76673,"No"
76674,"No"
76675,"Yes"
76676,"Yes"
76677,"No"
76678,"No"
76679,"Yes"
76680,"Yes"
76681,"Yes"
76682,"No"
76683,"No"
76684,"No"
76685,"No"
76686,"No"
76687,"No"
76688,"Yes"
76689,"No"
76690,"No"
76691,"No"
76692,"Yes"
76693,"No"
76694,"No"
76695,"No"
76696,"No"
76697,"Yes"
76698,"Yes"
76699,"Yes"
76700,"No"
76701,"Yes"
76702,"No"
76703,"No"
76704,"No"
76705,"No"
76706,"Yes"
76707,"No"
76708,"No"
76709,"No"
76710,"Yes"
76711,"No"
76712,"Yes"
76713,"Yes"
76714,"No"
76715,"No"
76716,"No"
76717,"No"
76718,"Yes"
76719,"No"
76720,"No"
76721,"No"
76722,"No"
76723,"No"
76724,"Yes"
76725,"No"
76726,"Yes"
76727,"Yes"
76728,"No"
76729,"No"
76730,"Yes"
76731,"No"
76732,"No"
76733,"No"
76734,"No"
76735,"No"
76736,"No"
76737,"No"
76738,"No"
76739,"Yes"
76740,"Yes"
76741,"Yes"
76742,"No"
76743,"Yes"
76744,"No"
76745,"Yes"
76746,"No"
76747,"Yes"
76748,"No"
76749,"No"
76750,"Yes"
76751,"Yes"
76752,"No"
76753,"No"
76754,"No"
76755,"Yes"
76756,"Yes"
76757,"No"
76758,"No"
76759,"No"
76760,"Yes"
76761,"No"
76762,"No"
76763,"Yes"
76764,"No"
76765,"Yes"
76766,"No"
76767,"No"
76768,"No"
76769,"No"
76770,"No"
76771,"No"
76772,"No"
76773,"No"
76774,"No"
76775,"No"
76776,"No"
76777,"No"
76778,"Yes"
76779,"No"
76780,"No"
76781,"No"
76782,"No"
76783,"No"
76784,"No"
76785,"No"
76786,"Yes"
76787,"No"
76788,"No"
76789,"Yes"
76790,"No"
76791,"Yes"
76792,"No"
76793,"No"
76794,"Yes"
76795,"Yes"
76796,"Yes"
76797,"Yes"
76798,"No"
76799,"No"
76800,"Yes"
76801,"Yes"
76802,"No"
76803,"Yes"
76804,"No"
76805,"No"
76806,"No"
76807,"No"
76808,"No"
76809,"No"
76810,"No"
76811,"No"
76812,"No"
76813,"No"
76814,"No"
76815,"No"
76816,"No"
76817,"No"
76818,"No"
76819,"Yes"
76820,"Yes"
76821,"Yes"
76822,"No"
76823,"No"
76824,"No"
76825,"Yes"
76826,"Yes"
76827,"Yes"
76828,"Yes"
76829,"No"
76830,"Yes"
76831,"No"
76832,"Yes"
76833,"No"
76834,"Yes"
76835,"No"
76836,"Yes"
76837,"Yes"
76838,"Yes"
76839,"Yes"
76840,"Yes"
76841,"No"
76842,"Yes"
76843,"No"
76844,"No"
76845,"No"
76846,"No"
76847,"No"
76848,"No"
76849,"No"
76850,"No"
76851,"No"
76852,"No"
76853,"No"
76854,"Yes"
76855,"No"
76856,"No"
76857,"Yes"
76858,"No"
76859,"No"
76860,"No"
76861,"No"
76862,"Yes"
76863,"No"
76864,"No"
76865,"No"
76866,"No"
76867,"No"
76868,"No"
76869,"Yes"
76870,"Yes"
76871,"Yes"
76872,"Yes"
76873,"No"
76874,"No"
76875,"No"
76876,"Yes"
76877,"No"
76878,"No"
76879,"Yes"
76880,"No"
76881,"Yes"
76882,"No"
76883,"Yes"
76884,"No"
76885,"No"
76886,"Yes"
76887,"No"
76888,"Yes"
76889,"No"
76890,"No"
76891,"No"
76892,"No"
76893,"No"
76894,"No"
76895,"Yes"
76896,"No"
76897,"No"
76898,"No"
76899,"No"
76900,"No"
76901,"Yes"
76902,"No"
76903,"Yes"
76904,"Yes"
76905,"No"
76906,"No"
76907,"Yes"
76908,"Yes"
76909,"Yes"
76910,"No"
76911,"No"
76912,"No"
76913,"No"
76914,"No"
76915,"Yes"
76916,"No"
76917,"Yes"
76918,"No"
76919,"Yes"
76920,"No"
76921,"No"
76922,"Yes"
76923,"Yes"
76924,"No"
76925,"No"
76926,"No"
76927,"No"
76928,"No"
76929,"No"
76930,"No"
76931,"No"
76932,"No"
76933,"No"
76934,"No"
76935,"Yes"
76936,"No"
76937,"No"
76938,"Yes"
76939,"Yes"
76940,"No"
76941,"Yes"
76942,"Yes"
76943,"No"
76944,"Yes"
76945,"No"
76946,"No"
76947,"Yes"
76948,"No"
76949,"No"
76950,"No"
76951,"No"
76952,"No"
76953,"No"
76954,"No"
76955,"No"
76956,"No"
76957,"No"
76958,"No"
76959,"No"
76960,"No"
76961,"No"
76962,"No"
76963,"No"
76964,"Yes"
76965,"No"
76966,"Yes"
76967,"No"
76968,"No"
76969,"Yes"
76970,"No"
76971,"No"
76972,"Yes"
76973,"Yes"
76974,"No"
76975,"Yes"
76976,"Yes"
76977,"Yes"
76978,"No"
76979,"No"
76980,"No"
76981,"No"
76982,"Yes"
76983,"Yes"
76984,"Yes"
76985,"No"
76986,"Yes"
76987,"Yes"
76988,"No"
76989,"Yes"
76990,"No"
76991,"Yes"
76992,"Yes"
76993,"No"
76994,"Yes"
76995,"No"
76996,"No"
76997,"No"
76998,"No"
76999,"No"
77000,"No"
77001,"Yes"
77002,"Yes"
77003,"No"
77004,"Yes"
77005,"No"
77006,"No"
77007,"Yes"
77008,"No"
77009,"No"
77010,"No"
77011,"No"
77012,"No"
77013,"No"
77014,"No"
77015,"Yes"
77016,"No"
77017,"No"
77018,"No"
77019,"Yes"
77020,"Yes"
77021,"No"
77022,"No"
77023,"No"
77024,"No"
77025,"No"
77026,"Yes"
77027,"Yes"
77028,"No"
77029,"Yes"
77030,"No"
77031,"No"
77032,"No"
77033,"Yes"
77034,"No"
77035,"No"
77036,"No"
77037,"Yes"
77038,"No"
77039,"Yes"
77040,"Yes"
77041,"Yes"
77042,"No"
77043,"No"
77044,"No"
77045,"No"
77046,"No"
77047,"No"
77048,"Yes"
77049,"No"
77050,"No"
77051,"No"
77052,"No"
77053,"No"
77054,"No"
77055,"No"
77056,"No"
77057,"No"
77058,"No"
77059,"Yes"
77060,"No"
77061,"Yes"
77062,"No"
77063,"Yes"
77064,"Yes"
77065,"No"
77066,"No"
77067,"No"
77068,"Yes"
77069,"Yes"
77070,"No"
77071,"Yes"
77072,"No"
77073,"Yes"
77074,"No"
77075,"No"
77076,"No"
77077,"Yes"
77078,"No"
77079,"No"
77080,"No"
77081,"Yes"
77082,"No"
77083,"No"
77084,"No"
77085,"No"
77086,"No"
77087,"No"
77088,"No"
77089,"No"
77090,"Yes"
77091,"No"
77092,"No"
77093,"No"
77094,"Yes"
77095,"No"
77096,"Yes"
77097,"No"
77098,"No"
77099,"Yes"
77100,"No"
77101,"No"
77102,"No"
77103,"Yes"
77104,"Yes"
77105,"Yes"
77106,"Yes"
77107,"No"
77108,"No"
77109,"No"
77110,"No"
77111,"Yes"
77112,"No"
77113,"No"
77114,"No"
77115,"Yes"
77116,"Yes"
77117,"No"
77118,"No"
77119,"No"
77120,"No"
77121,"No"
77122,"No"
77123,"No"
77124,"No"
77125,"Yes"
77126,"No"
77127,"No"
77128,"No"
77129,"No"
77130,"Yes"
77131,"No"
77132,"Yes"
77133,"No"
77134,"Yes"
77135,"Yes"
77136,"Yes"
77137,"Yes"
77138,"No"
77139,"No"
77140,"Yes"
77141,"Yes"
77142,"No"
77143,"No"
77144,"No"
77145,"No"
77146,"No"
77147,"Yes"
77148,"Yes"
77149,"Yes"
77150,"No"
77151,"Yes"
77152,"Yes"
77153,"No"
77154,"No"
77155,"No"
77156,"Yes"
77157,"Yes"
77158,"No"
77159,"No"
77160,"No"
77161,"No"
77162,"Yes"
77163,"No"
77164,"No"
77165,"No"
77166,"Yes"
77167,"Yes"
77168,"No"
77169,"No"
77170,"No"
77171,"Yes"
77172,"No"
77173,"No"
77174,"Yes"
77175,"No"
77176,"No"
77177,"No"
77178,"No"
77179,"No"
77180,"Yes"
77181,"No"
77182,"No"
77183,"No"
77184,"No"
77185,"No"
77186,"No"
77187,"No"
77188,"No"
77189,"No"
77190,"No"
77191,"No"
77192,"No"
77193,"No"
77194,"No"
77195,"No"
77196,"No"
77197,"No"
77198,"Yes"
77199,"Yes"
77200,"Yes"
77201,"Yes"
77202,"Yes"
77203,"Yes"
77204,"No"
77205,"Yes"
77206,"No"
77207,"Yes"
77208,"Yes"
77209,"No"
77210,"No"
77211,"No"
77212,"No"
77213,"Yes"
77214,"No"
77215,"No"
77216,"Yes"
77217,"No"
77218,"Yes"
77219,"No"
77220,"Yes"
77221,"No"
77222,"No"
77223,"No"
77224,"No"
77225,"No"
77226,"No"
77227,"No"
77228,"No"
77229,"Yes"
77230,"Yes"
77231,"No"
77232,"No"
77233,"No"
77234,"Yes"
77235,"No"
77236,"Yes"
77237,"No"
77238,"No"
77239,"No"
77240,"No"
77241,"No"
77242,"No"
77243,"No"
77244,"No"
77245,"No"
77246,"No"
77247,"No"
77248,"No"
77249,"No"
77250,"No"
77251,"No"
77252,"Yes"
77253,"No"
77254,"Yes"
77255,"No"
77256,"Yes"
77257,"Yes"
77258,"No"
77259,"Yes"
77260,"No"
77261,"Yes"
77262,"Yes"
77263,"Yes"
77264,"No"
77265,"Yes"
77266,"No"
77267,"No"
77268,"No"
77269,"Yes"
77270,"No"
77271,"Yes"
77272,"No"
77273,"No"
77274,"No"
77275,"No"
77276,"Yes"
77277,"No"
77278,"No"
77279,"Yes"
77280,"No"
77281,"Yes"
77282,"No"
77283,"No"
77284,"No"
77285,"No"
77286,"No"
77287,"Yes"
77288,"No"
77289,"No"
77290,"No"
77291,"No"
77292,"No"
77293,"No"
77294,"No"
77295,"No"
77296,"Yes"
77297,"No"
77298,"No"
77299,"No"
77300,"No"
77301,"No"
77302,"No"
77303,"No"
77304,"Yes"
77305,"No"
77306,"No"
77307,"Yes"
77308,"No"
77309,"Yes"
77310,"No"
77311,"Yes"
77312,"No"
77313,"No"
77314,"Yes"
77315,"No"
77316,"No"
77317,"No"
77318,"Yes"
77319,"No"
77320,"No"
77321,"Yes"
77322,"Yes"
77323,"No"
77324,"No"
77325,"Yes"
77326,"No"
77327,"Yes"
77328,"No"
77329,"No"
77330,"No"
77331,"No"
77332,"No"
77333,"No"
77334,"Yes"
77335,"No"
77336,"No"
77337,"No"
77338,"Yes"
77339,"No"
77340,"No"
77341,"No"
77342,"Yes"
77343,"No"
77344,"No"
77345,"Yes"
77346,"No"
77347,"Yes"
77348,"No"
77349,"No"
77350,"Yes"
77351,"No"
77352,"No"
77353,"Yes"
77354,"No"
77355,"No"
77356,"Yes"
77357,"No"
77358,"No"
77359,"No"
77360,"Yes"
77361,"No"
77362,"No"
77363,"No"
77364,"Yes"
77365,"No"
77366,"Yes"
77367,"No"
77368,"No"
77369,"No"
77370,"No"
77371,"Yes"
77372,"No"
77373,"No"
77374,"No"
77375,"No"
77376,"No"
77377,"Yes"
77378,"Yes"
77379,"No"
77380,"Yes"
77381,"No"
77382,"No"
77383,"Yes"
77384,"No"
77385,"Yes"
77386,"Yes"
77387,"No"
77388,"No"
77389,"Yes"
77390,"No"
77391,"No"
77392,"No"
77393,"Yes"
77394,"No"
77395,"No"
77396,"No"
77397,"No"
77398,"No"
77399,"Yes"
77400,"No"
77401,"Yes"
77402,"No"
77403,"Yes"
77404,"Yes"
77405,"Yes"
77406,"Yes"
77407,"Yes"
77408,"No"
77409,"Yes"
77410,"No"
77411,"Yes"
77412,"Yes"
77413,"No"
77414,"Yes"
77415,"Yes"
77416,"Yes"
77417,"No"
77418,"Yes"
77419,"No"
77420,"No"
77421,"No"
77422,"No"
77423,"No"
77424,"No"
77425,"No"
77426,"No"
77427,"Yes"
77428,"No"
77429,"No"
77430,"Yes"
77431,"No"
77432,"No"
77433,"No"
77434,"Yes"
77435,"No"
77436,"Yes"
77437,"Yes"
77438,"No"
77439,"No"
77440,"Yes"
77441,"No"
77442,"No"
77443,"No"
77444,"No"
77445,"No"
77446,"No"
77447,"No"
77448,"No"
77449,"Yes"
77450,"No"
77451,"No"
77452,"Yes"
77453,"No"
77454,"No"
77455,"No"
77456,"No"
77457,"No"
77458,"Yes"
77459,"No"
77460,"Yes"
77461,"Yes"
77462,"Yes"
77463,"Yes"
77464,"No"
77465,"No"
77466,"No"
77467,"Yes"
77468,"No"
77469,"No"
77470,"Yes"
77471,"Yes"
77472,"No"
77473,"No"
77474,"Yes"
77475,"Yes"
77476,"Yes"
77477,"No"
77478,"No"
77479,"Yes"
77480,"Yes"
77481,"No"
77482,"Yes"
77483,"Yes"
77484,"No"
77485,"Yes"
77486,"Yes"
77487,"Yes"
77488,"No"
77489,"No"
77490,"Yes"
77491,"Yes"
77492,"Yes"
77493,"No"
77494,"No"
77495,"No"
77496,"No"
77497,"No"
77498,"No"
77499,"No"
77500,"Yes"
77501,"No"
77502,"Yes"
77503,"Yes"
77504,"Yes"
77505,"No"
77506,"No"
77507,"No"
77508,"Yes"
77509,"Yes"
77510,"Yes"
77511,"No"
77512,"No"
77513,"No"
77514,"Yes"
77515,"Yes"
77516,"Yes"
77517,"No"
77518,"Yes"
77519,"Yes"
77520,"No"
77521,"Yes"
77522,"No"
77523,"Yes"
77524,"No"
77525,"No"
77526,"No"
77527,"No"
77528,"No"
77529,"Yes"
77530,"Yes"
77531,"No"
77532,"No"
77533,"No"
77534,"No"
77535,"Yes"
77536,"No"
77537,"Yes"
77538,"Yes"
77539,"Yes"
77540,"No"
77541,"No"
77542,"No"
77543,"Yes"
77544,"No"
77545,"No"
77546,"No"
77547,"No"
77548,"Yes"
77549,"No"
77550,"Yes"
77551,"No"
77552,"No"
77553,"No"
77554,"Yes"
77555,"No"
77556,"Yes"
77557,"No"
77558,"Yes"
77559,"No"
77560,"No"
77561,"No"
77562,"No"
77563,"No"
77564,"No"
77565,"Yes"
77566,"No"
77567,"No"
77568,"Yes"
77569,"No"
77570,"Yes"
77571,"No"
77572,"No"
77573,"No"
77574,"No"
77575,"No"
77576,"No"
77577,"No"
77578,"No"
77579,"Yes"
77580,"No"
77581,"No"
77582,"No"
77583,"Yes"
77584,"No"
77585,"No"
77586,"No"
77587,"Yes"
77588,"Yes"
77589,"No"
77590,"Yes"
77591,"No"
77592,"No"
77593,"No"
77594,"Yes"
77595,"No"
77596,"No"
77597,"No"
77598,"No"
77599,"No"
77600,"Yes"
77601,"No"
77602,"Yes"
77603,"No"
77604,"Yes"
77605,"No"
77606,"No"
77607,"No"
77608,"No"
77609,"No"
77610,"Yes"
77611,"Yes"
77612,"No"
77613,"No"
77614,"No"
77615,"Yes"
77616,"No"
77617,"Yes"
77618,"No"
77619,"No"
77620,"No"
77621,"No"
77622,"Yes"
77623,"No"
77624,"No"
77625,"Yes"
77626,"Yes"
77627,"No"
77628,"Yes"
77629,"No"
77630,"No"
77631,"No"
77632,"No"
77633,"No"
77634,"No"
77635,"Yes"
77636,"Yes"
77637,"No"
77638,"Yes"
77639,"No"
77640,"No"
77641,"No"
77642,"No"
77643,"Yes"
77644,"No"
77645,"No"
77646,"Yes"
77647,"No"
77648,"Yes"
77649,"No"
77650,"No"
77651,"No"
77652,"No"
77653,"No"
77654,"No"
77655,"Yes"
77656,"Yes"
77657,"No"
77658,"No"
77659,"No"
77660,"No"
77661,"No"
77662,"No"
77663,"Yes"
77664,"No"
77665,"No"
77666,"No"
77667,"Yes"
77668,"Yes"
77669,"No"
77670,"Yes"
77671,"Yes"
77672,"No"
77673,"No"
77674,"No"
77675,"No"
77676,"Yes"
77677,"No"
77678,"No"
77679,"Yes"
77680,"No"
77681,"No"
77682,"No"
77683,"Yes"
77684,"No"
77685,"Yes"
77686,"Yes"
77687,"No"
77688,"No"
77689,"No"
77690,"No"
77691,"No"
77692,"No"
77693,"No"
77694,"No"
77695,"Yes"
77696,"No"
77697,"No"
77698,"No"
77699,"Yes"
77700,"Yes"
77701,"Yes"
77702,"Yes"
77703,"No"
77704,"Yes"
77705,"Yes"
77706,"No"
77707,"No"
77708,"No"
77709,"No"
77710,"No"
77711,"No"
77712,"No"
77713,"No"
77714,"No"
77715,"No"
77716,"No"
77717,"No"
77718,"Yes"
77719,"Yes"
77720,"No"
77721,"No"
77722,"No"
77723,"No"
77724,"No"
77725,"No"
77726,"No"
77727,"Yes"
77728,"No"
77729,"Yes"
77730,"Yes"
77731,"Yes"
77732,"No"
77733,"No"
77734,"No"
77735,"Yes"
77736,"No"
77737,"No"
77738,"No"
77739,"No"
77740,"Yes"
77741,"No"
77742,"No"
77743,"No"
77744,"No"
77745,"No"
77746,"Yes"
77747,"No"
77748,"No"
77749,"No"
77750,"No"
77751,"No"
77752,"Yes"
77753,"No"
77754,"No"
77755,"Yes"
77756,"Yes"
77757,"No"
77758,"No"
77759,"No"
77760,"No"
77761,"No"
77762,"No"
77763,"Yes"
77764,"No"
77765,"No"
77766,"Yes"
77767,"No"
77768,"No"
77769,"No"
77770,"Yes"
77771,"Yes"
77772,"No"
77773,"Yes"
77774,"Yes"
77775,"Yes"
77776,"No"
77777,"No"
77778,"No"
77779,"Yes"
77780,"No"
77781,"Yes"
77782,"Yes"
77783,"Yes"
77784,"No"
77785,"Yes"
77786,"No"
77787,"No"
77788,"No"
77789,"Yes"
77790,"No"
77791,"No"
77792,"No"
77793,"No"
77794,"No"
77795,"Yes"
77796,"Yes"
77797,"No"
77798,"Yes"
77799,"No"
77800,"No"
77801,"No"
77802,"No"
77803,"Yes"
77804,"No"
77805,"Yes"
77806,"No"
77807,"No"
77808,"No"
77809,"No"
77810,"No"
77811,"No"
77812,"Yes"
77813,"No"
77814,"No"
77815,"No"
77816,"No"
77817,"Yes"
77818,"No"
77819,"Yes"
77820,"No"
77821,"No"
77822,"No"
77823,"No"
77824,"No"
77825,"Yes"
77826,"No"
77827,"No"
77828,"No"
77829,"No"
77830,"No"
77831,"No"
77832,"No"
77833,"No"
77834,"No"
77835,"Yes"
77836,"No"
77837,"No"
77838,"No"
77839,"No"
77840,"No"
77841,"No"
77842,"No"
77843,"No"
77844,"No"
77845,"No"
77846,"No"
77847,"No"
77848,"Yes"
77849,"Yes"
77850,"No"
77851,"Yes"
77852,"Yes"
77853,"Yes"
77854,"Yes"
77855,"Yes"
77856,"No"
77857,"Yes"
77858,"No"
77859,"No"
77860,"Yes"
77861,"Yes"
77862,"No"
77863,"No"
77864,"Yes"
77865,"No"
77866,"Yes"
77867,"No"
77868,"Yes"
77869,"No"
77870,"No"
77871,"No"
77872,"No"
77873,"No"
77874,"No"
77875,"No"
77876,"No"
77877,"No"
77878,"Yes"
77879,"Yes"
77880,"No"
77881,"No"
77882,"No"
77883,"Yes"
77884,"No"
77885,"No"
77886,"No"
77887,"Yes"
77888,"No"
77889,"No"
77890,"Yes"
77891,"No"
77892,"Yes"
77893,"No"
77894,"No"
77895,"Yes"
77896,"No"
77897,"No"
77898,"No"
77899,"No"
77900,"No"
77901,"No"
77902,"No"
77903,"No"
77904,"No"
77905,"No"
77906,"No"
77907,"No"
77908,"No"
77909,"No"
77910,"No"
77911,"No"
77912,"No"
77913,"No"
77914,"No"
77915,"No"
77916,"Yes"
77917,"No"
77918,"No"
77919,"Yes"
77920,"Yes"
77921,"No"
77922,"Yes"
77923,"No"
77924,"Yes"
77925,"Yes"
77926,"No"
77927,"No"
77928,"Yes"
77929,"No"
77930,"No"
77931,"No"
77932,"Yes"
77933,"No"
77934,"No"
77935,"No"
77936,"No"
77937,"Yes"
77938,"No"
77939,"No"
77940,"Yes"
77941,"Yes"
77942,"Yes"
77943,"No"
77944,"No"
77945,"No"
77946,"Yes"
77947,"No"
77948,"No"
77949,"No"
77950,"No"
77951,"No"
77952,"Yes"
77953,"No"
77954,"No"
77955,"No"
77956,"No"
77957,"No"
77958,"No"
77959,"No"
77960,"No"
77961,"No"
77962,"No"
77963,"No"
77964,"Yes"
77965,"Yes"
77966,"No"
77967,"No"
77968,"Yes"
77969,"No"
77970,"No"
77971,"No"
77972,"No"
77973,"No"
77974,"No"
77975,"Yes"
77976,"No"
77977,"No"
77978,"No"
77979,"No"
77980,"Yes"
77981,"No"
77982,"No"
77983,"Yes"
77984,"No"
77985,"No"
77986,"Yes"
77987,"No"
77988,"No"
77989,"No"
77990,"Yes"
77991,"No"
77992,"No"
77993,"No"
77994,"No"
77995,"No"
77996,"No"
77997,"No"
77998,"No"
77999,"Yes"
78000,"Yes"
78001,"Yes"
78002,"No"
78003,"No"
78004,"No"
78005,"No"
78006,"No"
78007,"No"
78008,"No"
78009,"Yes"
78010,"No"
78011,"No"
78012,"No"
78013,"Yes"
78014,"No"
78015,"No"
78016,"No"
78017,"No"
78018,"No"
78019,"No"
78020,"Yes"
78021,"No"
78022,"No"
78023,"No"
78024,"Yes"
78025,"No"
78026,"Yes"
78027,"No"
78028,"No"
78029,"No"
78030,"No"
78031,"No"
78032,"No"
78033,"Yes"
78034,"No"
78035,"No"
78036,"No"
78037,"No"
78038,"Yes"
78039,"No"
78040,"No"
78041,"Yes"
78042,"No"
78043,"No"
78044,"No"
78045,"Yes"
78046,"No"
78047,"No"
78048,"No"
78049,"Yes"
78050,"No"
78051,"No"
78052,"No"
78053,"Yes"
78054,"Yes"
78055,"Yes"
78056,"Yes"
78057,"Yes"
78058,"No"
78059,"No"
78060,"No"
78061,"No"
78062,"Yes"
78063,"No"
78064,"No"
78065,"No"
78066,"Yes"
78067,"Yes"
78068,"No"
78069,"No"
78070,"No"
78071,"No"
78072,"Yes"
78073,"Yes"
78074,"No"
78075,"No"
78076,"No"
78077,"No"
78078,"Yes"
78079,"Yes"
78080,"No"
78081,"Yes"
78082,"No"
78083,"No"
78084,"Yes"
78085,"No"
78086,"No"
78087,"No"
78088,"No"
78089,"No"
78090,"No"
78091,"No"
78092,"No"
78093,"No"
78094,"Yes"
78095,"Yes"
78096,"Yes"
78097,"No"
78098,"No"
78099,"No"
78100,"No"
78101,"No"
78102,"No"
78103,"No"
78104,"No"
78105,"Yes"
78106,"Yes"
78107,"No"
78108,"Yes"
78109,"No"
78110,"No"
78111,"No"
78112,"No"
78113,"Yes"
78114,"No"
78115,"Yes"
78116,"No"
78117,"No"
78118,"No"
78119,"Yes"
78120,"Yes"
78121,"Yes"
78122,"Yes"
78123,"No"
78124,"No"
78125,"Yes"
78126,"Yes"
78127,"No"
78128,"No"
78129,"No"
78130,"No"
78131,"Yes"
78132,"Yes"
78133,"No"
78134,"No"
78135,"No"
78136,"Yes"
78137,"No"
78138,"Yes"
78139,"No"
78140,"No"
78141,"No"
78142,"No"
78143,"Yes"
78144,"No"
78145,"No"
78146,"No"
78147,"No"
78148,"No"
78149,"Yes"
78150,"No"
78151,"No"
78152,"Yes"
78153,"No"
78154,"Yes"
78155,"No"
78156,"Yes"
78157,"No"
78158,"No"
78159,"No"
78160,"No"
78161,"No"
78162,"No"
78163,"No"
78164,"Yes"
78165,"No"
78166,"No"
78167,"Yes"
78168,"No"
78169,"Yes"
78170,"Yes"
78171,"No"
78172,"No"
78173,"Yes"
78174,"No"
78175,"No"
78176,"No"
78177,"No"
78178,"Yes"
78179,"No"
78180,"Yes"
78181,"No"
78182,"No"
78183,"No"
78184,"No"
78185,"No"
78186,"No"
78187,"No"
78188,"Yes"
78189,"No"
78190,"Yes"
78191,"No"
78192,"No"
78193,"Yes"
78194,"No"
78195,"No"
78196,"No"
78197,"No"
78198,"No"
78199,"Yes"
78200,"No"
78201,"No"
78202,"No"
78203,"No"
78204,"No"
78205,"No"
78206,"No"
78207,"Yes"
78208,"No"
78209,"Yes"
78210,"No"
78211,"No"
78212,"Yes"
78213,"Yes"
78214,"No"
78215,"Yes"
78216,"No"
78217,"No"
78218,"Yes"
78219,"No"
78220,"Yes"
78221,"Yes"
78222,"No"
78223,"No"
78224,"No"
78225,"No"
78226,"No"
78227,"Yes"
78228,"No"
78229,"No"
78230,"No"
78231,"No"
78232,"No"
78233,"No"
78234,"Yes"
78235,"Yes"
78236,"No"
78237,"No"
78238,"No"
78239,"Yes"
78240,"Yes"
78241,"No"
78242,"No"
78243,"No"
78244,"Yes"
78245,"Yes"
78246,"No"
78247,"No"
78248,"Yes"
78249,"No"
78250,"No"
78251,"No"
78252,"No"
78253,"No"
78254,"No"
78255,"Yes"
78256,"Yes"
78257,"No"
78258,"No"
78259,"No"
78260,"No"
78261,"Yes"
78262,"Yes"
78263,"No"
78264,"Yes"
78265,"No"
78266,"No"
78267,"No"
78268,"Yes"
78269,"No"
78270,"No"
78271,"No"
78272,"No"
78273,"Yes"
78274,"No"
78275,"No"
78276,"No"
78277,"Yes"
78278,"No"
78279,"No"
78280,"No"
78281,"No"
78282,"No"
78283,"No"
78284,"No"
78285,"Yes"
78286,"No"
78287,"No"
78288,"Yes"
78289,"Yes"
78290,"No"
78291,"Yes"
78292,"No"
78293,"No"
78294,"No"
78295,"Yes"
78296,"No"
78297,"No"
78298,"No"
78299,"Yes"
78300,"Yes"
78301,"Yes"
78302,"Yes"
78303,"Yes"
78304,"Yes"
78305,"No"
78306,"Yes"
78307,"No"
78308,"No"
78309,"No"
78310,"No"
78311,"No"
78312,"No"
78313,"No"
78314,"Yes"
78315,"No"
78316,"No"
78317,"Yes"
78318,"No"
78319,"No"
78320,"No"
78321,"No"
78322,"Yes"
78323,"Yes"
78324,"Yes"
78325,"No"
78326,"No"
78327,"Yes"
78328,"Yes"
78329,"No"
78330,"No"
78331,"No"
78332,"No"
78333,"No"
78334,"No"
78335,"Yes"
78336,"No"
78337,"No"
78338,"Yes"
78339,"No"
78340,"No"
78341,"No"
78342,"No"
78343,"Yes"
78344,"No"
78345,"No"
78346,"No"
78347,"No"
78348,"No"
78349,"No"
78350,"No"
78351,"No"
78352,"No"
78353,"Yes"
78354,"No"
78355,"No"
78356,"Yes"
78357,"Yes"
78358,"No"
78359,"No"
78360,"No"
78361,"No"
78362,"Yes"
78363,"Yes"
78364,"No"
78365,"No"
78366,"No"
78367,"No"
78368,"Yes"
78369,"No"
78370,"No"
78371,"No"
78372,"No"
78373,"Yes"
78374,"No"
78375,"No"
78376,"Yes"
78377,"No"
78378,"Yes"
78379,"No"
78380,"No"
78381,"No"
78382,"Yes"
78383,"Yes"
78384,"No"
78385,"No"
78386,"Yes"
78387,"No"
78388,"No"
78389,"No"
78390,"No"
78391,"Yes"
78392,"No"
78393,"No"
78394,"No"
78395,"No"
78396,"No"
78397,"No"
78398,"No"
78399,"No"
78400,"No"
78401,"No"
78402,"No"
78403,"No"
78404,"No"
78405,"No"
78406,"Yes"
78407,"Yes"
78408,"No"
78409,"No"
78410,"No"
78411,"No"
78412,"No"
78413,"Yes"
78414,"No"
78415,"No"
78416,"Yes"
78417,"No"
78418,"No"
78419,"No"
78420,"Yes"
78421,"Yes"
78422,"No"
78423,"Yes"
78424,"No"
78425,"No"
78426,"No"
78427,"Yes"
78428,"No"
78429,"No"
78430,"Yes"
78431,"Yes"
78432,"No"
78433,"No"
78434,"Yes"
78435,"No"
78436,"No"
78437,"No"
78438,"Yes"
78439,"Yes"
78440,"Yes"
78441,"No"
78442,"No"
78443,"No"
78444,"Yes"
78445,"No"
78446,"Yes"
78447,"No"
78448,"Yes"
78449,"Yes"
78450,"No"
78451,"No"
78452,"No"
78453,"No"
78454,"Yes"
78455,"Yes"
78456,"Yes"
78457,"Yes"
78458,"No"
78459,"Yes"
78460,"No"
78461,"No"
78462,"No"
78463,"Yes"
78464,"Yes"
78465,"No"
78466,"Yes"
78467,"No"
78468,"No"
78469,"No"
78470,"No"
78471,"No"
78472,"No"
78473,"No"
78474,"No"
78475,"No"
78476,"Yes"
78477,"No"
78478,"No"
78479,"Yes"
78480,"No"
78481,"No"
78482,"No"
78483,"No"
78484,"No"
78485,"No"
78486,"No"
78487,"No"
78488,"No"
78489,"Yes"
78490,"No"
78491,"No"
78492,"Yes"
78493,"No"
78494,"No"
78495,"Yes"
78496,"Yes"
78497,"No"
78498,"No"
78499,"No"
78500,"No"
78501,"No"
78502,"No"
78503,"No"
78504,"Yes"
78505,"No"
78506,"No"
78507,"No"
78508,"Yes"
78509,"No"
78510,"No"
78511,"No"
78512,"No"
78513,"No"
78514,"No"
78515,"Yes"
78516,"Yes"
78517,"No"
78518,"No"
78519,"No"
78520,"No"
78521,"No"
78522,"No"
78523,"No"
78524,"No"
78525,"No"
78526,"No"
78527,"No"
78528,"No"
78529,"No"
78530,"No"
78531,"No"
78532,"No"
78533,"Yes"
78534,"No"
78535,"No"
78536,"Yes"
78537,"Yes"
78538,"No"
78539,"No"
78540,"Yes"
78541,"No"
78542,"No"
78543,"Yes"
78544,"Yes"
78545,"No"
78546,"Yes"
78547,"No"
78548,"Yes"
78549,"Yes"
78550,"No"
78551,"No"
78552,"No"
78553,"No"
78554,"No"
78555,"Yes"
78556,"No"
78557,"No"
78558,"No"
78559,"Yes"
78560,"No"
78561,"Yes"
78562,"Yes"
78563,"No"
78564,"Yes"
78565,"No"
78566,"No"
78567,"Yes"
78568,"Yes"
78569,"No"
78570,"No"
78571,"No"
78572,"Yes"
78573,"Yes"
78574,"Yes"
78575,"No"
78576,"No"
78577,"No"
78578,"No"
78579,"No"
78580,"Yes"
78581,"No"
78582,"No"
78583,"No"
78584,"No"
78585,"Yes"
78586,"Yes"
78587,"Yes"
78588,"Yes"
78589,"Yes"
78590,"No"
78591,"No"
78592,"No"
78593,"Yes"
78594,"No"
78595,"No"
78596,"No"
78597,"No"
78598,"No"
78599,"Yes"
78600,"No"
78601,"No"
78602,"No"
78603,"No"
78604,"No"
78605,"No"
78606,"No"
78607,"No"
78608,"No"
78609,"No"
78610,"Yes"
78611,"Yes"
78612,"No"
78613,"No"
78614,"No"
78615,"Yes"
78616,"Yes"
78617,"No"
78618,"No"
78619,"No"
78620,"No"
78621,"Yes"
78622,"No"
78623,"No"
78624,"Yes"
78625,"No"
78626,"Yes"
78627,"Yes"
78628,"No"
78629,"No"
78630,"Yes"
78631,"No"
78632,"No"
78633,"Yes"
78634,"Yes"
78635,"Yes"
78636,"No"
78637,"No"
78638,"No"
78639,"Yes"
78640,"No"
78641,"Yes"
78642,"No"
78643,"No"
78644,"Yes"
78645,"Yes"
78646,"No"
78647,"Yes"
78648,"No"
78649,"No"
78650,"No"
78651,"No"
78652,"No"
78653,"No"
78654,"Yes"
78655,"Yes"
78656,"Yes"
78657,"Yes"
78658,"Yes"
78659,"No"
78660,"No"
78661,"No"
78662,"No"
78663,"Yes"
78664,"No"
78665,"No"
78666,"No"
78667,"Yes"
78668,"No"
78669,"Yes"
78670,"No"
78671,"No"
78672,"No"
78673,"Yes"
78674,"No"
78675,"No"
78676,"Yes"
78677,"No"
78678,"No"
78679,"Yes"
78680,"No"
78681,"Yes"
78682,"No"
78683,"No"
78684,"No"
78685,"No"
78686,"No"
78687,"Yes"
78688,"No"
78689,"No"
78690,"No"
78691,"No"
78692,"No"
78693,"No"
78694,"No"
78695,"Yes"
78696,"No"
78697,"No"
78698,"No"
78699,"No"
78700,"No"
78701,"No"
78702,"Yes"
78703,"No"
78704,"No"
78705,"Yes"
78706,"Yes"
78707,"Yes"
78708,"No"
78709,"Yes"
78710,"No"
78711,"No"
78712,"No"
78713,"No"
78714,"No"
78715,"No"
78716,"No"
78717,"No"
78718,"Yes"
78719,"No"
78720,"No"
78721,"Yes"
78722,"No"
78723,"No"
78724,"Yes"
78725,"No"
78726,"No"
78727,"No"
78728,"No"
78729,"No"
78730,"No"
78731,"Yes"
78732,"Yes"
78733,"No"
78734,"Yes"
78735,"No"
78736,"No"
78737,"No"
78738,"No"
78739,"Yes"
78740,"No"
78741,"No"
78742,"No"
78743,"No"
78744,"No"
78745,"No"
78746,"Yes"
78747,"No"
78748,"No"
78749,"No"
78750,"No"
78751,"Yes"
78752,"Yes"
78753,"No"
78754,"No"
78755,"No"
78756,"No"
78757,"No"
78758,"No"
78759,"No"
78760,"No"
78761,"No"
78762,"Yes"
78763,"No"
78764,"Yes"
78765,"Yes"
78766,"No"
78767,"Yes"
78768,"Yes"
78769,"No"
78770,"No"
78771,"No"
78772,"No"
78773,"No"
78774,"Yes"
78775,"No"
78776,"Yes"
78777,"No"
78778,"Yes"
78779,"No"
78780,"Yes"
78781,"No"
78782,"Yes"
78783,"Yes"
78784,"No"
78785,"No"
78786,"No"
78787,"No"
78788,"Yes"
78789,"Yes"
78790,"Yes"
78791,"Yes"
78792,"No"
78793,"No"
78794,"Yes"
78795,"No"
78796,"No"
78797,"No"
78798,"No"
78799,"No"
78800,"No"
78801,"Yes"
78802,"No"
78803,"Yes"
78804,"No"
78805,"No"
78806,"No"
78807,"No"
78808,"No"
78809,"No"
78810,"No"
78811,"Yes"
78812,"No"
78813,"Yes"
78814,"No"
78815,"No"
78816,"No"
78817,"No"
78818,"No"
78819,"No"
78820,"No"
78821,"No"
78822,"No"
78823,"Yes"
78824,"No"
78825,"No"
78826,"Yes"
78827,"No"
78828,"Yes"
78829,"No"
78830,"No"
78831,"No"
78832,"Yes"
78833,"No"
78834,"No"
78835,"Yes"
78836,"No"
78837,"Yes"
78838,"No"
78839,"No"
78840,"No"
78841,"No"
78842,"No"
78843,"No"
78844,"No"
78845,"No"
78846,"Yes"
78847,"Yes"
78848,"No"
78849,"No"
78850,"No"
78851,"Yes"
78852,"No"
78853,"Yes"
78854,"Yes"
78855,"No"
78856,"Yes"
78857,"Yes"
78858,"No"
78859,"No"
78860,"Yes"
78861,"No"
78862,"Yes"
78863,"No"
78864,"No"
78865,"Yes"
78866,"No"
78867,"No"
78868,"No"
78869,"No"
78870,"No"
78871,"No"
78872,"No"
78873,"No"
78874,"No"
78875,"Yes"
78876,"No"
78877,"Yes"
78878,"Yes"
78879,"No"
78880,"No"
78881,"No"
78882,"No"
78883,"No"
78884,"No"
78885,"No"
78886,"No"
78887,"Yes"
78888,"No"
78889,"Yes"
78890,"No"
78891,"Yes"
78892,"Yes"
78893,"No"
78894,"Yes"
78895,"Yes"
78896,"No"
78897,"No"
78898,"Yes"
78899,"No"
78900,"No"
78901,"No"
78902,"No"
78903,"No"
78904,"No"
78905,"No"
78906,"Yes"
78907,"No"
78908,"No"
78909,"No"
78910,"No"
78911,"No"
78912,"Yes"
78913,"Yes"
78914,"No"
78915,"No"
78916,"No"
78917,"No"
78918,"No"
78919,"No"
78920,"No"
78921,"No"
78922,"No"
78923,"Yes"
78924,"No"
78925,"Yes"
78926,"No"
78927,"Yes"
78928,"No"
78929,"No"
78930,"No"
78931,"No"
78932,"Yes"
78933,"No"
78934,"No"
78935,"Yes"
78936,"No"
78937,"Yes"
78938,"No"
78939,"No"
78940,"No"
78941,"Yes"
78942,"No"
78943,"No"
78944,"No"
78945,"No"
78946,"Yes"
78947,"No"
78948,"No"
78949,"No"
78950,"Yes"
78951,"No"
78952,"No"
78953,"No"
78954,"No"
78955,"No"
78956,"No"
78957,"No"
78958,"No"
78959,"No"
78960,"No"
78961,"No"
78962,"No"
78963,"Yes"
78964,"No"
78965,"Yes"
78966,"No"
78967,"Yes"
78968,"Yes"
78969,"No"
78970,"No"
78971,"Yes"
78972,"No"
78973,"No"
78974,"No"
78975,"No"
78976,"Yes"
78977,"No"
78978,"Yes"
78979,"No"
78980,"No"
78981,"No"
78982,"Yes"
78983,"Yes"
78984,"Yes"
78985,"No"
78986,"Yes"
78987,"Yes"
78988,"No"
78989,"No"
78990,"No"
78991,"Yes"
78992,"No"
78993,"Yes"
78994,"No"
78995,"No"
78996,"No"
78997,"No"
78998,"No"
78999,"No"
79000,"Yes"
79001,"No"
79002,"No"
79003,"No"
79004,"No"
79005,"No"
79006,"No"
79007,"No"
79008,"No"
79009,"Yes"
79010,"No"
79011,"Yes"
79012,"No"
79013,"No"
79014,"No"
79015,"No"
79016,"No"
79017,"No"
79018,"Yes"
79019,"No"
79020,"Yes"
79021,"Yes"
79022,"No"
79023,"Yes"
79024,"Yes"
79025,"No"
79026,"Yes"
79027,"No"
79028,"No"
79029,"Yes"
79030,"No"
79031,"No"
79032,"No"
79033,"Yes"
79034,"No"
79035,"No"
79036,"Yes"
79037,"Yes"
79038,"No"
79039,"No"
79040,"No"
79041,"No"
79042,"No"
79043,"Yes"
79044,"No"
79045,"No"
79046,"No"
79047,"No"
79048,"Yes"
79049,"No"
79050,"No"
79051,"Yes"
79052,"No"
79053,"No"
79054,"No"
79055,"No"
79056,"Yes"
79057,"No"
79058,"No"
79059,"No"
79060,"Yes"
79061,"Yes"
79062,"Yes"
79063,"No"
79064,"No"
79065,"No"
79066,"Yes"
79067,"No"
79068,"No"
79069,"No"
79070,"Yes"
79071,"No"
79072,"Yes"
79073,"Yes"
79074,"No"
79075,"No"
79076,"No"
79077,"Yes"
79078,"No"
79079,"No"
79080,"No"
79081,"No"
79082,"Yes"
79083,"No"
79084,"No"
79085,"No"
79086,"Yes"
79087,"No"
79088,"No"
79089,"Yes"
79090,"Yes"
79091,"Yes"
79092,"No"
79093,"No"
79094,"No"
79095,"Yes"
79096,"Yes"
79097,"No"
79098,"No"
79099,"No"
79100,"No"
79101,"Yes"
79102,"No"
79103,"Yes"
79104,"No"
79105,"Yes"
79106,"Yes"
79107,"Yes"
79108,"Yes"
79109,"No"
79110,"Yes"
79111,"Yes"
79112,"No"
79113,"Yes"
79114,"No"
79115,"No"
79116,"Yes"
79117,"No"
79118,"No"
79119,"No"
79120,"No"
79121,"No"
79122,"No"
79123,"No"
79124,"Yes"
79125,"No"
79126,"No"
79127,"No"
79128,"Yes"
79129,"No"
79130,"No"
79131,"No"
79132,"No"
79133,"No"
79134,"No"
79135,"Yes"
79136,"No"
79137,"No"
79138,"Yes"
79139,"No"
79140,"No"
79141,"Yes"
79142,"No"
79143,"Yes"
79144,"Yes"
79145,"No"
79146,"No"
79147,"No"
79148,"Yes"
79149,"Yes"
79150,"No"
79151,"No"
79152,"No"
79153,"No"
79154,"Yes"
79155,"No"
79156,"No"
79157,"No"
79158,"No"
79159,"No"
79160,"No"
79161,"Yes"
79162,"No"
79163,"No"
79164,"No"
79165,"No"
79166,"No"
79167,"No"
79168,"No"
79169,"Yes"
79170,"No"
79171,"No"
79172,"Yes"
79173,"No"
79174,"Yes"
79175,"Yes"
79176,"No"
79177,"No"
79178,"No"
79179,"No"
79180,"No"
79181,"No"
79182,"No"
79183,"Yes"
79184,"No"
79185,"No"
79186,"No"
79187,"Yes"
79188,"No"
79189,"No"
79190,"Yes"
79191,"Yes"
79192,"No"
79193,"No"
79194,"No"
79195,"No"
79196,"No"
79197,"Yes"
79198,"No"
79199,"No"
79200,"Yes"
79201,"Yes"
79202,"No"
79203,"Yes"
79204,"Yes"
79205,"Yes"
79206,"No"
79207,"No"
79208,"No"
79209,"No"
79210,"No"
79211,"No"
79212,"No"
79213,"No"
79214,"Yes"
79215,"No"
79216,"No"
79217,"No"
79218,"Yes"
79219,"No"
79220,"No"
79221,"No"
79222,"No"
79223,"No"
79224,"No"
79225,"Yes"
79226,"No"
79227,"No"
79228,"Yes"
79229,"No"
79230,"Yes"
79231,"No"
79232,"No"
79233,"No"
79234,"No"
79235,"No"
79236,"Yes"
79237,"No"
79238,"No"
79239,"No"
79240,"No"
79241,"Yes"
79242,"No"
